published_at,headline,url,domain,language,sourcecountry,source,ingested_at_utc,feature_date,negative_probability,neutral_probability,positive_probability,compound_sentiment,sentiment_label,sentiment_model
2026-04-16 14:45:00+00:00,Bitcoin Miner ETFs : The Shift Beyond Mining,https://www.etftrends.com/thematic-investing-content-hub/bitcoin-miner-etfs-the-shift-beyond-mining/,etftrends.com,English,China,GDELT DOC 2.0,2026-07-31T20:40:28.073020+00:00,2026-04-16 00:00:00+00:00,0.0,1.0,0.0,0.0,neutral,VADER
2026-04-16 15:00:00+00:00,"Bitcoin War Performance Makes It A True Store Of Value , Anthony Pompliano Says",https://www.benzinga.com/crypto/cryptocurrency/26/04/51859060/bitcoins-war-performance-makes-it-a-true-store-of-value-anthony-pompliano-says,benzinga.com,English,United States,GDELT DOC 2.0,2026-07-31T20:40:28.073020+00:00,2026-04-16 00:00:00+00:00,0.194,0.547,0.259,0.0772,positive,VADER
2026-04-16 16:45:00+00:00,"VerifiedX . io : VerifiedX Launches the First Native Bitcoin and VFX Privacy Transactions , Introducing Confidential Financial Infrastructure for Institutions and Everyone",https://www.finanznachrichten.de/nachrichten-2026-04/68220438-verifiedx-io-verifiedx-launches-the-first-native-bitcoin-and-vfx-privacy-transactions-introducing-confidential-financial-infrastructure-for-institut-008.htm,finanznachrichten.de,English,Germany,GDELT DOC 2.0,2026-07-31T20:40:28.073020+00:00,2026-04-16 00:00:00+00:00,0.0,1.0,0.0,0.0,neutral,VADER
2026-04-16 16:45:00+00:00,"Satoshi Nakamoto is one of the richest people in the world , but a proposed update could lock his Bitcoin away forever",https://finance.yahoo.com/markets/crypto/articles/satoshi-nakamoto-one-richest-people-094206581.html,finance.yahoo.com,English,United States,GDELT DOC 2.0,2026-07-31T20:40:28.073020+00:00,2026-04-16 00:00:00+00:00,0.0,0.905,0.095,0.296,positive,VADER
2026-04-16 17:30:00+00:00,Zonda CEO Discloses Bitcoin Wallet Amid Withdrawal Concerns,https://cointelegraph.com/news/zonda-crypto-4500-btc-wallet-inaccessible-withdrawal-crisis,cointelegraph.com,English,China,GDELT DOC 2.0,2026-07-31T20:40:28.073020+00:00,2026-04-16 00:00:00+00:00,0.0,0.864,0.136,0.0258,neutral,VADER
2026-04-16 17:30:00+00:00,Bitcoin Price Prediction : Saylor $1B Buy Targets $150K,https://www.forbes.com/sites/digital-assets/2026/04/16/zero-dilution-saylors-1b-bitcoin-machine-targets-150k/,forbes.com,English,United States,GDELT DOC 2.0,2026-07-31T20:40:28.073020+00:00,2026-04-16 00:00:00+00:00,0.0,1.0,0.0,0.0,neutral,VADER
2026-04-16 17:45:00+00:00,Bitcoin Stocks To Add to Your Watchlist – April 16th,https://www.dailypolitical.com/2026/04/16/bitcoin-stocks-to-add-to-your-watchlist-april-16th.html,dailypolitical.com,English,United States,GDELT DOC 2.0,2026-07-31T20:40:28.073020+00:00,2026-04-16 00:00:00+00:00,0.0,1.0,0.0,0.0,neutral,VADER
2026-04-16 18:30:00+00:00,Strategy Inc $1 Billion BTC Buy Keeps Saylor Bet Alive as MSTR Trades Down 55 %,https://www.foreignpolicyjournal.com/2026/04/16/strategy-incs-1-billion-btc-buy-keeps-saylors-bet-alive-as-mstr-trades-down-55/,foreignpolicyjournal.com,English,Israel,GDELT DOC 2.0,2026-07-31T20:40:28.073020+00:00,2026-04-16 00:00:00+00:00,0.0,0.852,0.148,0.3818,positive,VADER
2026-04-16 19:00:00+00:00,VerifiedX launches Bitcoin privacy layer amid industry push to close institutional privacy gap,https://www.coindesk.com/tech/2026/04/16/verifiedx-brings-privacy-layer-to-bitcoin-as-institutional-demand-for-confidentiality-grows,coindesk.com,English,United States,GDELT DOC 2.0,2026-07-31T20:40:28.073020+00:00,2026-04-16 00:00:00+00:00,0.0,1.0,0.0,0.0,neutral,VADER
2026-04-16 19:00:00+00:00,Bitcoin price news : BTC slides after failing at key resistance levels,https://www.coindesk.com/markets/2026/04/16/bitcoin-slides-back-below-usd74-000-as-breakout-to-higher-levels-fails-again,coindesk.com,English,United States,GDELT DOC 2.0,2026-07-31T20:40:28.073020+00:00,2026-04-16 00:00:00+00:00,0.231,0.769,0.0,-0.5106,negative,VADER
2026-04-16 19:00:00+00:00,Scam callers pose as deputies and demand fines or bail in Bitcoin and gift cards,https://nbc16.com/news/local/scam-callers-pose-as-deputies-and-demand-fines-or-bail-in-bitcoin-and-gift-cards,nbc16.com,English,United States,GDELT DOC 2.0,2026-07-31T20:40:28.073020+00:00,2026-04-16 00:00:00+00:00,0.259,0.597,0.144,-0.3182,negative,VADER
2026-04-16 19:00:00+00:00,Steak n Shake Teases Bitcoin Milkshake For Bitcoin Conference 2026,https://bitcoinmagazine.com/news/steak-n-shake-teases-bitcoin-milkshake-for-bitcoin-conference-2026,bitcoinmagazine.com,English,United States,GDELT DOC 2.0,2026-07-31T20:40:28.073020+00:00,2026-04-16 00:00:00+00:00,0.328,0.672,0.0,-0.4404,negative,VADER
2026-04-16 19:00:00+00:00,Cardano Hoskinson says Bitcoin quantum fix cant save Satoshi Nakamoto BTC,https://www.coindesk.com/tech/2026/04/16/cardano-s-hoskinson-says-bitcoin-s-quantum-fix-is-a-hard-fork-that-can-t-save-satoshi-s-coins,coindesk.com,English,United States,GDELT DOC 2.0,2026-07-31T20:40:28.073020+00:00,2026-04-16 00:00:00+00:00,0.208,0.792,0.0,-0.3875,negative,VADER
2026-04-16 19:00:00+00:00,Tennessee Senate Committee To Weigh State Bitcoin Reserve Next Week,https://bitcoinmagazine.com/news/tennessee-senate-committee-bitcoin-reserve,bitcoinmagazine.com,English,United States,GDELT DOC 2.0,2026-07-31T20:40:28.073020+00:00,2026-04-16 00:00:00+00:00,0.0,1.0,0.0,0.0,neutral,VADER
2026-04-16 19:15:00+00:00,MARA Rises 6 %: Bitcoin Miner Turned AI Infrastructure Play Has the Market Divided and Buzzing,https://247wallst.com/investing/2026/04/16/mara-rises-6-bitcoin-miner-turned-ai-infrastructure-play-has-the-market-divided-and-buzzing/,247wallst.com,English,United States,GDELT DOC 2.0,2026-07-31T20:40:28.073020+00:00,2026-04-16 00:00:00+00:00,0.0,0.862,0.138,0.34,positive,VADER
2026-04-16 19:15:00+00:00,BTC Hit $76K Yesterday Then Got Slammed by $2 . 8B Tax Selling as,https://www.openpr.com/news/4475384/btc-hit-76k-yesterday-then-got-slammed-by-2-8b-tax-selling-as,openpr.com,English,United States,GDELT DOC 2.0,2026-07-31T20:40:28.073020+00:00,2026-04-16 00:00:00+00:00,0.0,1.0,0.0,0.0,neutral,VADER
2026-04-16 19:30:00+00:00,Kontor Protocol Brings Permanent File Storage to Bitcoin NFTs,https://www.itnewsonline.com/GlobeNewswire/Kontor-Protocol-Brings-Permanent-File-Storage-to-Bitcoin-NFTs/120108,itnewsonline.com,English,United States,GDELT DOC 2.0,2026-07-31T20:40:28.073020+00:00,2026-04-16 00:00:00+00:00,0.0,1.0,0.0,0.0,neutral,VADER
2026-04-16 19:45:00+00:00,Curaçao Chronicle | Bitcoin Pulls Back After Rally as Markets Weigh Global Risks,https://www.curacaochronicle.com/post/unknown/bitcoin-pulls-back-after-rally-as-markets-weigh-global-risks,curacaochronicle.com,English,Venezuela,GDELT DOC 2.0,2026-07-31T20:40:28.073020+00:00,2026-04-16 00:00:00+00:00,0.149,0.851,0.0,-0.2732,negative,VADER
2026-04-16 19:45:00+00:00,Kontor Protocol Brings Permanent File Storage to Bitcoin NFTs,https://www.manilatimes.net/2026/04/17/tmt-newswire/globenewswire/kontor-protocol-brings-permanent-file-storage-to-bitcoin-nfts/2322341,manilatimes.net,English,Philippines,GDELT DOC 2.0,2026-07-31T20:40:28.073020+00:00,2026-04-16 00:00:00+00:00,0.0,1.0,0.0,0.0,neutral,VADER
2026-04-16 19:45:00+00:00,"Adding bitcoin alongside gold to your portfolio juiced returns and didnt raise risk , study shows",https://www.cnbc.com/2026/04/16/adding-bitcoin-alongside-gold-to-your-portfolio-juiced-returns-and-didnt-raise-risk-study-shows.html,cnbc.com,English,United States,GDELT DOC 2.0,2026-07-31T20:40:28.073020+00:00,2026-04-16 00:00:00+00:00,0.0,0.892,0.108,0.2057,positive,VADER
2026-04-16 20:30:00+00:00,Crypto News : Pepeto Presale Update Update While Bitcoin Price Prediction Reaches $21 Million,https://www.manilatimes.net/2026/04/17/tmt-newswire/globenewswire/crypto-news-pepeto-presale-update-update-while-bitcoin-price-prediction-reaches-21-million/2322356,manilatimes.net,English,Philippines,GDELT DOC 2.0,2026-07-31T20:40:28.073020+00:00,2026-04-16 00:00:00+00:00,0.0,0.915,0.085,0.0516,positive,VADER
2026-04-16 20:45:00+00:00,Bitcoin Treasury Corporation : Bitcoin Treasury Corporation Reports Q4 2025 Financial Results,https://www.finanznachrichten.de/nachrichten-2026-04/68221806-bitcoin-treasury-corporation-bitcoin-treasury-corporation-reports-q4-2025-financial-results-296.htm,finanznachrichten.de,English,Germany,GDELT DOC 2.0,2026-07-31T20:40:28.073020+00:00,2026-04-16 00:00:00+00:00,0.0,0.735,0.265,0.3818,positive,VADER
2026-04-16 20:45:00+00:00,Bitcoin Rally Faces First Test At $76K As Sellers Step In : Analysts,https://www.newsbtc.com/news/bitcoin/bitcoin-rally-faces-first-test-at-76k-as-sellers-step-in-analysts/,newsbtc.com,English,United States,GDELT DOC 2.0,2026-07-31T20:40:28.073020+00:00,2026-04-16 00:00:00+00:00,0.0,1.0,0.0,0.0,neutral,VADER
2026-04-16 20:45:00+00:00,"Why Did The Bitcoin Price Rally Past $75 , 000 Despite The US - Iran War ?",https://www.newsbtc.com/news/bitcoin/why-bitcoin-rally-past-75000/,newsbtc.com,English,United States,GDELT DOC 2.0,2026-07-31T20:40:28.073020+00:00,2026-04-16 00:00:00+00:00,0.196,0.804,0.0,-0.5994,negative,VADER
2026-04-16 20:45:00+00:00,Goldman Sachs Files for a Bitcoin Income ETF : What It Means for Retail Investors,https://finance.yahoo.com/news/goldman-sachs-files-bitcoin-income-120008711.html,finance.yahoo.com,English,United States,GDELT DOC 2.0,2026-07-31T20:40:28.073020+00:00,2026-04-16 00:00:00+00:00,0.0,1.0,0.0,0.0,neutral,VADER
2026-04-16 20:45:00+00:00,G . Love Loses His Retirement Fund in Alleged Bitcoin Scam,https://www.billboard.com/music/music-news/g-love-loses-retirement-fund-bitcoin-scam-1236224422/,billboard.com,English,United States,GDELT DOC 2.0,2026-07-31T20:40:28.073020+00:00,2026-04-16 00:00:00+00:00,0.33,0.44,0.231,-0.2023,negative,VADER
2026-04-16 20:45:00+00:00,"Could Bitcoin Hit $90 , 000 And Trigger A New Altcoin Rally ? Expert Cites 6 Major Catalysts",https://www.newsbtc.com/breaking-news-ticker/could-bitcoin-hit-90000-and-trigger-a-new-altcoin-rally-expert-cites-6-major-catalysts/,newsbtc.com,English,United States,GDELT DOC 2.0,2026-07-31T20:40:28.073020+00:00,2026-04-16 00:00:00+00:00,0.0,1.0,0.0,0.0,neutral,VADER
2026-04-16 20:45:00+00:00,"Bitcoin , Ethereum Face Resistance While XRP , Dogecoin Show Strength - Grayscale Bitcoin Mini Trust ( BTC )",https://www.benzinga.com/crypto/cryptocurrency/26/04/51871150/bitcoin-ethereum-face-resistance-while-xrp-dogecoin-show-strength,benzinga.com,English,United States,GDELT DOC 2.0,2026-07-31T20:40:28.073020+00:00,2026-04-16 00:00:00+00:00,0.0,0.723,0.277,0.7579,positive,VADER
2026-04-16 22:00:00+00:00,Bitcoin Greatest Mystery - Worldnews . com,https://article.wn.com/view/2026/04/16/Bitcoin_s_Greatest_Mystery/,article.wn.com,English,United States,GDELT DOC 2.0,2026-07-31T20:40:28.073020+00:00,2026-04-16 00:00:00+00:00,0.0,0.588,0.412,0.6369,positive,VADER
2026-04-16 22:15:00+00:00,Bitcoin to soar ? Billionaire Tim Draper makes eye - popping 18 - month prediction,https://www.chinatechnews.com/2026/04/17/119949-bitcoin-to-soar-billionaire-tim-draper-makes-eye-popping-18-month-prediction,chinatechnews.com,English,China,GDELT DOC 2.0,2026-07-31T20:40:28.073020+00:00,2026-04-16 00:00:00+00:00,0.0,1.0,0.0,0.0,neutral,VADER
2026-04-16 22:30:00+00:00,Major Bitcoin Mining Companies Sold More BTC in Q1 2026 Than All of 2025,https://cointelegraph.com/news/publicly-mining-sold-btc-q1-2026-all-2025,cointelegraph.com,English,China,GDELT DOC 2.0,2026-07-31T20:40:28.073020+00:00,2026-04-16 00:00:00+00:00,0.0,1.0,0.0,0.0,neutral,VADER
2026-04-16 22:30:00+00:00,Charles Schwab Launches Spot Bitcoin and Ether Trading for Retail Investors,https://cointelegraph.com/news/charles-schwab-to-roll-out-spot-bitcoin-ether-trading-for-retail-clients,cointelegraph.com,English,China,GDELT DOC 2.0,2026-07-31T20:40:28.073020+00:00,2026-04-16 00:00:00+00:00,0.0,1.0,0.0,0.0,neutral,VADER
2026-04-16 22:30:00+00:00,"Hollywood First Big Budget AI - Generated Movie Is About Bitcoin , of Course",https://gizmodo.com/hollywoods-first-big-budget-ai-generated-movie-is-about-bitcoin-of-course-2000747573,gizmodo.com,English,United States,GDELT DOC 2.0,2026-07-31T20:40:28.073020+00:00,2026-04-16 00:00:00+00:00,0.0,1.0,0.0,0.0,neutral,VADER
2026-04-16 22:30:00+00:00,"Bitcoin bull market call looks premature as capital keeps leaving , even with $90K chart setup in play",https://bravenewcoin.com/insights/bitcoin-bull-market-call-looks-premature-as-capital-keeps-leaving-even-with-90k-chart-setup-in-play,bravenewcoin.com,English,United States,GDELT DOC 2.0,2026-07-31T20:40:28.073020+00:00,2026-04-16 00:00:00+00:00,0.0,0.876,0.124,0.34,positive,VADER
2026-04-16 22:45:00+00:00,Bitcoin Treasury Corporation Reports Q4 2025 Financial Results,https://www.cantechletter.com/newswires/bitcoin-treasury-corporation-reports-q4-2025-financial-results/,cantechletter.com,English,Canada,GDELT DOC 2.0,2026-07-31T20:40:28.073020+00:00,2026-04-16 00:00:00+00:00,0.0,0.795,0.205,0.2023,positive,VADER
2026-04-16 23:15:00+00:00,Crypto News : Pepeto Presale Stages Update While Meme Coins Prepare to Follow Bitcoin Price Surge Into the Next Bull Run,https://www.manilatimes.net/2026/04/17/tmt-newswire/globenewswire/crypto-news-pepeto-presale-stages-update-while-meme-coins-prepare-to-follow-bitcoin-price-surge-into-the-next-bull-run/2322456,manilatimes.net,English,Philippines,GDELT DOC 2.0,2026-07-31T20:40:28.073020+00:00,2026-04-17 00:00:00+00:00,0.0,1.0,0.0,0.0,neutral,VADER
2026-04-16 23:45:00+00:00,Czech National Bank Governor Will Soon Speak On Why Theyre Diversifying Their Reserves With Bitcoin,https://bitcoinmagazine.com/conference/czech-national-bank-governor-will-soon-speak-on-why-theyre-diversifying-their-reserves-with-bitcoin,bitcoinmagazine.com,English,United States,GDELT DOC 2.0,2026-07-31T20:40:28.073020+00:00,2026-04-17 00:00:00+00:00,0.0,1.0,0.0,0.0,neutral,VADER
2026-04-16 23:45:00+00:00,Citi Says Mixing Bitcoin With Gold Can Boost Your Portfolio Performance,https://bitcoinmagazine.com/news/citi-says-mixing-bitcoin-with-gold-boost,bitcoinmagazine.com,English,United States,GDELT DOC 2.0,2026-07-31T20:40:28.073020+00:00,2026-04-17 00:00:00+00:00,0.0,0.787,0.213,0.4019,positive,VADER
2026-04-17 00:30:00+00:00,Bitwise Says Global Conflict Could Expand Bitcoin Market Beyond Gold : Is That Plausible ?,https://finance.yahoo.com/news/bitwise-says-global-conflict-could-120940947.html,finance.yahoo.com,English,United States,GDELT DOC 2.0,2026-07-31T20:40:28.073020+00:00,2026-04-17 00:00:00+00:00,0.131,0.739,0.131,0.0,neutral,VADER
2026-04-17 01:30:00+00:00,"Bitcoin Rally Stalls As 60 , 000 BTC From STHs Hits Exchanges",https://www.newsbtc.com/bitcoin-news/bitcoin-rally-stalls-60000-btc-sths-hits-exchanges/,newsbtc.com,English,United States,GDELT DOC 2.0,2026-07-31T20:40:28.073020+00:00,2026-04-17 00:00:00+00:00,0.0,1.0,0.0,0.0,neutral,VADER
2026-04-17 04:15:00+00:00,"Bitcoin price prediction : Bulls target $125 , 000 as U . S .- Iran peace talks trigger risk - on mood",https://www.coindesk.com/markets/2026/04/17/bitcoin-bulls-target-usd125-000-as-u-s-iran-peace-talks-trigger-risk-on-mood,coindesk.com,English,United States,GDELT DOC 2.0,2026-07-31T20:40:28.073020+00:00,2026-04-17 00:00:00+00:00,0.082,0.781,0.137,0.34,positive,VADER
2026-04-17 05:30:00+00:00,"Bitcoin tops $75 . 4K , slips to $74 . 8K amid easing geopolitical tensions",https://www.moneycontrol.com/news/business/personal-finance/bitcoin-tops-75-4k-slips-to-74-8k-amid-easing-geopolitical-tensions-13891580.html,moneycontrol.com,English,India,GDELT DOC 2.0,2026-07-31T20:40:28.073020+00:00,2026-04-17 00:00:00+00:00,0.135,0.6,0.265,0.3818,positive,VADER
2026-04-17 07:00:00+00:00,Bitcoin Fragile Recovery Sets Up a Big Short - Squeeze Risk,https://www.livemint.com/market/bitcoins-fragile-recovery-sets-up-a-big-short-squeeze-risk-11776406654347.html,livemint.com,English,India,GDELT DOC 2.0,2026-07-31T20:40:28.073020+00:00,2026-04-17 00:00:00+00:00,0.174,0.826,0.0,-0.2732,negative,VADER
2026-04-17 08:30:00+00:00,"Bitcoin holds near $74 , 600 , Ethereum steady above $2 , 300 amid volatility ; technicals signal strength",https://economictimes.indiatimes.com/markets/cryptocurrency/crypto-influencers/bitcoin-holds-near-74600-ethereum-steady-above-2300-amid-volatility-technicals-signal-strength/articleshow/130326810.cms,economictimes.indiatimes.com,English,India,GDELT DOC 2.0,2026-07-31T20:40:28.073020+00:00,2026-04-17 00:00:00+00:00,0.0,0.849,0.151,0.4939,positive,VADER
2026-04-17 08:30:00+00:00,"Crypto - Games . io - Your Premier Crypto Casino : Bitcoin , Ethereum & More !",https://crypto-games.io/en/casino?r=RepurposedWebsites_UK&clickId=fx_b122415_a9520a4d8de078fee3bd3633f9b7ae57_1,crypto-games.io,English,,GDELT DOC 2.0,2026-07-31T20:40:28.073020+00:00,2026-04-17 00:00:00+00:00,0.0,1.0,0.0,0.0,neutral,VADER
2026-04-17 11:30:00+00:00,Why Is Crypto Up : Musk Launches Cashtags and BTC Holds $75K While,https://www.openpr.com/news/4476731/why-is-crypto-up-musk-launches-cashtags-and-btc-holds-75k-while,openpr.com,English,United States,GDELT DOC 2.0,2026-07-31T20:40:28.073020+00:00,2026-04-17 00:00:00+00:00,0.0,1.0,0.0,0.0,neutral,VADER
2026-04-17 12:00:00+00:00,Matador Technologies Inc .: Matador Technologies Acquires 2 Bitcoin Using ATM Program Proceeds and Deploys Holdings into Yield Generation Strategy with Galaxy,https://www.finanznachrichten.de/nachrichten-2026-04/68228606-matador-technologies-inc-matador-technologies-acquires-2-bitcoin-using-atm-program-proceeds-and-deploys-holdings-into-yield-generation-strategy-with-200.htm,finanznachrichten.de,English,Germany,GDELT DOC 2.0,2026-07-31T20:40:28.073020+00:00,2026-04-17 00:00:00+00:00,0.0,1.0,0.0,0.0,neutral,VADER
2026-04-17 13:15:00+00:00,Bitcoin is Gathering Momentum Around $75K,https://www.actionforex.com/contributors/fundamental-analysis/637310-bitcoin-is-gathering-momentum-around-75k/,actionforex.com,English,United Kingdom,GDELT DOC 2.0,2026-07-31T20:40:28.073020+00:00,2026-04-17 00:00:00+00:00,0.0,1.0,0.0,0.0,neutral,VADER
2026-04-17 13:45:00+00:00,"Bitcoin battles $76 , 000 resistance as traders clash over potential breakout : Crypto Markets Today",https://www.coindesk.com/markets/2026/04/17/bitcoin-stalls-below-usd76-000-as-sell-wall-caps-rally-despite-rising-derivatives-activity,coindesk.com,English,United States,GDELT DOC 2.0,2026-07-31T20:40:28.073020+00:00,2026-04-17 00:00:00+00:00,0.148,0.852,0.0,-0.3818,negative,VADER
2026-04-17 13:45:00+00:00,US attorney accused of blocking Gold Star familie Iran Bitcoin case,https://www.foxnews.com/opinion/sen-tim-sheehy-gold-star-families-deserve-justice-15b-iran-start,foxnews.com,English,United States,GDELT DOC 2.0,2026-07-31T20:40:28.073020+00:00,2026-04-17 00:00:00+00:00,0.348,0.652,0.0,-0.5859,negative,VADER
2026-04-17 13:45:00+00:00,Matador Technologies Acquires 2 Bitcoin Using ATM Program Proceeds and Deploys Holdings into Yield Generation Strategy with Galaxy,http://www.hawaiitelegraph.com/news/278993191/matador-technologies-acquires-2-bitcoin-using-atm-program-proceeds-and-deploys-holdings-into-yield-generation-strategy-with-galaxy,hawaiitelegraph.com,English,United States,GDELT DOC 2.0,2026-07-31T20:40:28.073020+00:00,2026-04-17 00:00:00+00:00,0.0,1.0,0.0,0.0,neutral,VADER
2026-04-17 14:00:00+00:00,Matador Technologies Acquires 2 Bitcoin Using ATM Program Proceeds and Deploys Holdings into Yield Generation Strategy with Galaxy,http://www.newjerseytelegraph.com/news/278993191/matador-technologies-acquires-2-bitcoin-using-atm-program-proceeds-and-deploys-holdings-into-yield-generation-strategy-with-galaxy,newjerseytelegraph.com,English,United States,GDELT DOC 2.0,2026-07-31T20:40:28.073020+00:00,2026-04-17 00:00:00+00:00,0.0,1.0,0.0,0.0,neutral,VADER
2026-04-17 15:45:00+00:00,"Bitcoin Hits $78 , 000 As 46 Days Of Short Positions Face Potential Short Squeeze",https://www.benzinga.com/crypto/cryptocurrency/26/04/51887693/bitcoin-hits-78000-as-46-days-of-short-positions-face-potential-short-squeeze,benzinga.com,English,United States,GDELT DOC 2.0,2026-07-31T20:40:28.073020+00:00,2026-04-17 00:00:00+00:00,0.0,1.0,0.0,0.0,neutral,VADER
2026-04-17 16:00:00+00:00,Bitcoin Rally Faces Short - Squeeze Risk as Bearish Bets Persist in Futures Market,https://www.bloomberg.com:443/news/articles/2026-04-16/bitcoin-s-fragile-recovery-sets-up-a-big-short-squeeze-risk,bloomberg.com,English,United States,GDELT DOC 2.0,2026-07-31T20:40:28.073020+00:00,2026-04-17 00:00:00+00:00,0.139,0.861,0.0,-0.2732,negative,VADER
2026-04-17 16:00:00+00:00,Btc Price and a 3 - Way Fed Clash : Yellen Banana Republic Warning Raises the Stakes,https://www.el-balad.com/16915770,el-balad.com,English,Egypt,GDELT DOC 2.0,2026-07-31T20:40:28.073020+00:00,2026-04-17 00:00:00+00:00,0.13,0.87,0.0,-0.34,negative,VADER
2026-04-17 16:00:00+00:00,"Crypto Markets Rally as Middle East Tensions Ease , Bitcoin Leads Gains",https://www.bloomberg.com:443/news/articles/2026-04-17/bitcoin-climbs-to-two-month-high-amid-middle-east-deal-optimism,bloomberg.com,English,United States,GDELT DOC 2.0,2026-07-31T20:40:28.073020+00:00,2026-04-17 00:00:00+00:00,0.163,0.542,0.295,0.296,positive,VADER
2026-04-17 17:00:00+00:00,Bitcoin Tops $76K as Iran Declares Strait of Hormuz Open,https://cointelegraph.com/news/bitcoin-rallies-76k-iran-strait-of-hormuz-open,cointelegraph.com,English,China,GDELT DOC 2.0,2026-07-31T20:40:28.073020+00:00,2026-04-17 00:00:00+00:00,0.0,0.732,0.268,0.5106,positive,VADER
2026-04-17 17:00:00+00:00,Bitcoin Trend Reversal May Confirm If BTC Closes Above $76K,https://cointelegraph.com/markets/price-predictions-4-15-btc-eth-xrp-bnb-sol-doge-hype-ada-bch-link,cointelegraph.com,English,China,GDELT DOC 2.0,2026-07-31T20:40:28.073020+00:00,2026-04-17 00:00:00+00:00,0.0,1.0,0.0,0.0,neutral,VADER
2026-04-17 17:00:00+00:00,Record Stocks Highs And Cooling Volatility Spark $88K Bitcoin Price Target,https://cointelegraph.com/markets/bitcoin-price-quietly-sets-new-10-week-high-as-trader-sees-88k-in-weeks,cointelegraph.com,English,China,GDELT DOC 2.0,2026-07-31T20:40:28.073020+00:00,2026-04-17 00:00:00+00:00,0.0,0.84,0.16,0.2263,positive,VADER
2026-04-17 17:30:00+00:00,"Arthur Hayes Says BTC Is In A No - Trade Zone , But Watch These 3 Scenarios",https://finance.yahoo.com/markets/crypto/articles/arthur-hayes-says-btc-no-163110819.html,finance.yahoo.com,English,United States,GDELT DOC 2.0,2026-07-31T20:40:28.073020+00:00,2026-04-17 00:00:00+00:00,0.091,0.909,0.0,-0.1531,negative,VADER
2026-04-17 18:00:00+00:00,Bitcoin Breaks Two - Month High After Iran Reopens Strait Of Hormuz,https://www.forbes.com/sites/aliciapark/2026/04/17/crypto-stocks-rally-as-bitcoin-breaks-two-month-high-after-iran-reopens-strait/,forbes.com,English,United States,GDELT DOC 2.0,2026-07-31T20:40:28.073020+00:00,2026-04-17 00:00:00+00:00,0.0,1.0,0.0,0.0,neutral,VADER
2026-04-17 18:00:00+00:00,Bitwise Trendwise BTC / ETH and Treasuries Rotation Strategy ETF ( NYSEARCA : BTOP ) Sees Significant Increase in Short Interest,https://www.themarketsdaily.com/2026/04/17/bitwise-trendwise-btc-eth-and-treasuries-rotation-strategy-etf-nysearcabtop-sees-significant-increase-in-short-interest.html,themarketsdaily.com,English,United States,GDELT DOC 2.0,2026-07-31T20:40:28.073020+00:00,2026-04-17 00:00:00+00:00,0.0,0.654,0.346,0.7906,positive,VADER
2026-04-17 18:00:00+00:00,"Who is Satoshi Nakamoto , Bitcoin mystery creator ?",https://moneyweek.com/people/who-is-bitcoin-inentor-satoshi-nakamoto,moneyweek.com,English,United Kingdom,GDELT DOC 2.0,2026-07-31T20:40:28.073020+00:00,2026-04-17 00:00:00+00:00,0.0,1.0,0.0,0.0,neutral,VADER
2026-04-17 18:00:00+00:00,Bitcoin Price Prediction : Banks Push BTC Toward $189K,https://www.forbes.com/sites/digital-assets/2026/04/17/banks-are-coming-wall-street-bitcoin-rush-targets-189k/,forbes.com,English,United States,GDELT DOC 2.0,2026-07-31T20:40:28.073020+00:00,2026-04-17 00:00:00+00:00,0.0,1.0,0.0,0.0,neutral,VADER
2026-04-17 18:00:00+00:00,Ripple ( XRP ) Leads Weekly Crypto Gains as Altcoins Outperform Bitcoin,https://finance.yahoo.com/markets/crypto/articles/ripple-xrp-leads-weekly-crypto-171401862.html,finance.yahoo.com,English,United States,GDELT DOC 2.0,2026-07-31T20:40:28.073020+00:00,2026-04-17 00:00:00+00:00,0.0,0.821,0.179,0.34,positive,VADER
2026-04-17 18:30:00+00:00,Michael Saylor MSTR bitcoin ( BTC ) holdings are back in profit,https://www.coindesk.com/markets/2026/04/17/strategy-back-in-profit-as-bitcoin-hits-two-and-a-half-month-high-above-usd76-300,coindesk.com,English,United States,GDELT DOC 2.0,2026-07-31T20:40:28.073020+00:00,2026-04-17 00:00:00+00:00,0.0,0.791,0.209,0.4404,positive,VADER
2026-04-17 18:30:00+00:00,"BTC , ETH , SOL price news : crypto stocks surge 10 %- 20 % as bitcoin hits $78K on Iran talks",https://www.coindesk.com/markets/2026/04/17/beaten-down-digital-asset-treasury-names-lead-crypto-stock-surge-as-bitcoin-hits-usd78-000,coindesk.com,English,United States,GDELT DOC 2.0,2026-07-31T20:40:28.073020+00:00,2026-04-17 00:00:00+00:00,0.0,1.0,0.0,0.0,neutral,VADER
2026-04-17 18:30:00+00:00,"Baystreet . ca - Bitcoin Is Steady At $75 , 000 As Iran Ceasefire Holds",http://baystreet.ca/cryptonews/1286/Bitcoin-Is-Steady-At-75000-As-Iran-Ceasefire-Holds,baystreet.ca,English,Canada,GDELT DOC 2.0,2026-07-31T20:40:28.073020+00:00,2026-04-17 00:00:00+00:00,0.0,1.0,0.0,0.0,neutral,VADER
2026-04-17 18:45:00+00:00,"Bitcoin and ethereum price today , Thursday , April 16 , 2026 : Prices hold amid profit - taking and cautious outlook",https://finance.yahoo.com/personal-finance/investing/article/bitcoin-and-ethereum-price-today-thursday-april-16-2026-prices-hold-amid-profit-taking-and-cautious-outlook-111641743.html,finance.yahoo.com,English,United States,GDELT DOC 2.0,2026-07-31T20:40:28.073020+00:00,2026-04-17 00:00:00+00:00,0.058,0.823,0.119,0.3612,positive,VADER
2026-04-17 19:00:00+00:00,"Trump issues ultimatum to Fed chair as Bitcoin trembles at $75 , 000 . Ill have to fire him",https://finance.yahoo.com/markets/crypto/articles/trump-issues-ultimatum-fed-chair-085112416.html,finance.yahoo.com,English,United States,GDELT DOC 2.0,2026-07-31T20:40:28.073020+00:00,2026-04-17 00:00:00+00:00,0.283,0.717,0.0,-0.6486,negative,VADER
2026-04-17 19:00:00+00:00,"This Is What $1 , 000 Invested in Bitcoin During Its Last Bear Market Is Worth Today",https://finance.yahoo.com/markets/crypto/articles/1-000-invested-bitcoin-during-085000346.html,finance.yahoo.com,English,United States,GDELT DOC 2.0,2026-07-31T20:40:28.073020+00:00,2026-04-17 00:00:00+00:00,0.0,0.894,0.106,0.2263,positive,VADER
2026-04-17 19:00:00+00:00,Film Review : Self Custody Indie Film About Bitcoin On Amazon Prime,https://bitcoinmagazine.com/culture/film-review-self-custody-indie-film-about-bitcoin-on-amazon-prime,bitcoinmagazine.com,English,United States,GDELT DOC 2.0,2026-07-31T20:40:28.073020+00:00,2026-04-17 00:00:00+00:00,0.0,0.866,0.134,0.1779,positive,VADER
2026-04-17 19:00:00+00:00,"Bitcoin escapes $75K cage , taps $78K here what bulls see next",https://seekingalpha.com/news/4576208-bitcoin-escapes-75k-cage-taps-78kheres-what-bulls-see-next,seekingalpha.com,English,United States,GDELT DOC 2.0,2026-07-31T20:40:28.073020+00:00,2026-04-17 00:00:00+00:00,0.0,0.88,0.12,0.128,positive,VADER
2026-04-17 19:00:00+00:00,"Congresswoman Sheri Biggs Discloses Up To $250 , 000 BTC Investment Via IShares Bitcoin ETF",https://bitcoinmagazine.com/news/sheri-biggs-discloses-250000-bitcoin,bitcoinmagazine.com,English,United States,GDELT DOC 2.0,2026-07-31T20:40:28.073020+00:00,2026-04-17 00:00:00+00:00,0.0,1.0,0.0,0.0,neutral,VADER
2026-04-17 19:00:00+00:00,Bitcoin Mining vs AI Trading Bots : AriseAlpha Launches Free Automated Crypto and Stock Trading Platform ( 2026 ),https://www.manilatimes.net/2026/04/18/tmt-newswire/globenewswire/bitcoin-mining-vs-ai-trading-bots-arisealpha-launches-free-automated-crypto-and-stock-trading-platform-2026/2323013,manilatimes.net,English,Philippines,GDELT DOC 2.0,2026-07-31T20:40:28.073020+00:00,2026-04-17 00:00:00+00:00,0.0,0.845,0.155,0.5106,positive,VADER
2026-04-17 19:00:00+00:00,Charles Schwab To Launch Spot Bitcoin Trading For Retail Clients,https://www.zerohedge.com/crypto/charles-schwab-launch-spot-bitcoin-trading-retail-clients,zerohedge.com,English,United States,GDELT DOC 2.0,2026-07-31T20:40:28.073020+00:00,2026-04-17 00:00:00+00:00,0.0,1.0,0.0,0.0,neutral,VADER
2026-04-17 19:00:00+00:00,Strategy ( MSTR ) Jumps Over 12 % As Bitcoin Pumps Past $77k,https://bitcoinmagazine.com/markets/strategy-mstr-jumps-over-12-bitcoin-mstr,bitcoinmagazine.com,English,United States,GDELT DOC 2.0,2026-07-31T20:40:28.073020+00:00,2026-04-17 00:00:00+00:00,0.0,1.0,0.0,0.0,neutral,VADER
2026-04-17 19:30:00+00:00,"Bitcoin Surges To $77 , 000 As Market Flips To Greed On Ethereum , XRP , Dogecoin Jumping 3 %",https://www.benzinga.com/crypto/cryptocurrency/26/04/51896091/bitcoin-surges-to-77000-as-market-flips-to-greed-on-ethereum-xrp-dogecoin-jumping-3,benzinga.com,English,United States,GDELT DOC 2.0,2026-07-31T20:40:28.073020+00:00,2026-04-17 00:00:00+00:00,0.124,0.876,0.0,-0.4019,negative,VADER
2026-04-17 19:45:00+00:00,Bitcoin ( BTC USD ) and gold performance during war : Bitcoin ( BTC USD ) or gold : Which safe haven asset did traders choose during the US - Iran conflict ?,https://economictimes.indiatimes.com/news/international/us/bitcoin-btc-usd-or-gold-which-safe-haven-asset-did-traders-choose-during-the-us-iran-conflict/articleshow/130341904.cms,economictimes.indiatimes.com,English,India,GDELT DOC 2.0,2026-07-31T20:40:28.073020+00:00,2026-04-17 00:00:00+00:00,0.153,0.714,0.133,-0.2023,negative,VADER
2026-04-17 19:45:00+00:00,Attorney General Dana Nessel warns of Bitcoin ATM scams,https://www.wnem.com/2026/04/17/attorney-general-dana-nessel-warns-bitcoin-atm-scams/,wnem.com,English,United States,GDELT DOC 2.0,2026-07-31T20:40:28.073020+00:00,2026-04-17 00:00:00+00:00,0.426,0.574,0.0,-0.6369,negative,VADER
2026-04-17 20:15:00+00:00,U . S . Government Begins Return of Bitfinex Hack Bitcoin,https://techstory.in/closing-the-circle-u-s-government-begins-return-of-bitfinex-hack-bitcoin/,techstory.in,English,India,GDELT DOC 2.0,2026-07-31T20:40:28.073020+00:00,2026-04-17 00:00:00+00:00,0.0,1.0,0.0,0.0,neutral,VADER
2026-04-17 20:15:00+00:00,Bitcoin Surges Past $77K as Strait of Hormuz Reopens,https://techstory.in/bitcoin-surges-past-77k-as-strait-of-hormuz-reopens/,techstory.in,English,India,GDELT DOC 2.0,2026-07-31T20:40:28.073020+00:00,2026-04-17 00:00:00+00:00,0.0,1.0,0.0,0.0,neutral,VADER
2026-04-17 20:45:00+00:00,Bitwise Research Shows How Much Loss Your Bitcoin Incurs Depending On How Long You Hold,https://www.newsbtc.com/news/bitcoin/bitwise-research-bitcoin-loss/,newsbtc.com,English,United States,GDELT DOC 2.0,2026-07-31T20:40:28.073020+00:00,2026-04-17 00:00:00+00:00,0.141,0.859,0.0,-0.3182,negative,VADER
2026-04-17 20:45:00+00:00,"13 Years Of Data Says Bitcoin Price Has Not Bottomed Yet , Analyst Explains The Trend",https://www.newsbtc.com/bitcoin-news/bitcoin-has-not-bottomed-yet/,newsbtc.com,English,United States,GDELT DOC 2.0,2026-07-31T20:40:28.073020+00:00,2026-04-17 00:00:00+00:00,0.0,1.0,0.0,0.0,neutral,VADER
2026-04-17 21:30:00+00:00,Congresswoman Bought Bitcoin Dip In March : Here How Much Her Trade Was - iShares Bitcoin Trust ( NASDAQ :,https://www.benzinga.com/news/politics/26/04/51899611/congresswoman-bought-bitcoin-dip-in-march-heres-how-much-her-trade-was,benzinga.com,English,United States,GDELT DOC 2.0,2026-07-31T20:40:28.073020+00:00,2026-04-17 00:00:00+00:00,0.0,0.852,0.148,0.5106,positive,VADER
2026-04-17 22:00:00+00:00,Bitcoin Liquidates $660M In Shorts As BTC Price Rallied Past $78K,https://cointelegraph.com/markets/crypto-liquidations-hit-820m-as-bitcoin-price-taps-78k,cointelegraph.com,English,China,GDELT DOC 2.0,2026-07-31T20:40:28.073020+00:00,2026-04-17 00:00:00+00:00,0.0,1.0,0.0,0.0,neutral,VADER
2026-04-17 22:15:00+00:00,Charles Schwab To Launch Bitcoin And Ethereum Trading,https://finance.yahoo.com/markets/crypto/articles/charles-schwab-launch-bitcoin-ethereum-144200988.html,finance.yahoo.com,English,United States,GDELT DOC 2.0,2026-07-31T20:40:28.073020+00:00,2026-04-17 00:00:00+00:00,0.0,1.0,0.0,0.0,neutral,VADER
2026-04-17 22:45:00+00:00,GraniteShares YieldBOOST Bitcoin ETF ( NASDAQ : XBTY ) Announces Dividend of $0 . 14,https://www.themarketsdaily.com/2026/04/17/graniteshares-yieldboost-bitcoin-etf-nasdaqxbty-announces-dividend-of-0-14.html,themarketsdaily.com,English,United States,GDELT DOC 2.0,2026-07-31T20:40:28.073020+00:00,2026-04-17 00:00:00+00:00,0.0,1.0,0.0,0.0,neutral,VADER
2026-04-17 23:00:00+00:00,"Ryan Kirkley : From Oil To Bitcoin , Markets Shift With Strait Of Hormuz News",https://www.rferl.org/a/iran-war-hormuz-oil-bitcoin-economy-markets/33734697.html,rferl.org,English,Russia,GDELT DOC 2.0,2026-07-31T20:40:28.073020+00:00,2026-04-18 00:00:00+00:00,0.0,1.0,0.0,0.0,neutral,VADER
2026-04-17 23:15:00+00:00,When Quantum Computers Come For Your Bitcoin : What Classical Property Law Says Happens Next,https://bitcoinmagazine.com/legal/when-quantum-computers-come-for-your-bitcoin-what-classical-property-law-says-happens-next,bitcoinmagazine.com,English,United States,GDELT DOC 2.0,2026-07-31T20:40:28.073020+00:00,2026-04-18 00:00:00+00:00,0.0,1.0,0.0,0.0,neutral,VADER
2026-04-18 00:00:00+00:00,Why Bitcoin Made a Breakthrough on Friday,https://www.fool.com/investing/2026/04/17/why-bitcoin-made-a-breakthrough-on-friday/?source=iedfolrf0000001,fool.com,English,United States,GDELT DOC 2.0,2026-07-31T20:40:28.073020+00:00,2026-04-18 00:00:00+00:00,0.0,1.0,0.0,0.0,neutral,VADER
2026-04-18 00:00:00+00:00,Bitcoin Price Prediction : BTC Faces $77K Wall While Pepeto,https://www.openpr.com/news/4477522/bitcoin-price-prediction-btc-faces-77k-wall-while-pepeto-s,openpr.com,English,United States,GDELT DOC 2.0,2026-07-31T20:40:28.073020+00:00,2026-04-18 00:00:00+00:00,0.0,1.0,0.0,0.0,neutral,VADER
2026-04-18 00:00:00+00:00,Morgan Stanley Bitcoin ETF rakes in $100m as Wall Street follows suit : Excellent number,https://finance.yahoo.com/markets/crypto/articles/morgan-stanley-bitcoin-etf-rakes-163109113.html,finance.yahoo.com,English,United States,GDELT DOC 2.0,2026-07-31T20:40:28.073020+00:00,2026-04-18 00:00:00+00:00,0.0,0.722,0.278,0.6124,positive,VADER
2026-04-30 18:45:00+00:00,"Curaçao Chronicle | Bitcoin holds near $76 , 000 as markets await Fed decision amid oil shock and Middle East tensions",https://www.curacaochronicle.com/post/unknown/bitcoin-holds-near-76000-as-markets-await-fed-decision-amid-oil-shock-and-middle-east-tensions,curacaochronicle.com,English,Venezuela,GDELT DOC 2.0,2026-07-31T20:40:28.073020+00:00,2026-04-30 00:00:00+00:00,0.215,0.729,0.057,-0.5994,negative,VADER
2026-04-30 20:30:00+00:00,"Strait of Hormuz blockade sends oil to $100 , Bitcoin below $76 , 000 as Asian energy crisis deepens – NaturalNews . com",https://www.naturalnews.com/2026-04-30-strait-of-hormuz-blockade-sends-oil-to-100.html,naturalnews.com,English,United States,GDELT DOC 2.0,2026-07-31T20:40:28.073020+00:00,2026-04-30 00:00:00+00:00,0.151,0.772,0.077,-0.4588,negative,VADER
2026-04-30 22:00:00+00:00,Canada AIMCo Makes First Bitcoin Proxy Bet With $219 Million Strategy Inc . ( NASDAQ : MSTR ) Purchase,https://www.foreignpolicyjournal.com/2026/04/30/canadas-aimco-makes-first-bitcoin-proxy-bet-with-219-million-strategy-inc-nasdaq-mstr-purchase/,foreignpolicyjournal.com,English,Israel,GDELT DOC 2.0,2026-07-31T20:40:28.073020+00:00,2026-04-30 00:00:00+00:00,0.0,1.0,0.0,0.0,neutral,VADER
2026-04-30 22:00:00+00:00,Bitcoin Cost Basis Cluster Forms Near $75K Support,https://cointelegraph.com/markets/bitcoins-75k-cost-basis-cluster-emerges-as-key-support-zone-for-cycle,cointelegraph.com,English,China,GDELT DOC 2.0,2026-07-31T20:40:28.073020+00:00,2026-04-30 00:00:00+00:00,0.0,0.722,0.278,0.4019,positive,VADER
2026-04-30 22:00:00+00:00,Stablecoins Surpass Bitcoin in Latin America Crypto Purchases : Bitso Report,https://cointelegraph.com/news/stablecoins-surpass-bitcoin-latin-america-crypto-purchases-bitso-report,cointelegraph.com,English,China,GDELT DOC 2.0,2026-07-31T20:40:28.073020+00:00,2026-04-30 00:00:00+00:00,0.0,1.0,0.0,0.0,neutral,VADER
2026-04-30 22:00:00+00:00,"Bitcoin market cap will hit $16 trillion by 2030 , ARK predicts",https://news.az/news/bitcoin-market-cap-will-hit-16-trillion-by-2030-ark-predicts,news.az,English,Azerbaijan,GDELT DOC 2.0,2026-07-31T20:40:28.073020+00:00,2026-04-30 00:00:00+00:00,0.0,1.0,0.0,0.0,neutral,VADER
2026-04-30 22:00:00+00:00,"Bitcoin Stalls Below $77K As Spot Volumes , Leverage Decline",https://cointelegraph.com/markets/repeat-bitcoin-profit-taking-near-77k-suggests-rally-is-loosing-steam,cointelegraph.com,English,China,GDELT DOC 2.0,2026-07-31T20:40:28.073020+00:00,2026-04-30 00:00:00+00:00,0.0,1.0,0.0,0.0,neutral,VADER
2026-04-30 22:15:00+00:00,Bitcoin Crash Is Coming : Pundit Says It Time To Sell All Your BTC,https://www.newsbtc.com/news/bitcoin/bitcoin-crash-is-coming/,newsbtc.com,English,United States,GDELT DOC 2.0,2026-07-31T20:40:28.073020+00:00,2026-04-30 00:00:00+00:00,0.172,0.828,0.0,-0.4019,negative,VADER
2026-04-30 22:15:00+00:00,Bitcoin Rejection Sparks Caution : Is The Rally Losing Steam ?,https://www.newsbtc.com/news/bitcoin/bitcoin-rally-losing-steam/,newsbtc.com,English,United States,GDELT DOC 2.0,2026-07-31T20:40:28.073020+00:00,2026-04-30 00:00:00+00:00,0.404,0.596,0.0,-0.7269,negative,VADER
2026-04-30 22:15:00+00:00,"FOMC Decision Collides With 4 AI Mega - Cap Earnings , Setting Bitcoin Next Move",https://finance.yahoo.com/economy/policy/articles/fomc-decision-collides-4-ai-135202097.html,finance.yahoo.com,English,United States,GDELT DOC 2.0,2026-07-31T20:40:28.073020+00:00,2026-04-30 00:00:00+00:00,0.13,0.87,0.0,-0.2732,negative,VADER
2026-04-30 23:15:00+00:00,From Cracking Bitcoin to Curing Cancer : The Quantum Advantage Nears,https://www.energyandcapital.com/from-cracking-bitcoin-to-curing-cancer-the-quantum-advantage-nears/,energyandcapital.com,English,United States,GDELT DOC 2.0,2026-07-31T20:40:28.073020+00:00,2026-05-01 00:00:00+00:00,0.286,0.584,0.13,-0.5267,negative,VADER
2026-04-30 23:45:00+00:00,"Option Traders Build Electric Fence Around Bitcoin at $80 , 000",https://finance.yahoo.com/markets/crypto/articles/option-traders-build-electric-fence-155304836.html,finance.yahoo.com,English,United States,GDELT DOC 2.0,2026-07-31T20:40:28.073020+00:00,2026-05-01 00:00:00+00:00,0.0,1.0,0.0,0.0,neutral,VADER
2026-05-01 00:15:00+00:00,"Max Avery , Arkansas Stand With Crypto President and UARK Crypto Hogs Bring PizzaDAO Bitcoin Pizza Day to Fayetteville",https://www.manilatimes.net/2026/05/01/tmt-newswire/globenewswire/max-avery-arkansas-stand-with-crypto-president-and-uark-crypto-hogs-bring-pizzadaos-bitcoin-pizza-day-to-fayetteville/2333513,manilatimes.net,English,Philippines,GDELT DOC 2.0,2026-07-31T20:40:28.073020+00:00,2026-05-01 00:00:00+00:00,0.0,1.0,0.0,0.0,neutral,VADER
2026-05-01 00:45:00+00:00,Bitcoin Bottom or May Bust ? Top 3 Price Predictions From Experts Highlight Crucial Cost Basis,https://finance.yahoo.com/markets/crypto/articles/bitcoin-bottom-may-bust-top-122600907.html,finance.yahoo.com,English,United States,GDELT DOC 2.0,2026-07-31T20:40:28.073020+00:00,2026-05-01 00:00:00+00:00,0.0,0.769,0.231,0.4939,positive,VADER
2026-05-01 01:30:00+00:00,Billionaire trader Paul Tudor Jones made bank in gold . Now he calls Bitcoin the best inflation hedge,https://finance.yahoo.com/markets/crypto/articles/billionaire-trader-paul-tudor-jones-130907874.html,finance.yahoo.com,English,United States,GDELT DOC 2.0,2026-07-31T20:40:28.073020+00:00,2026-05-01 00:00:00+00:00,0.0,0.802,0.198,0.6369,positive,VADER
2026-05-01 02:00:00+00:00,Bitcoin Upside Capped by $82K Sell Wall as UAE OPEC Exit Triggers Risk Sell - Off,https://finance.yahoo.com/markets/crypto/articles/bitcoins-upside-capped-82k-sell-134451672.html,finance.yahoo.com,English,United States,GDELT DOC 2.0,2026-07-31T20:40:28.073020+00:00,2026-05-01 00:00:00+00:00,0.123,0.877,0.0,-0.2732,negative,VADER
2026-05-01 02:30:00+00:00,"Bitcoin ETFs See $490M in Outflows as Price Fails to Reclaim $78 , 000 Level",https://cointelegraph.com/markets/spot-bitcoin-etf-outflows-top-490m-is-btcs-rally-losing-momentum,cointelegraph.com,English,China,GDELT DOC 2.0,2026-07-31T20:40:28.073020+00:00,2026-05-01 00:00:00+00:00,0.167,0.833,0.0,-0.4215,negative,VADER
2026-05-01 03:00:00+00:00,Alberta Pension Powerhouse Pivots to Bitcoin : AIMCo Discloses Major MicroStrategy Stake,http://www.econotimes.com/Albertas-Pension-Powerhouse-Pivots-to-Bitcoin-AIMCo-Discloses-Major-MicroStrategy-Stake-1740500,econotimes.com,English,United States,GDELT DOC 2.0,2026-07-31T20:40:28.073020+00:00,2026-05-01 00:00:00+00:00,0.0,1.0,0.0,0.0,neutral,VADER
2026-05-01 03:00:00+00:00,MicroStrategy Market Cap Is Less Than Its Bitcoin Holdings and MSTR Stock Has Halved in Just the Past Year . What Gives ?,https://finance.yahoo.com/markets/crypto/articles/microstrategy-market-cap-less-bitcoin-150503130.html,finance.yahoo.com,English,United States,GDELT DOC 2.0,2026-07-31T20:40:28.073020+00:00,2026-05-01 00:00:00+00:00,0.0,1.0,0.0,0.0,neutral,VADER
2026-05-01 03:15:00+00:00,"Bitcoin , Ethereum , XRP Flat , Dogecoin Gains After Softer Q1 GDP Print : Analyst Says BTC Current Drawdow",https://www.benzinga.com/crypto/cryptocurrency/26/04/52203908/bitcoin-ethereum-xrp-flat-dogecoin-gains-after-softer-q1-gdp-print-analyst-says-btcs-current-drawdown-differs-materially-from-past-lows,benzinga.com,English,United States,GDELT DOC 2.0,2026-07-31T20:40:28.073020+00:00,2026-05-01 00:00:00+00:00,0.0,0.888,0.112,0.34,positive,VADER
2026-05-01 08:15:00+00:00,"Bitcoin rises above $77K , but profit - taking fears loom ahead of US inflation data",https://www.moneycontrol.com/news/business/personal-finance/bitcoin-rises-above-77k-but-profit-taking-fears-loom-ahead-of-us-inflation-data-13905266.html,moneycontrol.com,English,India,GDELT DOC 2.0,2026-07-31T20:40:28.073020+00:00,2026-05-01 00:00:00+00:00,0.264,0.568,0.168,-0.296,negative,VADER
2026-05-01 08:30:00+00:00,Riot Platforms ( RIOT ) Beyond Bitcoin : You Want to Watch This Space,https://finance.yahoo.com/markets/stocks/articles/riot-platforms-riot-beyond-bitcoin-203859525.html,finance.yahoo.com,English,United States,GDELT DOC 2.0,2026-07-31T20:40:28.073020+00:00,2026-05-01 00:00:00+00:00,0.392,0.544,0.064,-0.824,negative,VADER
2026-05-01 08:45:00+00:00,"Weekly Review : Markets at Highs , Fed Bolstering USD , That Creates Headwinds for Gold and Bitcoin",https://www.actionforex.com/contributors/fundamental-analysis/639066-weekly-review-markets-at-highs-fed-bolstering-usd-that-creates-headwinds-for-gold-and-bitcoin/,actionforex.com,English,United Kingdom,GDELT DOC 2.0,2026-07-31T20:40:28.073020+00:00,2026-05-01 00:00:00+00:00,0.0,0.89,0.11,0.2732,positive,VADER
2026-05-01 08:45:00+00:00,Bitcoin Price Prediction : 303K BTC Moves to Long - Term Holders as,https://www.openpr.com/news/4497886/bitcoin-price-prediction-303k-btc-moves-to-long-term-holders-as,openpr.com,English,United States,GDELT DOC 2.0,2026-07-31T20:40:28.073020+00:00,2026-05-01 00:00:00+00:00,0.0,1.0,0.0,0.0,neutral,VADER
2026-05-01 13:30:00+00:00,"EQS - News : Utexo : Tether RGB Protocol Leader Federico Tenga Joins Utexo Advisory Board , Strengthening Technical Leadership in Bitcoin - Native Stablecoin Infrastructure",https://www.finanznachrichten.de/nachrichten-2026-05/68371819-eqs-news-utexo-tether-s-rgb-protocol-leader-federico-tenga-joins-utexo-s-advisory-board-strengthening-technical-leadership-in-bitcoin-native-stable-023.htm,finanznachrichten.de,English,Germany,GDELT DOC 2.0,2026-07-31T20:40:28.073020+00:00,2026-05-01 00:00:00+00:00,0.0,0.887,0.113,0.4939,positive,VADER
2026-05-01 13:30:00+00:00,"Bitcoin and ethereum prices today , Friday , May 1 , 2026 : Prices moving higher this morning",https://finance.yahoo.com/personal-finance/investing/article/bitcoin-and-ethereum-prices-today-friday-may-1-2026-prices-moving-higher-this-morning-113211522.html,finance.yahoo.com,English,United States,GDELT DOC 2.0,2026-07-31T20:40:28.073020+00:00,2026-05-01 00:00:00+00:00,0.0,1.0,0.0,0.0,neutral,VADER
2026-05-01 15:30:00+00:00,Governor Bans Bitcoin ATMs,https://hot96.com/2026/05/01/1117774/,hot96.com,English,United States,GDELT DOC 2.0,2026-07-31T20:40:28.073020+00:00,2026-05-01 00:00:00+00:00,0.0,1.0,0.0,0.0,neutral,VADER
2026-05-01 16:45:00+00:00,Stock Market Today ( LIVE ): Leverage Lifts Bitcoin as Buyers Exit ; Atlassian Soars 20 % on Cloud Strength,https://www.fool.com/investing/2026/05/01/stock-market-today-live-coverage/,fool.com,English,United States,GDELT DOC 2.0,2026-07-31T20:40:28.073020+00:00,2026-05-01 00:00:00+00:00,0.117,0.75,0.133,0.1027,positive,VADER
2026-05-01 16:45:00+00:00,Bitcoin pushes to upside and runs into topside resistance . What levels need to be broken ?,https://investinglive.com:443/Cryptocurrency/bitcoin-pushes-to-upside-and-runs-into-topside-resistance-what-levels-need-to-be-broken-20260501/,investinglive.com,English,,GDELT DOC 2.0,2026-07-31T20:40:28.073020+00:00,2026-05-01 00:00:00+00:00,0.162,0.838,0.0,-0.4767,negative,VADER
2026-05-01 17:15:00+00:00,"Bitcoin ( BTC ) market cap to hit $16 trillion by 2030 , driven by institutional demand : Ark Invest",https://www.coindesk.com/markets/2026/05/01/institutional-demand-to-drive-bitcoin-market-cap-to-usd16-trillion-by-2030-ark-invest,coindesk.com,English,United States,GDELT DOC 2.0,2026-07-31T20:40:28.073020+00:00,2026-05-01 00:00:00+00:00,0.073,0.927,0.0,-0.128,negative,VADER
2026-05-01 17:15:00+00:00,"Bitcoin ( BTC ) takes another aim at $80 , 000 as stocks rise , oil drops on Iran optimism",https://www.coindesk.com/markets/2026/05/01/bitcoin-takes-another-aim-at-usd80-000-as-stocks-rise-oil-drops-on-iran-optimism,coindesk.com,English,United States,GDELT DOC 2.0,2026-07-31T20:40:28.073020+00:00,2026-05-01 00:00:00+00:00,0.0,0.844,0.156,0.5423,positive,VADER
2026-05-01 18:00:00+00:00,Governor Bans Bitcoin ATMs,https://wabx.net/2026/05/01/1117774/,wabx.net,English,United States,GDELT DOC 2.0,2026-07-31T20:40:28.073020+00:00,2026-05-01 00:00:00+00:00,0.0,1.0,0.0,0.0,neutral,VADER
2026-05-01 18:00:00+00:00,New Crypto With 300x Math Emerges as Eric Trump Calls BTC,https://www.openpr.com/news/4498325/new-crypto-with-300x-math-emerges-as-eric-trump-calls-btc,openpr.com,English,United States,GDELT DOC 2.0,2026-07-31T20:40:28.073020+00:00,2026-05-01 00:00:00+00:00,0.0,1.0,0.0,0.0,neutral,VADER
2026-05-01 19:15:00+00:00,Never Sell Your Bitcoin : How Strike Jack Mallers Backed That Promise,https://www.benzinga.com/crypto/cryptocurrency/26/05/52227314/never-sell-your-bitcoin-how-strike-jack-mallers-backed-that-promise,benzinga.com,English,United States,GDELT DOC 2.0,2026-07-31T20:40:28.073020+00:00,2026-05-01 00:00:00+00:00,0.108,0.647,0.245,0.2263,positive,VADER
2026-05-01 19:15:00+00:00,Bitcoin Sells Off Under New Fed Chairs : Will History Repeat Itself Under Kevin Warsh ?,https://www.benzinga.com/crypto/cryptocurrency/26/05/52225385/bitcoin-sells-off-under-new-fed-chairs-will-history-repeat-itself-under-kevin-warsh,benzinga.com,English,United States,GDELT DOC 2.0,2026-07-31T20:40:28.073020+00:00,2026-05-01 00:00:00+00:00,0.0,1.0,0.0,0.0,neutral,VADER
2026-05-01 19:30:00+00:00,Why Bitcoin Price is in a Bear Market as Nasdaq 100 and S & P 500 Surge,https://www.banklesstimes.com/articles/2026/05/01/why-bitcoin-price-is-in-a-bear-market-as-nasdaq-100-and-sp-500-surge/,banklesstimes.com,English,United States,GDELT DOC 2.0,2026-07-31T20:40:28.073020+00:00,2026-05-01 00:00:00+00:00,0.0,1.0,0.0,0.0,neutral,VADER
2026-05-01 19:30:00+00:00,Baystreet . ca - Bitcoin Gained 13 % In April As Crypto Winter Thawed,http://baystreet.ca/cryptonews/1296/Bitcoin-Gained-13-In-April-As-Crypto-Winter-Thawed,baystreet.ca,English,Canada,GDELT DOC 2.0,2026-07-31T20:40:28.073020+00:00,2026-05-01 00:00:00+00:00,0.0,0.833,0.167,0.3818,positive,VADER
2026-05-01 20:00:00+00:00,"How Bitcoin ETFs Are Eating The Lunch Of Ethereum , XRP , Dogecoin",https://www.benzinga.com/crypto/cryptocurrency/26/05/52229668/how-bitcoin-etfs-are-eating-the-lunch-of-ethereum-xrp-dogecoin,benzinga.com,English,United States,GDELT DOC 2.0,2026-07-31T20:40:28.073020+00:00,2026-05-01 00:00:00+00:00,0.0,1.0,0.0,0.0,neutral,VADER
2026-05-01 20:30:00+00:00,"Bitcoin April Rally Fueled By Futures Trading As Spot Demand Weakens , Data Shows",https://www.ibtimes.com/bitcoin-april-rally-fueled-futures-trading-spot-demand-weakens-data-shows-3802249,ibtimes.com,English,United States,GDELT DOC 2.0,2026-07-31T20:40:28.073020+00:00,2026-05-01 00:00:00+00:00,0.241,0.759,0.0,-0.4215,negative,VADER
2026-05-01 21:30:00+00:00,Bitcoin ATM Is Getting Banned In Canada And Here Is Why The Government Did It,https://artvoice.com/2026/05/01/bitcoin-atm-is-getting-banned-in-canada-and-here-is-why-the-government-did-it/,artvoice.com,English,United States,GDELT DOC 2.0,2026-07-31T20:40:28.073020+00:00,2026-05-01 00:00:00+00:00,0.176,0.824,0.0,-0.4588,negative,VADER
2026-05-01 21:30:00+00:00,"Bitcoin Demand , Spot And Institutional Flows Increase As Bulls Chase $80K",https://cointelegraph.com/markets/3-bitcoin-data-points-suggest-rally-to-80k-is-imminent,cointelegraph.com,English,China,GDELT DOC 2.0,2026-07-31T20:40:28.073020+00:00,2026-05-01 00:00:00+00:00,0.109,0.725,0.167,0.2023,positive,VADER
2026-05-01 22:00:00+00:00,Is Bitcoin a Great Investment for Retirement Savings ?,https://www.fool.com/investing/2026/05/01/is-bitcoin-a-great-buy-for-retirement-savings/?source=iedfolrf0000001,fool.com,English,United States,GDELT DOC 2.0,2026-07-31T20:40:28.073020+00:00,2026-05-01 00:00:00+00:00,0.0,0.661,0.339,0.6249,positive,VADER
2026-05-01 22:30:00+00:00,"Galoy Unveils Bitcoin Banking Sidecar , Helps Banks With BTC",https://bitcoinmagazine.com/news/galoy-pushes-deeper-into-u-s-banking,bitcoinmagazine.com,English,United States,GDELT DOC 2.0,2026-07-31T20:40:28.073020+00:00,2026-05-01 00:00:00+00:00,0.0,0.776,0.224,0.3818,positive,VADER
2026-05-02 00:15:00+00:00,Bitcoin ( BTC ) Price Prediction : BTC Reclaims $78K While IBIT Holds Steady $80K Breakout in Sight,https://bravenewcoin.com/insights/bitcoin-btc-price-prediction-btc-reclaims-78k-while-ibit-holds-steady-80k-breakout-in-sight,bravenewcoin.com,English,United States,GDELT DOC 2.0,2026-07-31T20:40:28.073020+00:00,2026-05-02 00:00:00+00:00,0.0,1.0,0.0,0.0,neutral,VADER
2026-05-02 00:45:00+00:00,"Crypto Markets Today , May 1 : Bitcoin Holds Above $78 , 000 as Tech Stocks Set New Highs",https://www.fool.com/coverage/stock-market-today/2026/05/01/crypto-markets-today-may-1-bitcoin-holds-above-usd78-000-as-tech-stocks-set-new-highs/?source=iedfolrf0000001,fool.com,English,United States,GDELT DOC 2.0,2026-07-31T20:40:28.073020+00:00,2026-05-02 00:00:00+00:00,0.0,1.0,0.0,0.0,neutral,VADER
2026-05-02 02:00:00+00:00,Bitcoin Slips Below Key Holder Cost Basis Ahead Of $1 . 74B Options Expiry,https://www.newsbtc.com/news/bitcoin/bitcoin-slips-below-key-holder-cost-basis-ahead-of-1-74b-options-expiry/,newsbtc.com,English,United States,GDELT DOC 2.0,2026-07-31T20:40:28.073020+00:00,2026-05-02 00:00:00+00:00,0.0,1.0,0.0,0.0,neutral,VADER
2026-05-02 03:15:00+00:00,"Crypto News : Pepeto DeFi Project Announces $9 . 77M Raised While Bitcoin Price Prediction Points to $300 , 000",https://www.manilatimes.net/2026/05/02/tmt-newswire/globenewswire/crypto-news-pepeto-defi-project-announces-977m-raised-while-bitcoin-price-prediction-points-to-300000/2334142,manilatimes.net,English,Philippines,GDELT DOC 2.0,2026-07-31T20:40:28.073020+00:00,2026-05-02 00:00:00+00:00,0.0,1.0,0.0,0.0,neutral,VADER
2026-05-02 05:15:00+00:00,How Eric Trump American Bitcoin Lost $500 Million In Shareholder Value In 8 Months,https://finance.yahoo.com/markets/crypto/articles/eric-trumps-american-bitcoin-lost-220112636.html,finance.yahoo.com,English,United States,GDELT DOC 2.0,2026-07-31T20:40:28.073020+00:00,2026-05-02 00:00:00+00:00,0.138,0.719,0.144,0.0258,neutral,VADER
2026-05-02 06:45:00+00:00,"Bitcoin Rally Accelerates , But BTC Options Doubt $84K Is Possible",https://cointelegraph.com/markets/bitcoin-rally-extends-yet-btc-options-price-only-25-chance-of-84k-in-may,cointelegraph.com,English,China,GDELT DOC 2.0,2026-07-31T20:40:28.073020+00:00,2026-05-02 00:00:00+00:00,0.245,0.755,0.0,-0.5023,negative,VADER
2026-05-02 07:00:00+00:00,Bitcoin DATs Capitulate Could This Rare Signal Mark A Bottom ?,https://www.newsbtc.com/bitcoin-news/bitcoin-dats-capitulate-rare-signal-a-bottom/,newsbtc.com,English,United States,GDELT DOC 2.0,2026-07-31T20:40:28.073020+00:00,2026-05-02 00:00:00+00:00,0.0,1.0,0.0,0.0,neutral,VADER
2026-05-02 08:00:00+00:00,Best High Roller Bitcoin Casinos May 2026 : Top High Stakes Crypto Gambling Sites,https://www.eyeonannapolis.net/2026/05/best-high-roller-bitcoin-casinos-may-2026-top-high-stakes-crypto-gambling-sites/,eyeonannapolis.net,English,United States,GDELT DOC 2.0,2026-07-31T20:40:28.073020+00:00,2026-05-02 00:00:00+00:00,0.0,0.667,0.333,0.7184,positive,VADER
2026-05-02 08:45:00+00:00,"ATOME , EnergyPathways , Powerhouse Energy , Halo Minerals , London BTC , Bradda Head Lithium - Small Cap Week in Review",https://www.proactiveinvestors.co.uk/companies/news/1091612/atome-energypathways-powerhouse-energy-halo-minerals-london-btc-bradda-head-lithium-small-cap-week-in-review-1091612.html,proactiveinvestors.co.uk,English,United Kingdom,GDELT DOC 2.0,2026-07-31T20:40:28.073020+00:00,2026-05-02 00:00:00+00:00,0.0,0.909,0.091,0.2732,positive,VADER
2026-05-02 08:45:00+00:00,London BTC CEO explains gold - to - bitcoin strategy - ICYMI,https://www.proactiveinvestors.co.uk/companies/news/1091609/london-btc-s-ceo-explains-gold-to-bitcoin-strategy-icymi-1091609.html,proactiveinvestors.co.uk,English,United Kingdom,GDELT DOC 2.0,2026-07-31T20:40:28.073020+00:00,2026-05-02 00:00:00+00:00,0.0,1.0,0.0,0.0,neutral,VADER
2026-05-02 13:00:00+00:00,Saylor Plan to Burn His Bitcoin Fortune is Sparking Debate,https://techstory.in/the-1-7-billion-blaze-why-michael-saylors-plan-to-burn-his-bitcoin-fortune-is-sparking-debate/,techstory.in,English,India,GDELT DOC 2.0,2026-07-31T20:40:28.073020+00:00,2026-05-02 00:00:00+00:00,0.0,1.0,0.0,0.0,neutral,VADER
2026-05-02 14:15:00+00:00,Why Bitcoin Still Looks Like Crypto Best Generational Wealth Bet,https://www.fool.com/investing/2026/05/02/why-bitcoin-still-looks-like-cryptos-best-generati/?source=iedfolrf0000001,fool.com,English,United States,GDELT DOC 2.0,2026-07-31T20:40:28.073020+00:00,2026-05-02 00:00:00+00:00,0.0,0.414,0.586,0.872,positive,VADER
2026-05-02 16:45:00+00:00,Bitcoin hazardou airdrop : Why developers are warning against Paul Sztorc eCash fork,https://www.coindesk.com/tech/2026/05/02/bitcoin-s-hazardous-airdrop-why-developers-are-warning-against-paul-sztorc-s-ecash-fork,coindesk.com,English,United States,GDELT DOC 2.0,2026-07-31T20:40:28.073020+00:00,2026-05-02 00:00:00+00:00,0.167,0.833,0.0,-0.34,negative,VADER
2026-05-02 17:45:00+00:00,3 Top Crypto Presales to Watch as Bitcoin Eyes $80K Resistance,https://www.openpr.com/news/4498581/3-top-crypto-presales-to-watch-as-bitcoin-eyes-80k-resistance,openpr.com,English,United States,GDELT DOC 2.0,2026-07-31T20:40:28.073020+00:00,2026-05-02 00:00:00+00:00,0.0,0.847,0.153,0.2023,positive,VADER
2026-05-02 17:45:00+00:00,Berkshire Cash Hits Record $397 Billion as Abel Keeps Buffett Anti - Bitcoin Stance,https://finance.yahoo.com/markets/crypto/articles/berkshire-cash-hits-record-397-164113502.html,finance.yahoo.com,English,United States,GDELT DOC 2.0,2026-07-31T20:40:28.073020+00:00,2026-05-02 00:00:00+00:00,0.15,0.85,0.0,-0.3182,negative,VADER
2026-05-02 19:45:00+00:00,"FTMining launches free mining service for BTC , ETH , XRP and DOGE holders , with daily earnings of up to $9 , 900 ?",https://gisuser.com/2026/05/ftmining-launches-free-mining-service-for-btc-eth-xrp-and-doge-holders-with-daily-earnings-of-up-to-9900/,gisuser.com,English,United States,GDELT DOC 2.0,2026-07-31T20:40:28.073020+00:00,2026-05-02 00:00:00+00:00,0.0,0.879,0.121,0.5106,positive,VADER
2026-05-02 21:45:00+00:00,Bitcoin Price Yet To Bottom Based On MVRV Bands $43K Still Possible ?,https://www.newsbtc.com/news/bitcoin/bitcoin-price-yet-to-bottom-based-on-mvrv-bands/,newsbtc.com,English,United States,GDELT DOC 2.0,2026-07-31T20:40:28.073020+00:00,2026-05-02 00:00:00+00:00,0.0,1.0,0.0,0.0,neutral,VADER
2026-05-02 21:45:00+00:00,"Bitcoin Clings To Key Support : EMA Reclaim Vs $78 , 000 Resistance Showdown",https://www.newsbtc.com/news/bitcoin/bitcoin-clings-to-key-support/,newsbtc.com,English,United States,GDELT DOC 2.0,2026-07-31T20:40:28.073020+00:00,2026-05-02 00:00:00+00:00,0.0,0.828,0.172,0.4019,positive,VADER
2026-05-15 23:15:00+00:00,Bitcoin ETF Outflows Just Hit a 3 - Month High of $635 Million : What Driving the Exit ?,https://finance.yahoo.com/markets/crypto/articles/bitcoin-etf-outflows-just-hit-154340851.html,finance.yahoo.com,English,United States,GDELT DOC 2.0,2026-07-31T20:40:28.073020+00:00,2026-05-16 00:00:00+00:00,0.0,1.0,0.0,0.0,neutral,VADER
2026-05-16 00:45:00+00:00,Why Bitcoin Was Slumping on Friday | The Motley Fool,https://www.fool.com/investing/2026/05/15/why-bitcoin-was-slumping-on-friday/?source=iedfolrf0000001,fool.com,English,United States,GDELT DOC 2.0,2026-07-31T20:40:28.073020+00:00,2026-05-16 00:00:00+00:00,0.244,0.756,0.0,-0.4404,negative,VADER
2026-05-16 00:45:00+00:00,"CleanSpark CEO says his company sold Bitcoin for $7 , 000 above spot price last quarter",https://finance.yahoo.com/markets/crypto/articles/cleanspark-ceo-says-company-sold-001921560.html,finance.yahoo.com,English,United States,GDELT DOC 2.0,2026-07-31T20:40:28.073020+00:00,2026-05-16 00:00:00+00:00,0.0,1.0,0.0,0.0,neutral,VADER
2026-05-16 01:00:00+00:00,"Crypto News Today : AlphaPepe Presale Announces $1 . 22M Raised While Bitcoin Price Prediction Targets $200 , 000",https://www.mykxlg.com/online_features/press_releases/crypto-news-today-alphapepe-presale-announces-1-22m-raised-while-bitcoin-price-prediction-targets-200/article_ab5b32e9-f81b-5504-b652-67af8dd57035.html,mykxlg.com,English,United States,GDELT DOC 2.0,2026-07-31T20:40:28.073020+00:00,2026-05-16 00:00:00+00:00,0.0,1.0,0.0,0.0,neutral,VADER
2026-05-16 01:30:00+00:00,Bitcoin Price Prediction : BTC Eyes Recovery After CLARITY Act,https://www.openpr.com/news/4515462/bitcoin-price-prediction-btc-eyes-recovery-after-clarity-act,openpr.com,English,United States,GDELT DOC 2.0,2026-07-31T20:40:28.073020+00:00,2026-05-16 00:00:00+00:00,0.0,0.724,0.276,0.5319,positive,VADER
2026-05-16 02:15:00+00:00,US CLARITY Act Brings Major Spike of Euphoria to Bitcoin : Santiment,https://cointelegraph.com/news/us-clarity-act-brings-major-spike-of-euphoria-to-bitcoin-santiment,cointelegraph.com,English,China,GDELT DOC 2.0,2026-07-31T20:40:28.073020+00:00,2026-05-16 00:00:00+00:00,0.0,0.556,0.444,0.84,positive,VADER
2026-05-16 03:00:00+00:00,Is Zcash The Next Bitcoin ? Investors Rush Into The Privacy Coin Narrative,https://www.newsbtc.com/altcoin/is-zcash-the-next-bitcoin-investors-rush-into-the-privacy-coin-narrative/,newsbtc.com,English,United States,GDELT DOC 2.0,2026-07-31T20:40:28.073020+00:00,2026-05-16 00:00:00+00:00,0.0,1.0,0.0,0.0,neutral,VADER
2026-05-16 03:00:00+00:00,"Latest Inflation Report : What It Could Mean For Bitcoin , Ethereum , And Solana Ahead",https://www.newsbtc.com/breaking-news-ticker/latest-inflation-report-what-it-could-mean-for-bitcoin-ethereum-and-solana-ahead/,newsbtc.com,English,United States,GDELT DOC 2.0,2026-07-31T20:40:28.073020+00:00,2026-05-16 00:00:00+00:00,0.0,1.0,0.0,0.0,neutral,VADER
2026-05-16 03:15:00+00:00,"Crypto News Today : AlphaPepe Presale Announces $1 . 22M Raised While Bitcoin Price Prediction Targets $200 , 000",https://portal.sina.com.hk/finance/finance-globenewswire/globenewswire/2026/05/16/1766856/crypto-news-today-alphapepe-presale-announces-1-22m-raised-while-bitcoin-price-prediction-targets-200000/,portal.sina.com.hk,English,Hong Kong,GDELT DOC 2.0,2026-07-31T20:40:28.073020+00:00,2026-05-16 00:00:00+00:00,0.0,1.0,0.0,0.0,neutral,VADER
2026-05-16 09:15:00+00:00,Bitcoin slips towards $79K as higher Treasury yields and oil prices pressure trigger risk - off sentiment,https://economictimes.indiatimes.com/markets/cryptocurrency/bitcoin-slips-towards-79k-as-higher-treasury-yields-and-oil-prices-pressure-trigger-risk-off-sentiment/articleshow/131133871.cms,economictimes.indiatimes.com,English,India,GDELT DOC 2.0,2026-07-31T20:40:28.073020+00:00,2026-05-16 00:00:00+00:00,0.214,0.697,0.09,-0.3612,negative,VADER
2026-05-16 09:15:00+00:00,Bitcoin Price Prediction as BTC ETFs Suffer a $1 Billion Meltdown,https://www.banklesstimes.com/articles/2026/05/16/bitcoin-price-prediction-as-btc-etfs-suffer-a-1-billion-meltdown/,banklesstimes.com,English,United States,GDELT DOC 2.0,2026-07-31T20:40:28.073020+00:00,2026-05-16 00:00:00+00:00,0.259,0.741,0.0,-0.5423,negative,VADER
2026-05-16 12:00:00+00:00,"Strategy Quietly Confirms Shock Plan To Sell Bitcoin , Sparking Sudden Price Crash Panic",https://www.forbes.com/sites/digital-assets/2026/05/16/strategy-quietly-confirms-shock-plan-to-sell-bitcoin-sparking-sudden-price-crash-panic/,forbes.com,English,United States,GDELT DOC 2.0,2026-07-31T20:40:28.073020+00:00,2026-05-16 00:00:00+00:00,0.439,0.561,0.0,-0.8225,negative,VADER
2026-05-16 12:15:00+00:00,Bitcoin Standard Hashrate Token ( BTCST ) Price Down 5 . 4 % This Week,https://www.dailypolitical.com/2026/05/16/bitcoin-standard-hashrate-token-btcst-price-down-5-4-this-week.html,dailypolitical.com,English,United States,GDELT DOC 2.0,2026-07-31T20:40:28.073020+00:00,2026-05-16 00:00:00+00:00,0.0,1.0,0.0,0.0,neutral,VADER
2026-05-16 12:15:00+00:00,GraniteShares YieldBOOST Bitcoin ETF ( XBTY ) to Issue Dividend of $0 . 07 on May 19th,https://www.dailypolitical.com/2026/05/16/graniteshares-yieldboost-bitcoin-etf-xbty-to-issue-dividend-of-0-07-on-may-19th.html,dailypolitical.com,English,United States,GDELT DOC 2.0,2026-07-31T20:40:28.073020+00:00,2026-05-16 00:00:00+00:00,0.0,1.0,0.0,0.0,neutral,VADER
2026-05-16 13:15:00+00:00,"Bitcoin Sinks to $78 , 369 as ETFs Bleed $1 Billion in a Week",https://www.riotimesonline.com/bitcoin-sinks-to-78369-as-etfs-bleed-1-billion-in-a-week-snapping-six-week-inflow-run/,riotimesonline.com,English,Brazil,GDELT DOC 2.0,2026-07-31T20:40:28.073020+00:00,2026-05-16 00:00:00+00:00,0.0,1.0,0.0,0.0,neutral,VADER
2026-05-16 13:30:00+00:00,Zcash Feels Like Bitcoin Circa 2013,https://www.newser.com/story/389150/bitcoin-dropped-24-in-a-year-zcash-skyrocketed-1140.html,newser.com,English,United States,GDELT DOC 2.0,2026-07-31T20:40:28.073020+00:00,2026-05-16 00:00:00+00:00,0.0,0.667,0.333,0.3612,positive,VADER
2026-05-16 14:00:00+00:00,Universal BTC Trading 2 . 6 % Lower This Week ( UNIBTC ),https://www.dailypolitical.com/2026/05/16/universal-btc-trading-2-6-lower-this-week-unibtc.html,dailypolitical.com,English,United States,GDELT DOC 2.0,2026-07-31T20:40:28.073020+00:00,2026-05-16 00:00:00+00:00,0.155,0.845,0.0,-0.296,negative,VADER
2026-05-16 14:15:00+00:00,Bitcoin Gold 24 Hour Trading Volume Hits $443 . 02 ( BTG ),https://www.dailypolitical.com/2026/05/16/bitcoin-gold-24-hour-trading-volume-hits-443-02-btg.html,dailypolitical.com,English,United States,GDELT DOC 2.0,2026-07-31T20:40:28.073020+00:00,2026-05-16 00:00:00+00:00,0.0,1.0,0.0,0.0,neutral,VADER
2026-05-16 15:30:00+00:00,Prediction : Bitcoin Will Hit $1 Million -- Here the Timeline,https://www.fool.com/investing/2026/05/16/prediction-bitcoin-will-hit-1-million-heres-the-ti/,fool.com,English,United States,GDELT DOC 2.0,2026-07-31T20:40:28.073020+00:00,2026-05-16 00:00:00+00:00,0.0,1.0,0.0,0.0,neutral,VADER
2026-05-16 16:15:00+00:00,Bitcoin News Today : Lightning Network Comes to Kenya,https://www.coinspeaker.com/bitcoin-news-lightning-kenya-mpesa-tando-remittances/,coinspeaker.com,English,United States,GDELT DOC 2.0,2026-07-31T20:40:28.073020+00:00,2026-05-16 00:00:00+00:00,0.0,1.0,0.0,0.0,neutral,VADER
2026-05-16 16:30:00+00:00,"Bitcoin Falls Below $78 , 000 as Analysis Eyes a New Bear Trap",https://cointelegraph.com/markets/bitcoin-analysis-bear-trap-btc-price-passes-two-week-lows-under-78k,cointelegraph.com,English,China,GDELT DOC 2.0,2026-07-31T20:40:28.073020+00:00,2026-05-16 00:00:00+00:00,0.161,0.839,0.0,-0.3182,negative,VADER
2026-05-16 17:45:00+00:00,Why bitcoin traders are suddenly obsessed with a forgotten crypto,https://finance.yahoo.com/markets/crypto/articles/why-bitcoin-traders-suddenly-obsessed-162450370.html,finance.yahoo.com,English,United States,GDELT DOC 2.0,2026-07-31T20:40:28.073020+00:00,2026-05-16 00:00:00+00:00,0.31,0.69,0.0,-0.3818,negative,VADER
2026-05-16 17:45:00+00:00,Crypto Market Dives As Liquidations Jump 107 % - Grayscale Bitcoin Mini Trust ( BTC ) ( ARCA : BTC ),https://www.benzinga.com/crypto/26/05/52622618/crypto-market-dives-as-liquidations-jump-107,benzinga.com,English,United States,GDELT DOC 2.0,2026-07-31T20:40:28.073020+00:00,2026-05-16 00:00:00+00:00,0.0,0.858,0.142,0.5106,positive,VADER
2026-05-16 20:00:00+00:00,Polymarket Now Prices 82 % Odds Strategy [ NASDAQ : MSTR ] Sells Bitcoin as Dividend Math Overrides Never Sell Rhetoric,https://www.foreignpolicyjournal.com/2026/05/16/polymarket-now-prices-82-odds-strategy-nasdaq-mstr-sells-bitcoin-as-dividend-math-overrides-never-sell-rhetoric/,foreignpolicyjournal.com,English,Israel,GDELT DOC 2.0,2026-07-31T20:40:28.073020+00:00,2026-05-16 00:00:00+00:00,0.0,1.0,0.0,0.0,neutral,VADER
2026-05-16 20:45:00+00:00,Bitcoin Treasury Co Strategy Announces $1 . 5B Convertible Note Buyback,https://cointelegraph.com/news/strategy-repurchase-15b-2029-convertible-notes,cointelegraph.com,English,China,GDELT DOC 2.0,2026-07-31T20:40:28.073020+00:00,2026-05-16 00:00:00+00:00,0.0,0.847,0.153,0.2023,positive,VADER
2026-05-16 21:00:00+00:00,Is the 2 - Year Treasury at 4 . 09 % Why Bitcoin ( BTC ) Cant Break Out ?,https://finance.yahoo.com/markets/crypto/articles/2-treasury-4-09-why-202632309.html,finance.yahoo.com,English,United States,GDELT DOC 2.0,2026-07-31T20:40:28.073020+00:00,2026-05-16 00:00:00+00:00,0.0,0.913,0.087,0.2023,positive,VADER
2026-05-16 22:30:00+00:00,Analyst Says Dont Buy Bitcoin Until This Happens,https://www.newsbtc.com/news/bitcoin/dont-buy-bitcoin-until-this/,newsbtc.com,English,United States,GDELT DOC 2.0,2026-07-31T20:40:28.073020+00:00,2026-05-16 00:00:00+00:00,0.0,1.0,0.0,0.0,neutral,VADER
2026-05-16 22:30:00+00:00,"Why Bitcoin Price Could Be Forming A Consolidation Structure Around $80 , 000",https://www.newsbtc.com/news/bitcoin/why-bitcoin-price-could-be-forming-consolidation/,newsbtc.com,English,United States,GDELT DOC 2.0,2026-07-31T20:40:28.073020+00:00,2026-05-16 00:00:00+00:00,0.0,1.0,0.0,0.0,neutral,VADER
2026-05-16 22:45:00+00:00,Is the 2 - Year Treasury at 4 . 09 % Why Bitcoin ( BTC ) Cant Break Out ?,https://247wallst.com/investing/2026/05/16/is-the-2-year-treasury-at-4-09-why-bitcoin-btc-cant-break-out/,247wallst.com,English,United States,GDELT DOC 2.0,2026-07-31T20:40:28.073020+00:00,2026-05-16 00:00:00+00:00,0.0,0.913,0.087,0.2023,positive,VADER
2026-05-16 23:45:00+00:00,"Bitcoin Price Prediction : BTC Hits $82 , 000 on Clarity Act Hope",https://www.openpr.com/news/4515845/bitcoin-price-prediction-btc-hits-82-000-on-clarity-act-hope,openpr.com,English,United States,GDELT DOC 2.0,2026-07-31T20:40:28.073020+00:00,2026-05-17 00:00:00+00:00,0.0,0.663,0.337,0.6808,positive,VADER
2026-05-16 23:45:00+00:00,Crypto Market News : Bitcoin Holds $80K While AlphaPepe Builds,https://www.openpr.com/news/4515806/crypto-market-news-bitcoin-holds-80k-while-alphapepe-builds,openpr.com,English,United States,GDELT DOC 2.0,2026-07-31T20:40:28.073020+00:00,2026-05-17 00:00:00+00:00,0.0,1.0,0.0,0.0,neutral,VADER
2026-05-17 02:30:00+00:00,"Crypto News : AlphaPepe Presale Records Surge in Whale Accumulation As Bitcoin Price Prediction Eyes $180 , 000",https://www.manilatimes.net/2026/05/17/tmt-newswire/globenewswire/crypto-news-alphapepe-presale-records-surge-in-whale-accumulation-as-bitcoin-price-prediction-eyes-180000/2345594,manilatimes.net,English,Philippines,GDELT DOC 2.0,2026-07-31T20:40:28.073020+00:00,2026-05-17 00:00:00+00:00,0.0,1.0,0.0,0.0,neutral,VADER
2026-05-17 03:45:00+00:00,"Crypto News : AlphaPepe Presale Records Surge in Whale Accumulation As Bitcoin Price Prediction Eyes $180 , 000",https://www.mykxlg.com/online_features/press_releases/crypto-news-alphapepe-presale-records-surge-in-whale-accumulation-as-bitcoin-price-prediction-eyes-180/article_2e3a34d5-649c-573a-9747-6e59a54dc215.html,mykxlg.com,English,United States,GDELT DOC 2.0,2026-07-31T20:40:28.073020+00:00,2026-05-17 00:00:00+00:00,0.0,1.0,0.0,0.0,neutral,VADER
2026-05-17 04:15:00+00:00,"Bitcoin Price Prediction : BTC Stalls Below $79 , 000 After",https://www.openpr.com/news/4515866/bitcoin-price-prediction-btc-stalls-below-79-000-after,openpr.com,English,United States,GDELT DOC 2.0,2026-07-31T20:40:28.073020+00:00,2026-05-17 00:00:00+00:00,0.0,1.0,0.0,0.0,neutral,VADER
2026-05-17 05:15:00+00:00,Grayscale Bitcoin Mini Trust ETF ( NYSEARCA : BTC ) Short Interest Update,https://www.dailypolitical.com/2026/05/16/grayscale-bitcoin-mini-trust-etf-nysearcabtc-short-interest-update.html,dailypolitical.com,English,United States,GDELT DOC 2.0,2026-07-31T20:40:28.073020+00:00,2026-05-17 00:00:00+00:00,0.0,0.636,0.364,0.743,positive,VADER
2026-05-17 06:00:00+00:00,Michael Saylor Floated Bitcoin Sales Idea to Avoid Impairing The Asset,https://cointelegraph.com/news/strategy-mstr-michael-saylor-bitcoin-sell-statement-btc,cointelegraph.com,English,China,GDELT DOC 2.0,2026-07-31T20:40:28.073020+00:00,2026-05-17 00:00:00+00:00,0.161,0.657,0.182,0.0772,positive,VADER
2026-05-17 10:30:00+00:00,4 Best Crypto Presales as BTC Price Drops Below $82k,https://www.openpr.com/news/4515920/4-best-crypto-presales-as-btc-price-drops-below-82k,openpr.com,English,United States,GDELT DOC 2.0,2026-07-31T20:40:28.073020+00:00,2026-05-17 00:00:00+00:00,0.0,0.682,0.318,0.6369,positive,VADER
2026-05-17 11:00:00+00:00,Bitcoin Slides Under $79K on Macro Fears : Is a Rebound Around the Corner ?,https://cointelegraph.com/markets/bitcoin-slides-below-79k-macro-fears-can-fixed-income-outflows-save-it,cointelegraph.com,English,China,GDELT DOC 2.0,2026-07-31T20:40:28.073020+00:00,2026-05-17 00:00:00+00:00,0.167,0.833,0.0,-0.4215,negative,VADER
2026-05-17 17:00:00+00:00,We Asked Claude AI Where Bitcoin ( BTC ) Will Be On The Day The Fed Cuts Rates,https://247wallst.com/investing/2026/05/17/we-asked-claude-ai-where-bitcoin-btc-will-be-on-the-day-the-fed-cuts-rates/,247wallst.com,English,United States,GDELT DOC 2.0,2026-07-31T20:40:28.073020+00:00,2026-05-17 00:00:00+00:00,0.115,0.885,0.0,-0.296,negative,VADER
2026-05-17 17:45:00+00:00,"Bitcoin Long - Term Holder Supply Climbs Back To August 2025 Levels As 316 , 000 BTC Move Into Strong Hands",https://www.newsbtc.com/news/bitcoin/bitcoin-lth-supply-climbs-back-to-august-2025-levels-as-316k-btc-move-into-strong-hands/,newsbtc.com,English,United States,GDELT DOC 2.0,2026-07-31T20:40:28.073020+00:00,2026-05-17 00:00:00+00:00,0.0,0.858,0.142,0.5106,positive,VADER
2026-05-17 19:30:00+00:00,"Italy Largest Bank Adds Bitcoin , Eth and XRP Exposure in Q1",https://finance.yahoo.com/markets/crypto/articles/italy-largest-bank-adds-bitcoin-183100354.html,finance.yahoo.com,English,United States,GDELT DOC 2.0,2026-07-31T20:40:28.073020+00:00,2026-05-17 00:00:00+00:00,0.0,1.0,0.0,0.0,neutral,VADER
2026-05-17 19:45:00+00:00,Rising Bitcoin Volatility Drives Demand for AI Systems as AIX Alpha Expands Quant Infrastructure,https://www.manilatimes.net/2026/05/18/tmt-newswire/globenewswire/rising-bitcoin-volatility-drives-demand-for-ai-systems-as-aix-alpha-expands-quant-infrastructure/2345760,manilatimes.net,English,Philippines,GDELT DOC 2.0,2026-07-31T20:40:28.073020+00:00,2026-05-17 00:00:00+00:00,0.101,0.805,0.094,-0.0258,neutral,VADER
2026-05-17 19:45:00+00:00,Michael Saylor Signals Weekly BTC Buy While Pushing STRC Proxy Vote,https://cointelegraph.com/news/saylor-signals-btc-buy-as-retail-holders-get-push-on-strc-dividend-vote,cointelegraph.com,English,China,GDELT DOC 2.0,2026-07-31T20:40:28.073020+00:00,2026-05-17 00:00:00+00:00,0.0,1.0,0.0,0.0,neutral,VADER
2026-05-17 20:00:00+00:00,Bitcoin ( BTC ) Price Prediction : MicroStrategy Massive BTC Bet and IBIT Flows Keep Bulls Focused on $83K Retest,https://bravenewcoin.com/insights/bitcoin-btc-price-prediction-microstrategys-massive-btc-bet-and-ibit-flows-keep-bulls-focused-on-83k-retest,bravenewcoin.com,English,United States,GDELT DOC 2.0,2026-07-31T20:40:28.073020+00:00,2026-05-17 00:00:00+00:00,0.0,0.88,0.12,0.3818,positive,VADER
2026-05-17 20:45:00+00:00,Rising Bitcoin Volatility Drives Demand for AI Systems as AIX Alpha Expands Quant Infrastructure,https://www.mykxlg.com/online_features/press_releases/rising-bitcoin-volatility-drives-demand-for-ai-systems-as-aix-alpha-expands-quant-infrastructure/article_03bed12a-f45e-57fa-8211-ddd454a18181.html,mykxlg.com,English,United States,GDELT DOC 2.0,2026-07-31T20:40:28.073020+00:00,2026-05-17 00:00:00+00:00,0.101,0.805,0.094,-0.0258,neutral,VADER
2026-05-17 21:00:00+00:00,Smoke Weed and Earn Bitcoin with This Vape Pen in Our Increasingly Dystopian Nightmare,https://gizmodo.com/smoke-weed-and-earn-bitcoin-with-this-vape-pen-in-our-increasingly-dystopian-nightmare-2000759783,gizmodo.com,English,United States,GDELT DOC 2.0,2026-07-31T20:40:28.073020+00:00,2026-05-17 00:00:00+00:00,0.0,1.0,0.0,0.0,neutral,VADER
2026-05-17 21:30:00+00:00,IREN Stock Slides Again Is the Bitcoin Miner AI Pivot Worth the Risk ?,https://www.financial-news.co.uk/iren-stock-slides-again-is-the-bitcoin-miners-ai-pivot-worth-the-risk/,financial-news.co.uk,English,United Kingdom,GDELT DOC 2.0,2026-07-31T20:40:28.073020+00:00,2026-05-17 00:00:00+00:00,0.131,0.75,0.119,-0.0516,negative,VADER
2026-05-17 22:30:00+00:00,Bitcoin Whale - Retail Delta Drops To ETF - Era Lows As Smart Money Turns Cautious,https://www.newsbtc.com/news/bitcoin/bitcoin-whale-retail-delta-drops-to-etf-era-lows-as-smart-money-turns-cautious/,newsbtc.com,English,United States,GDELT DOC 2.0,2026-07-31T20:40:28.073020+00:00,2026-05-17 00:00:00+00:00,0.169,0.688,0.143,0.128,positive,VADER
2026-05-17 22:30:00+00:00,ProShares Bitcoin & Ether Equal Weight ETF ( NYSEARCA : BETE ) Short Interest Up 89 . 4 % in April,https://www.tickerreport.com/banking-finance/13445559/proshares-bitcoin-ether-equal-weight-etf-nysearcabete-short-interest-up-89-4-in-april.html,tickerreport.com,English,United States,GDELT DOC 2.0,2026-07-31T20:40:28.073020+00:00,2026-05-17 00:00:00+00:00,0.0,0.87,0.13,0.4588,positive,VADER
2026-05-17 23:15:00+00:00,Saylor Signals Another Bitcoin Buy as Strategy Pushes STRC Dividend Vote,https://finance.yahoo.com/markets/crypto/articles/saylor-signals-another-bitcoin-buy-222900294.html,finance.yahoo.com,English,United States,GDELT DOC 2.0,2026-07-31T20:40:28.073020+00:00,2026-05-18 00:00:00+00:00,0.0,1.0,0.0,0.0,neutral,VADER
2026-05-17 23:30:00+00:00,Short Interest in Bitcoin Depot Inc . ( NASDAQ : BTM ) Declines By 49 . 5 %,https://www.dailypolitical.com/2026/05/17/short-interest-in-bitcoin-depot-inc-nasdaqbtm-declines-by-49-5.html,dailypolitical.com,English,United States,GDELT DOC 2.0,2026-07-31T20:40:28.073020+00:00,2026-05-18 00:00:00+00:00,0.0,0.85,0.15,0.4588,positive,VADER
2026-05-30 21:45:00+00:00,Bitcoin Depot Inc . ( NASDAQ : BTMWW ) Sees Large Decrease in Short Interest,https://www.dailypolitical.com/2026/05/30/bitcoin-depot-inc-nasdaqbtmww-sees-large-decrease-in-short-interest.html,dailypolitical.com,English,United States,GDELT DOC 2.0,2026-07-31T20:40:28.073020+00:00,2026-05-30 00:00:00+00:00,0.0,0.824,0.176,0.4588,positive,VADER
2026-05-30 23:45:00+00:00,Bitcoin brutal 5 . 5 % weekly slide exposes the mechanical heart of a market in crisis – NaturalNews . com,https://www.naturalnews.com/2026-05-30-bitcoin-weekly-slides-exposes-market-in-crisis.html,naturalnews.com,English,United States,GDELT DOC 2.0,2026-07-31T20:40:28.073020+00:00,2026-05-31 00:00:00+00:00,0.314,0.55,0.136,-0.6705,negative,VADER
2026-05-31 01:45:00+00:00,Crypto News Today : AlphaPepe Hits $1 . 38M Raised While Bitcoin Price Prediction Targets $250K,https://www.manilatimes.net/2026/05/31/tmt-newswire/globenewswire/crypto-news-today-alphapepe-hits-138m-raised-while-bitcoin-price-prediction-targets-250k/2355085,manilatimes.net,English,Philippines,GDELT DOC 2.0,2026-07-31T20:40:28.073020+00:00,2026-05-31 00:00:00+00:00,0.0,1.0,0.0,0.0,neutral,VADER
2026-05-31 02:00:00+00:00,Bitcoin Is At Pivotal Level As $65K Downside Risk Looms : Analyst,https://cointelegraph.com/news/bitcoin-is-at-pivotal-level-and-faces-threat-to-65k-analyst,cointelegraph.com,English,China,GDELT DOC 2.0,2026-07-31T20:40:28.073020+00:00,2026-05-31 00:00:00+00:00,0.388,0.612,0.0,-0.5719,negative,VADER
2026-05-31 02:00:00+00:00,Crypto News Today : AlphaPepe Hits $1 . 38M Raised While Bitcoin Price Prediction Targets $250K,https://www.itnewsonline.com/GlobeNewswire/Crypto-News-Today-AlphaPepe-Hits-USD1.38M-Raised-While-Bitcoin-Price-Prediction-Targets-USD250K/123388,itnewsonline.com,English,United States,GDELT DOC 2.0,2026-07-31T20:40:28.073020+00:00,2026-05-31 00:00:00+00:00,0.0,1.0,0.0,0.0,neutral,VADER
2026-05-31 02:30:00+00:00,"Brian Armstrong Vs Jamie Dimon , Mark Cuban Ditches Bitcoin And Crypto Card Payments Surge : This Week In C",https://www.benzinga.com/crypto/cryptocurrency/26/05/52893513/brian-armstrong-vs-jamie-dimon-mark-cuban-ditches-bitcoin-and-crypto-card-payments-surge-this-week-in-cryptocurrency,benzinga.com,English,United States,GDELT DOC 2.0,2026-07-31T20:40:28.073020+00:00,2026-05-31 00:00:00+00:00,0.0,1.0,0.0,0.0,neutral,VADER
2026-05-31 02:45:00+00:00,Crypto News Today : AlphaPepe Hits $1 . 38M Raised While Bitcoin Price Prediction Targets $250K,https://www.mykxlg.com/online_features/press_releases/crypto-news-today-alphapepe-hits-1-38m-raised-while-bitcoin-price-prediction-targets-250k/article_caedf90b-0bbf-5fdc-a7c1-8a07c38ec8e8.html,mykxlg.com,English,United States,GDELT DOC 2.0,2026-07-31T20:40:28.073020+00:00,2026-05-31 00:00:00+00:00,0.0,1.0,0.0,0.0,neutral,VADER
2026-05-31 06:00:00+00:00,8 Best Crypto Presales Today as Bitcoin Consolidates Below $77K,https://www.openpr.com/news/4532291/8-best-crypto-presales-today-as-bitcoin-consolidates-below-77k,openpr.com,English,United States,GDELT DOC 2.0,2026-07-31T20:40:28.073020+00:00,2026-05-31 00:00:00+00:00,0.0,0.682,0.318,0.6369,positive,VADER
2026-05-31 06:15:00+00:00,"Bitcoin Spot , Futures Buyers Show Up But Is It Enough ?",https://cointelegraph.com/markets/bitcoin-dip-buyers-curb-selling-but-questionable-spot-futures-volumes-highlight-weakness,cointelegraph.com,English,China,GDELT DOC 2.0,2026-07-31T20:40:28.073020+00:00,2026-05-31 00:00:00+00:00,0.0,1.0,0.0,0.0,neutral,VADER
2026-05-31 06:15:00+00:00,Michael Saylor Says Bitcoin Has No Competition : There No Second Best Crypto Asset,https://finance.yahoo.com/markets/crypto/articles/michael-saylor-says-bitcoin-no-233214644.html,finance.yahoo.com,English,United States,GDELT DOC 2.0,2026-07-31T20:40:28.073020+00:00,2026-05-31 00:00:00+00:00,0.383,0.493,0.123,-0.6449,negative,VADER
2026-05-31 09:45:00+00:00,Bitcoin steadies above $73k as CME launches 24 / 7 crypto futures trading,https://finance.yahoo.com/markets/crypto/articles/bitcoin-steadies-above-73k-cme-091335670.html,finance.yahoo.com,English,United States,GDELT DOC 2.0,2026-07-31T20:40:28.073020+00:00,2026-05-31 00:00:00+00:00,0.0,1.0,0.0,0.0,neutral,VADER
2026-05-31 13:30:00+00:00,4 Best Crypto Presales as Bitcoin $73K Slide Sends Buyers Back,https://www.openpr.com/news/4532378/4-best-crypto-presales-as-bitcoin-s-73k-slide-sends-buyers-back,openpr.com,English,United States,GDELT DOC 2.0,2026-07-31T20:40:28.073020+00:00,2026-05-31 00:00:00+00:00,0.0,0.704,0.296,0.6369,positive,VADER
2026-05-31 13:45:00+00:00,Bitcoin ETFs Lose $2 . 8 Billion In 9 Days : What Is Going On With Institutions ?,https://finance.yahoo.com/markets/crypto/articles/bitcoin-etfs-lose-2-8-120116824.html,finance.yahoo.com,English,United States,GDELT DOC 2.0,2026-07-31T20:40:28.073020+00:00,2026-05-31 00:00:00+00:00,0.137,0.863,0.0,-0.4019,negative,VADER
2026-05-31 15:30:00+00:00,Bitcoin Price Targets $78K as BTC Holders Defend Strongest Near - Term Support,https://cointelegraph.com/markets/bitcoin-price-rebound-targets-78k-as-short-term-holders-defend-support,cointelegraph.com,English,China,GDELT DOC 2.0,2026-07-31T20:40:28.073020+00:00,2026-05-31 00:00:00+00:00,0.0,0.663,0.337,0.6808,positive,VADER
2026-05-31 17:45:00+00:00,"Bitcoin Price Prediction : BTC Flashes TD Sequential Buy Signal as $72K Support Holds , $79K Retest in Sight",https://bravenewcoin.com/insights/bitcoin-price-prediction-btc-flashes-td-sequential-buy-signal-as-72k-support-holds-79k-retest-in-sight,bravenewcoin.com,English,United States,GDELT DOC 2.0,2026-07-31T20:40:28.073020+00:00,2026-05-31 00:00:00+00:00,0.0,0.87,0.13,0.4019,positive,VADER
2026-05-31 18:30:00+00:00,Bitcoin First CME Gap - Free Monday Puts a Popular Trading Signal to the Test,https://finance.yahoo.com/markets/crypto/articles/bitcoin-first-cme-gap-free-174649486.html,finance.yahoo.com,English,United States,GDELT DOC 2.0,2026-07-31T20:40:28.073020+00:00,2026-05-31 00:00:00+00:00,0.0,0.681,0.319,0.7269,positive,VADER
2026-06-01 01:30:00+00:00,"Bitcoin Futures Analysis Today : BTC Stalls Below 74 , 535",https://investinglive.com:443/Cryptocurrency/bitcoin-futures-analysis-today-btc-stalls-below-74535-20260601/,investinglive.com,English,,GDELT DOC 2.0,2026-07-31T20:40:28.073020+00:00,2026-06-01 00:00:00+00:00,0.0,1.0,0.0,0.0,neutral,VADER
2026-06-01 03:45:00+00:00,"Bitcoin Hash Rate Flattens as Miners Face AI Squeeze , Fidelity Report Says – NaturalNews . com",https://www.naturalnews.com/2026-05-31-bitcoin-hash-rate-flattens-miners-ai-squeeze.html,naturalnews.com,English,United States,GDELT DOC 2.0,2026-07-31T20:40:28.073020+00:00,2026-06-01 00:00:00+00:00,0.0,1.0,0.0,0.0,neutral,VADER
2026-06-01 06:45:00+00:00,"BTC , ETH price news : Bitcoin , ether , solana slide as AI trade continues to rip higher",https://www.coindesk.com/markets/2026/06/01/bitcoin-extends-slide-as-spot-etf-outflows-hit-a-record-while-wall-street-rips-on-ai,coindesk.com,English,United States,GDELT DOC 2.0,2026-07-31T20:40:28.073020+00:00,2026-06-01 00:00:00+00:00,0.0,1.0,0.0,0.0,neutral,VADER
2026-06-01 07:15:00+00:00,Bitcoin Price Teeters Near The Edge As Bears Eye Another Breakdown,https://www.newsbtc.com/analysis/btc/bitcoin-price-teeters-near-74k/,newsbtc.com,English,United States,GDELT DOC 2.0,2026-07-31T20:40:28.073020+00:00,2026-06-01 00:00:00+00:00,0.0,1.0,0.0,0.0,neutral,VADER
2026-06-01 07:45:00+00:00,ED issues 2nd summons to Youth Congress leader Mohammed Nalapad in bitcoin scam case,https://www.mangalorean.com/ed-issues-2nd-summons-to-youth-congress-leader-mohammed-nalapad-in-bitcoin-scam-case/,mangalorean.com,English,India,GDELT DOC 2.0,2026-07-31T20:40:28.073020+00:00,2026-06-01 00:00:00+00:00,0.222,0.778,0.0,-0.5719,negative,VADER
2026-06-01 09:45:00+00:00,"Further & 3iQ Expand Alpha Digital Fund with New USD Class II , Combining BTC Exposure with Alpha",https://www.prnewswire.com/news-releases/further--3iq-expand-alpha-digital-fund-with-new-usd-class-ii-combining-btc-exposure-with-alpha-302786218.html,prnewswire.com,English,United States,GDELT DOC 2.0,2026-07-31T20:40:28.073020+00:00,2026-06-01 00:00:00+00:00,0.0,0.881,0.119,0.3182,positive,VADER
2026-06-01 09:45:00+00:00,"Bitcoin Price Today Slips to 73 , 241 as ETH Loses 2K",https://www.riotimesonline.com/bitcoin-price-today-slips-to-73241-as-eth-loses-2k/,riotimesonline.com,English,Brazil,GDELT DOC 2.0,2026-07-31T20:40:28.073020+00:00,2026-06-01 00:00:00+00:00,0.173,0.827,0.0,-0.3182,negative,VADER
2026-06-01 12:00:00+00:00,"Bitcoin Stays Steered by Iran Nerves as BTC Price Drops Under $73 , 000",https://cointelegraph.com/markets/trump-says-iran-will-work-out-well-five-things-to-know-in-bitcoin-this-week,cointelegraph.com,English,China,GDELT DOC 2.0,2026-07-31T20:40:28.073020+00:00,2026-06-01 00:00:00+00:00,0.097,0.903,0.0,-0.1027,negative,VADER
2026-06-01 12:30:00+00:00,Sphere 3D and Cathedra Bitcoin Announce Closing of Business Combination,http://www.tennesseedaily.com/news/279095159/sphere-3d-and-cathedra-bitcoin-announce-closing-of-business-combination,tennesseedaily.com,English,United States,GDELT DOC 2.0,2026-07-31T20:40:28.073020+00:00,2026-06-01 00:00:00+00:00,0.0,1.0,0.0,0.0,neutral,VADER
2026-06-01 12:30:00+00:00,"Wrapped Bitcoin ( WBTC ) Price Tops $72 , 453 . 95",https://www.tickerreport.com/banking-finance/13460230/wrapped-bitcoin-wbtc-price-tops-72453-95.html,tickerreport.com,English,United States,GDELT DOC 2.0,2026-07-31T20:40:28.073020+00:00,2026-06-01 00:00:00+00:00,0.0,0.769,0.231,0.5106,positive,VADER
2026-06-01 13:45:00+00:00,Bitcoin Depot Lawsuit : Retired Woman Forced Back to Work After Fake FBI Scam Drains $76K Into Crypto ATM,https://www.ibtimes.co.uk/bitcoin-depot-lawsuit-retired-woman-forced-back-work-after-fake-fbi-scam-drains-76k-crypto-atm-1800067,ibtimes.co.uk,English,United Kingdom,GDELT DOC 2.0,2026-07-31T20:40:28.073020+00:00,2026-06-01 00:00:00+00:00,0.438,0.562,0.0,-0.8934,negative,VADER
2026-06-01 13:45:00+00:00,"Current price of Bitcoin for June 1 , 2026",https://fortune.com/article/price-of-bitcoin-06-01-2026/,fortune.com,English,United States,GDELT DOC 2.0,2026-07-31T20:40:28.073020+00:00,2026-06-01 00:00:00+00:00,0.0,1.0,0.0,0.0,neutral,VADER
2026-06-01 13:45:00+00:00,"Strategy shares fall after selling $2 . 5 million in bitcoin , its first sale since 2022",https://www.cnbc.com/2026/06/01/strategy-shares-fall-after-selling-2point5-million-in-bitcoin-its-first-sale-since-2022.html,cnbc.com,English,United States,GDELT DOC 2.0,2026-07-31T20:40:28.073020+00:00,2026-06-01 00:00:00+00:00,0.0,0.879,0.121,0.296,positive,VADER
2026-06-01 14:00:00+00:00,Kazakhstan sees BTC pipeline as key route for oil exports - minister,https://www.trend.az/business/energy/4192967.html,trend.az,English,Azerbaijan,GDELT DOC 2.0,2026-07-31T20:40:28.073020+00:00,2026-06-01 00:00:00+00:00,0.0,1.0,0.0,0.0,neutral,VADER
2026-06-01 14:15:00+00:00,Strategy Sells Bitcoin For First Time In Four Years,https://finance.yahoo.com/markets/crypto/articles/strategy-sells-bitcoin-first-time-130500239.html,finance.yahoo.com,English,United States,GDELT DOC 2.0,2026-07-31T20:40:28.073020+00:00,2026-06-01 00:00:00+00:00,0.0,1.0,0.0,0.0,neutral,VADER
2026-06-01 15:15:00+00:00,Playbook changed : Strategy sells $2 . 5M worth of Bitcoin for the first time in 41 months,https://seekingalpha.com/news/4598857-investors-alert-strategy-sells-25m-bitcoin-for-the-first-time-in-41-months,seekingalpha.com,English,United States,GDELT DOC 2.0,2026-07-31T20:40:28.073020+00:00,2026-06-01 00:00:00+00:00,0.0,0.899,0.101,0.2263,positive,VADER
2026-06-01 15:15:00+00:00,Bitcoin juggernaut Strategy stock drops as it sells coins for the first time since 2022,https://finance.yahoo.com/markets/stocks/article/bitcoin-juggernaut-strategy-stock-drops-as-it-sells-coins-for-the-first-time-since-2022-144541049.html,finance.yahoo.com,English,United States,GDELT DOC 2.0,2026-07-31T20:40:28.073020+00:00,2026-06-01 00:00:00+00:00,0.0,1.0,0.0,0.0,neutral,VADER
2026-06-01 15:45:00+00:00,Bitcoin dip buyers place $500M in bids as $70K retest looms,https://www.openpr.com/news/4533977/bitcoin-dip-buyers-place-500m-in-bids-as-70k-retest-looms,openpr.com,English,United States,GDELT DOC 2.0,2026-07-31T20:40:28.073020+00:00,2026-06-01 00:00:00+00:00,0.138,0.862,0.0,-0.1531,negative,VADER
2026-06-01 16:00:00+00:00,Strategy Bitcoin News : Saylor Discloses 32 BTC Sale,https://www.coinspeaker.com/strategy-bitcoin-32-btc-sale-tax-purposes-accumulation/,coinspeaker.com,English,United States,GDELT DOC 2.0,2026-07-31T20:40:28.073020+00:00,2026-06-01 00:00:00+00:00,0.0,1.0,0.0,0.0,neutral,VADER
2026-06-01 17:15:00+00:00,Saylor Breaks The Immaculate Bitcoin Narrative,https://www.zerohedge.com/news/2026-06-01/saylor-breaks-immaculate-bitcoin-narrative,zerohedge.com,English,United States,GDELT DOC 2.0,2026-07-31T20:40:28.073020+00:00,2026-06-01 00:00:00+00:00,0.0,1.0,0.0,0.0,neutral,VADER
2026-06-01 17:30:00+00:00,Where Will Bitcoin Be After the Next Market Crash ?,https://www.fool.com/investing/2026/06/01/where-will-crypto-be-after-the-next-market-crash/?source=iedfolrf0000001,fool.com,English,United States,GDELT DOC 2.0,2026-07-31T20:40:28.073020+00:00,2026-06-01 00:00:00+00:00,0.231,0.769,0.0,-0.4019,negative,VADER
2026-06-01 17:45:00+00:00,Forget Bitcoin ! 1 Historically Cheap Stock to Buy Right Now Instead of the World Largest Cryptocurrency,https://finance.yahoo.com/markets/stocks/articles/forget-bitcoin-1-historically-cheap-171003912.html,finance.yahoo.com,English,United States,GDELT DOC 2.0,2026-07-31T20:40:28.073020+00:00,2026-06-01 00:00:00+00:00,0.12,0.88,0.0,-0.2942,negative,VADER
2026-06-01 19:30:00+00:00,Strategy Bitcoin Sale Reshapes Debate Around BTC Treasury Companies,https://cointelegraph.com/news/strategy-bitcoin-sale-btc-treasury-company-valuation,cointelegraph.com,English,China,GDELT DOC 2.0,2026-07-31T20:40:28.073020+00:00,2026-06-01 00:00:00+00:00,0.0,0.816,0.184,0.2023,positive,VADER
2026-06-01 19:45:00+00:00,"Bitcoin Almost Drops To $70 , 000 : Imagine How Much Weaker It Will Be When Nasdaq Has A Correction , Peter",https://www.benzinga.com/crypto/cryptocurrency/26/06/52921339/bitcoin-almost-drops-to-70000-imagine-how-much-weaker-it-will-be-when-nasdaq-has-a-correction-peter-schiff-says,benzinga.com,English,United States,GDELT DOC 2.0,2026-07-31T20:40:28.073020+00:00,2026-06-01 00:00:00+00:00,0.121,0.879,0.0,-0.4404,negative,VADER
2026-06-01 19:45:00+00:00,Veteran analyst predicts rare opportunity before next Bitcoin rally,https://finance.yahoo.com/markets/crypto/articles/veteran-analyst-predicts-rare-opportunity-191000066.html,finance.yahoo.com,English,United States,GDELT DOC 2.0,2026-07-31T20:40:28.073020+00:00,2026-06-01 00:00:00+00:00,0.0,0.741,0.259,0.4215,positive,VADER
2026-06-01 19:45:00+00:00,"Bitcoin Dumps 3 %, But Ethereum , XRP , Dogecoin Outperform : Is This The New Altseason ?",https://www.benzinga.com/crypto/cryptocurrency/26/06/52920137/bitcoin-dumps-3-but-ethereum-xrp-dogecoin-outperform-is-this-the-new-altseason,benzinga.com,English,United States,GDELT DOC 2.0,2026-07-31T20:40:28.073020+00:00,2026-06-01 00:00:00+00:00,0.098,0.902,0.0,-0.2144,negative,VADER
2026-06-01 20:00:00+00:00,Bitcoin to Naira : Monica Cash expands presence in Nigeria fast - growing crypto market,https://techcabal.com/2026/06/01/monica-cash-expands-presence-in-nigeria/,techcabal.com,English,Nigeria,GDELT DOC 2.0,2026-07-31T20:40:28.073020+00:00,2026-06-01 00:00:00+00:00,0.0,0.807,0.193,0.2732,positive,VADER
2026-06-01 20:45:00+00:00,Strategy MSTR Bitcoin BTC USD sale first time : Is Michael Saylor Strategy changing its Bitcoin playbook ? MSTR sells $2 . 5 million of BTC for the first time since 2022 - here why,https://economictimes.indiatimes.com/news/international/us/is-michael-saylors-strategy-changing-its-bitcoin-playbook-mstr-sells-2-5-million-of-btc-for-the-first-time-since-2022-heres-why/articleshow/131449744.cms,economictimes.indiatimes.com,English,India,GDELT DOC 2.0,2026-07-31T20:40:28.073020+00:00,2026-06-01 00:00:00+00:00,0.0,1.0,0.0,0.0,neutral,VADER
2026-06-01 21:15:00+00:00,"How a $300 Home Computer Hit a $232 , 000 Bitcoin Jackpot",https://techstory.in/the-ultimate-long-shot-how-a-300-home-computer-hit-a-232000-bitcoin-jackpot/,techstory.in,English,India,GDELT DOC 2.0,2026-07-31T20:40:28.073020+00:00,2026-06-01 00:00:00+00:00,0.0,1.0,0.0,0.0,neutral,VADER
2026-06-01 21:15:00+00:00,Strategy Breaks Tradition : First Bitcoin Sale Since 2022 Sparks Market Tremors,https://techstory.in/strategy-breaks-tradition-first-bitcoin-sale-since-2022-sparks-market-tremors/,techstory.in,English,India,GDELT DOC 2.0,2026-07-31T20:40:28.073020+00:00,2026-06-01 00:00:00+00:00,0.0,1.0,0.0,0.0,neutral,VADER
2026-06-01 21:45:00+00:00,Price of Bitcoin Drops as Michael Saylor Strategy Sells Off Some of Its Stash,https://gizmodo.com/price-of-bitcoin-drops-as-michael-saylors-strategy-sells-off-some-of-its-stash-2000765973,gizmodo.com,English,United States,GDELT DOC 2.0,2026-07-31T20:40:28.073020+00:00,2026-06-01 00:00:00+00:00,0.0,1.0,0.0,0.0,neutral,VADER
2026-06-01 21:45:00+00:00,Strategy $2 . 5 million BTC sale and lessons from the first time MSTR sold in December 2022,https://www.coindesk.com/markets/2026/06/01/strategy-s-second-bitcoin-sale-revives-memories-of-2022,coindesk.com,English,United States,GDELT DOC 2.0,2026-07-31T20:40:28.073020+00:00,2026-06-01 00:00:00+00:00,0.0,1.0,0.0,0.0,neutral,VADER
2026-06-01 21:45:00+00:00,Saylor Strategy ( MSTR ) sold bitcoin ( BTC ). These crypto treasuries are still buying,https://www.coindesk.com/business/2026/06/01/saylor-s-strategy-sold-bitcoin-for-the-first-time-since-2022-these-firms-are-still-buying,coindesk.com,English,United States,GDELT DOC 2.0,2026-07-31T20:40:28.073020+00:00,2026-06-01 00:00:00+00:00,0.0,0.888,0.112,0.2263,positive,VADER
2026-06-01 22:00:00+00:00,Why A 24 - Year - Old AI Wunderkind Is Betting Big On Bitcoin Miners,https://www.forbes.com/sites/greatspeculations/2026/06/01/why-a-24-year-old-ai-wunderkind-is-betting-big-on-bitcoin-miners/,forbes.com,English,United States,GDELT DOC 2.0,2026-07-31T20:40:28.073020+00:00,2026-06-01 00:00:00+00:00,0.0,1.0,0.0,0.0,neutral,VADER
2026-06-01 22:30:00+00:00,Bitcoin Derivatives Show Bulls Making Moves Despite $70K Sell - off,https://cointelegraph.com/markets/bitcoin-bulls-eye-fresh-positions-after-btc-price-drops-under-71k,cointelegraph.com,English,China,GDELT DOC 2.0,2026-07-31T20:40:28.073020+00:00,2026-06-01 00:00:00+00:00,0.0,1.0,0.0,0.0,neutral,VADER
2026-06-01 22:30:00+00:00,Bitcoin Volatility Drops 56 % As Analysts Watch For 20 % Price Move,https://cointelegraph.com/markets/bitcoin-volatility-down-56-as-btc-analysts-eye-10-20-move,cointelegraph.com,English,China,GDELT DOC 2.0,2026-07-31T20:40:28.073020+00:00,2026-06-01 00:00:00+00:00,0.0,1.0,0.0,0.0,neutral,VADER
2026-06-02 00:00:00+00:00,LA Crypto Godfather Pleads Guilty to Connecticut Bitcoin Robbery,https://mynewsla.com/crime/2026/06/01/la-man-pleads-guilty-to-involvement-in-connecticut-robbery/,mynewsla.com,English,United States,GDELT DOC 2.0,2026-07-31T20:40:28.073020+00:00,2026-06-02 00:00:00+00:00,0.259,0.741,0.0,-0.4215,negative,VADER
2026-06-29 12:15:00+00:00,"Bitcoin Pulls Back Amidst Geopolitical Tensions and ETF Outflows , Technicals Signal Caution",http://www.econotimes.com/Bitcoin-Pulls-Back-Amidst-Geopolitical-Tensions-and-ETF-Outflows-Technicals-Signal-Caution-1745396,econotimes.com,English,United States,GDELT DOC 2.0,2026-07-31T20:40:28.073020+00:00,2026-06-29 00:00:00+00:00,0.184,0.816,0.0,-0.4019,negative,VADER
2026-06-29 12:30:00+00:00,Bitcoin ETFs set for worst month with US$4bil in outflows,https://www.freemalaysiatoday.com/category/business/2026/06/29/bitcoin-etfs-set-for-worst-month-with-us4bil-in-outflows,freemalaysiatoday.com,English,Malaysia,GDELT DOC 2.0,2026-07-31T20:40:28.073020+00:00,2026-06-29 00:00:00+00:00,0.313,0.687,0.0,-0.6249,negative,VADER
2026-06-29 12:30:00+00:00,Bitcoin Crashed 50 % While Binance Lost Europe : The Five Factors CZ Left Out,https://www.techtimes.com/articles/319268/20260629/bitcoin-crashed-50-while-binance-lost-europe-five-factors-cz-left-out.htm,techtimes.com,English,United States,GDELT DOC 2.0,2026-07-31T20:40:28.073020+00:00,2026-06-29 00:00:00+00:00,0.141,0.859,0.0,-0.3182,negative,VADER
2026-06-29 13:15:00+00:00,"Bitcoin Could Fall Further if CLARITY Stalls , Fed Hikes , Grayscale Warns",https://www.banklesstimes.com/articles/2026/06/29/grayscale-warns-bitcoin-could-slip-further-if-clarity-stalls-and-fed-hikes-again/,banklesstimes.com,English,United States,GDELT DOC 2.0,2026-07-31T20:40:28.073020+00:00,2026-06-29 00:00:00+00:00,0.088,0.695,0.217,0.4648,positive,VADER
2026-06-29 13:45:00+00:00,Breez Lets Bitcoin Wallets Send USDC and USDT Without Holding Stablecoins,https://cointelegraph.com/news/breez-bitcoin-wallets-send-usdc-usdt-without-holding-stablecoins,cointelegraph.com,English,China,GDELT DOC 2.0,2026-07-31T20:40:28.073020+00:00,2026-06-29 00:00:00+00:00,0.0,1.0,0.0,0.0,neutral,VADER
2026-06-29 13:45:00+00:00,Is This Bitcoin RSI Signal The One ? 2026 Prints a Key Bullish Divergence,https://cointelegraph.com/markets/btc-price-rsi-prints-key-2026-signal-five-things-to-know-in-bitcoin-this-week,cointelegraph.com,English,China,GDELT DOC 2.0,2026-07-31T20:40:28.073020+00:00,2026-06-29 00:00:00+00:00,0.0,1.0,0.0,0.0,neutral,VADER
2026-06-29 13:45:00+00:00,"Ripple CEO Is Bullish On Bitcoin , But Michael Saylor Leveraged Bet Hurts Sentiment",https://www.benzinga.com/crypto/cryptocurrency/26/06/60154283/ripple-ceo-is-bullish-on-bitcoin-but-michael-saylors-leveraged-bet-hurts-sentiment,benzinga.com,English,United States,GDELT DOC 2.0,2026-07-31T20:40:28.073020+00:00,2026-06-29 00:00:00+00:00,0.242,0.758,0.0,-0.631,negative,VADER
2026-06-29 13:45:00+00:00,Strategy Unveils Bitcoin Framework With $2 . 55B Cash Reserve,https://cointelegraph.com/news/strategy-capital-framework-preserve-bitcoin-exposure,cointelegraph.com,English,China,GDELT DOC 2.0,2026-07-31T20:40:28.073020+00:00,2026-06-29 00:00:00+00:00,0.0,1.0,0.0,0.0,neutral,VADER
2026-06-29 14:00:00+00:00,FT Vest Bitcoin Strategy & Target Income ETF ( NYSEARCA : DFII ) Short Interest Update,https://www.dailypolitical.com/2026/06/29/ft-vest-bitcoin-strategy-target-income-etf-nysearcadfii-short-interest-update.html,dailypolitical.com,English,United States,GDELT DOC 2.0,2026-07-31T20:40:28.073020+00:00,2026-06-29 00:00:00+00:00,0.0,0.833,0.167,0.4588,positive,VADER
2026-06-29 15:30:00+00:00,Bitcoin ETFs suffer record $4 . 1 billion monthly outflows,https://news.az/news/bitcoin-etfs-suffer-record-41-billion-monthly-outflows,news.az,English,Azerbaijan,GDELT DOC 2.0,2026-07-31T20:40:28.073020+00:00,2026-06-29 00:00:00+00:00,0.28,0.72,0.0,-0.5423,negative,VADER
2026-06-29 15:45:00+00:00,Bitcoin Private ( BTCP ) Trading 0 . 5 % Higher This Week,https://www.tickerreport.com/banking-finance/13489559/bitcoin-private-btcp-trading-0-5-higher-this-week.html,tickerreport.com,English,United States,GDELT DOC 2.0,2026-07-31T20:40:28.073020+00:00,2026-06-29 00:00:00+00:00,0.0,1.0,0.0,0.0,neutral,VADER
2026-06-29 16:15:00+00:00,"Bitcoin Trades Near $60 , 000 As Strategists Flag Technical Breakdown , ETF Outflows",https://www.ibtimes.com/bitcoin-trades-near-60000-strategists-flag-technical-breakdown-etf-outflows-3804690,ibtimes.com,English,United States,GDELT DOC 2.0,2026-07-31T20:40:28.073020+00:00,2026-06-29 00:00:00+00:00,0.0,1.0,0.0,0.0,neutral,VADER
2026-06-29 16:30:00+00:00,Tuttle Capital Bitcoin 0DTE Covered Call ETF ( BITK ) and Tuttle Capital ...,https://www.pr-inside.com/tuttle-capital-bitcoin-0dte-covered-call-etf-bitk-and-tuttle-capital-r5195850.htm,pr-inside.com,English,United States,GDELT DOC 2.0,2026-07-31T20:40:28.073020+00:00,2026-06-29 00:00:00+00:00,0.0,1.0,0.0,0.0,neutral,VADER
2026-06-29 17:00:00+00:00,Strategy Opens Door to Bitcoin Sales as Treasury Model Faces Pressure,https://finance.yahoo.com/markets/crypto/articles/strategy-opens-door-bitcoin-sales-161700934.html,finance.yahoo.com,English,United States,GDELT DOC 2.0,2026-07-31T20:40:28.073020+00:00,2026-06-29 00:00:00+00:00,0.169,0.692,0.138,-0.1027,negative,VADER
2026-06-29 17:45:00+00:00,Tuttle Capital Bitcoin 0DTE Covered Call ETF ( BITK ) and Tuttle Capital Magnificent 7 Income Blast ETF ( MAGO ) to Liquidate,http://www.tennesseedaily.com/news/279155663/tuttle-capital-bitcoin-0dte-covered-call-etf-bitk-and-tuttle-capital-magnificent-7-income-blast-etf-mago-to-liquidate,tennesseedaily.com,English,United States,GDELT DOC 2.0,2026-07-31T20:40:28.073020+00:00,2026-06-29 00:00:00+00:00,0.0,0.849,0.151,0.5994,positive,VADER
2026-06-29 18:30:00+00:00,Biggest Crypto Backflips : From Bitcoin Critics to Believers,https://cointelegraph.com/features/from-bitcoin-critics-to-blockchain-believers-the-5-biggest-crypto-backflips,cointelegraph.com,English,China,GDELT DOC 2.0,2026-07-31T20:40:28.073020+00:00,2026-06-29 00:00:00+00:00,0.216,0.784,0.0,-0.296,negative,VADER
2026-06-29 18:30:00+00:00,"Can Bitcoin Avoid A $60 , 000 Support Loss As US Stocks Rebound ?",https://cointelegraph.com/markets/bitcoin-fails-60k-reclaim-as-us-stocks-rebound-on-new-iran-peace-hopes,cointelegraph.com,English,China,GDELT DOC 2.0,2026-07-31T20:40:28.073020+00:00,2026-06-29 00:00:00+00:00,0.247,0.604,0.148,-0.2023,negative,VADER
2026-06-29 19:15:00+00:00,Tuttle Capital Bitcoin 0DTE Covered Call ETF ( BITK ) and Tuttle Capital Magnificent 7 Income Blast ETF ( MAGO ) to Liquidate,http://www.hawaiitelegraph.com/news/279155663/tuttle-capital-bitcoin-0dte-covered-call-etf-bitk-and-tuttle-capital-magnificent-7-income-blast-etf-mago-to-liquidate,hawaiitelegraph.com,English,United States,GDELT DOC 2.0,2026-07-31T20:40:28.073020+00:00,2026-06-29 00:00:00+00:00,0.0,0.849,0.151,0.5994,positive,VADER
2026-06-29 19:15:00+00:00,Strategy Falls Below Value of Its Bitcoin Holdings Amid Crypto Slump,https://www.moroccoworldnews.com/2026/06/326234/strategy-falls-below-value-of-its-bitcoin-holdings-amid-crypto-slump/,moroccoworldnews.com,English,Morocco,GDELT DOC 2.0,2026-07-31T20:40:28.073020+00:00,2026-06-29 00:00:00+00:00,0.0,0.806,0.194,0.34,positive,VADER
2026-06-29 19:45:00+00:00,Tuttle Capital Bitcoin 0DTE Covered Call ETF ( BITK ) and Tuttle Capital Magnificent 7 Income Blast ETF ( MAGO ) to Liquidate,http://www.newjerseytelegraph.com/news/279155663/tuttle-capital-bitcoin-0dte-covered-call-etf-bitk-and-tuttle-capital-magnificent-7-income-blast-etf-mago-to-liquidate,newjerseytelegraph.com,English,United States,GDELT DOC 2.0,2026-07-31T20:40:28.073020+00:00,2026-06-29 00:00:00+00:00,0.0,0.849,0.151,0.5994,positive,VADER
2026-06-29 21:00:00+00:00,SpaceX Just Lost $600 Billion in Value in Less Than Two Weeks . That Why Im Buying Bitcoin .,https://www.fool.com/investing/2026/06/29/spacex-just-lost-600-billion-in-value-in-less-than/?source=iedfolrf0000001,fool.com,English,United States,GDELT DOC 2.0,2026-07-31T20:40:28.073020+00:00,2026-06-29 00:00:00+00:00,0.106,0.783,0.111,0.0258,neutral,VADER
2026-06-29 22:15:00+00:00,Strategy shares jump after unveiling framework that could allow Bitcoin sales,https://www.proactiveinvestors.com/companies/news/1094669/strategy-shares-jump-after-unveiling-framework-that-could-allow-bitcoin-sales-1094669.html,proactiveinvestors.com,English,United States,GDELT DOC 2.0,2026-07-31T20:40:28.073020+00:00,2026-06-29 00:00:00+00:00,0.0,0.687,0.313,0.4767,positive,VADER
2026-06-29 22:15:00+00:00,Billionaire investor reveals key reasons behind Bitcoin decline,https://finance.yahoo.com/markets/crypto/articles/billionaire-investor-reveals-key-reasons-213400789.html,finance.yahoo.com,English,United States,GDELT DOC 2.0,2026-07-31T20:40:28.073020+00:00,2026-06-29 00:00:00+00:00,0.0,1.0,0.0,0.0,neutral,VADER
2026-06-29 22:45:00+00:00,"BTC Digital Ltd . Announces Closing of Private Placement Financing of up to $28 Million , Accelerating the Expansion of Its AI Computing Business",https://www.prnewswire.com/news-releases/btc-digital-ltd-announces-closing-of-private-placement-financing-of-up-to-28-million-accelerating-the-expansion-of-its-ai-computing-business-302813778.html,prnewswire.com,English,United States,GDELT DOC 2.0,2026-07-31T20:40:28.073020+00:00,2026-06-29 00:00:00+00:00,0.0,1.0,0.0,0.0,neutral,VADER
2026-06-29 23:15:00+00:00,"CryptoQuant Flags Rising Bitcoin Whale Share On Gate As BTC Holds Below $60 , 000",https://www.newsbtc.com/news/cryptoquant-flags-rising-bitcoin-whale-share-on-gate-as-btc-holds-below-60000-2/,newsbtc.com,English,United States,GDELT DOC 2.0,2026-07-31T20:40:28.073020+00:00,2026-06-30 00:00:00+00:00,0.0,0.864,0.136,0.296,positive,VADER
2026-06-29 23:15:00+00:00,"BTC Digital Ltd . Announces Closing of Private Placement Financing of up to $28 Million , Accelerating the Expansion of Its AI Computing Business",http://www.prnewswire.com/news-releases/btc-digital-ltd-announces-closing-of-private-placement-financing-of-up-to-28-million-accelerating-the-expansion-of-its-ai-computing-business-302813778.html,prnewswire.com,English,United States,GDELT DOC 2.0,2026-07-31T20:40:28.073020+00:00,2026-06-30 00:00:00+00:00,0.0,1.0,0.0,0.0,neutral,VADER
2026-06-30 01:00:00+00:00,Saylor Bitcoin Flywheel Hits a Snag - The Daily Reckoning,https://dailyreckoning.com/saylors-bitcoin-flywheel-hits-a-snag/,dailyreckoning.com,English,United States,GDELT DOC 2.0,2026-07-31T20:40:28.073020+00:00,2026-06-30 00:00:00+00:00,0.0,1.0,0.0,0.0,neutral,VADER
2026-06-30 01:00:00+00:00,"BTC Bank completes conversion of The Tipton Latham Bank , N . A .; Tri - County Trust Company","http://sedaliademocrat.com/stories/btc-bank-completes-conversion-of-the-tipton-latham-bank-na-tri-county-trust-company,53197",sedaliademocrat.com,English,United States,GDELT DOC 2.0,2026-07-31T20:40:28.073020+00:00,2026-06-30 00:00:00+00:00,0.0,0.845,0.155,0.5106,positive,VADER
2026-06-30 01:30:00+00:00,Bitcoin miner and AI firm Ionic Digital files for Nasdaq direct listing,https://www.thestar.com.my/tech/tech-news/2026/06/30/bitcoin-miner-and-ai-firm-ionic-digital-files-for-nasdaq-direct-listing,thestar.com.my,English,Malaysia,GDELT DOC 2.0,2026-07-31T20:40:28.073020+00:00,2026-06-30 00:00:00+00:00,0.0,1.0,0.0,0.0,neutral,VADER
2026-06-30 02:30:00+00:00,"Bitcoin , Ethereum Gain , XRP , Dogecoin Flat As Trump Announces Next Round Of US - Iran Talks : Analyst Flags Signal Marking Generational Buying Opportunities",https://finance.yahoo.com/markets/crypto/articles/bitcoin-ethereum-gain-xrp-dogecoin-020434418.html,finance.yahoo.com,English,United States,GDELT DOC 2.0,2026-07-31T20:40:28.073020+00:00,2026-06-30 00:00:00+00:00,0.0,0.806,0.194,0.7184,positive,VADER
2026-06-30 04:30:00+00:00,"Bitcoin , Ethereum Gain , XRP , Dogecoin Flat As Trump Announces Next Round Of US - Iran Talks : Analyst Flags",https://www.benzinga.com/crypto/cryptocurrency/26/06/60176902/bitcoin-and-ethereum-gain-as-trump-announces-new-us-iran-talks-analyst-sees-generational-buying-signal,benzinga.com,English,United States,GDELT DOC 2.0,2026-07-31T20:40:28.073020+00:00,2026-06-30 00:00:00+00:00,0.0,0.861,0.139,0.5267,positive,VADER
2026-06-30 04:45:00+00:00,Who Actually Pays When MicroStrategy $64 Billion Bitcoin Bet Goes Wrong ?,https://finance.yahoo.com/markets/crypto/articles/actually-pays-microstrategy-64-billion-171726089.html,finance.yahoo.com,English,United States,GDELT DOC 2.0,2026-07-31T20:40:28.073020+00:00,2026-06-30 00:00:00+00:00,0.22,0.78,0.0,-0.4767,negative,VADER
2026-06-30 07:45:00+00:00,Capital Rotates to BTC DeFi Scaling : HYPER nears $33M Milestone,https://partners.coinspeaker.com/capital-rotates-to-l2-infrastructure-bitcoin-hyper-nears-33m-milestone-amid-spot-market-consolidation,partners.coinspeaker.com,English,United States,GDELT DOC 2.0,2026-07-31T20:40:28.073020+00:00,2026-06-30 00:00:00+00:00,0.0,1.0,0.0,0.0,neutral,VADER
2026-06-30 11:30:00+00:00,MSTR nears 11th losing month in the last 12 as bitcoin weakness weighs hard,https://www.coindesk.com/markets/2026/06/30/strategy-heads-for-eleventh-losing-month-in-twelve-as-bitcoin-weakness-continues,coindesk.com,English,United States,GDELT DOC 2.0,2026-07-31T20:40:28.073020+00:00,2026-06-30 00:00:00+00:00,0.382,0.618,0.0,-0.7003,negative,VADER
2026-06-30 11:30:00+00:00,Bitcoin tie to USD / JPY is the strongest it been since 2022 . Here why that matters .,https://www.coindesk.com/markets/2026/06/30/bitcoin-s-52-week-correlation-with-usd-jpy-hits-0-90-undercutting-carry-trade-theory,coindesk.com,English,United States,GDELT DOC 2.0,2026-07-31T20:40:28.073020+00:00,2026-06-30 00:00:00+00:00,0.0,0.81,0.19,0.4588,positive,VADER
2026-06-30 11:45:00+00:00,"Strike Europe Secures Full MiCA Authorization , Unlocking Bitcoin Services Across All 27 EU Member States",https://www.finanznachrichten.de/nachrichten-2026-06/68903296-strike-europe-secures-full-mica-authorization-unlocking-bitcoin-services-across-all-27-eu-member-states-004.htm,finanznachrichten.de,English,Germany,GDELT DOC 2.0,2026-07-31T20:40:28.073020+00:00,2026-06-30 00:00:00+00:00,0.084,0.787,0.129,0.2023,positive,VADER
2026-06-30 11:45:00+00:00,Fidelity Wise Origin Bitcoin Fund ( BATS : FBTC ) Short Interest Update,https://www.themarketsdaily.com/2026/06/30/fidelity-wise-origin-bitcoin-fund-batsfbtc-short-interest-update.html,themarketsdaily.com,English,United States,GDELT DOC 2.0,2026-07-31T20:40:28.073020+00:00,2026-06-30 00:00:00+00:00,0.0,0.643,0.357,0.7269,positive,VADER
2026-06-30 13:00:00+00:00,"Billionaire Investor Grantham Says Bitcoin Will Fade Not With A Bang , But A Whimper",https://www.benzinga.com/crypto/cryptocurrency/26/06/60183115/billionaire-investor-grantham-says-bitcoin-will-fade-not-with-a-bang-but-a-whimper,benzinga.com,English,United States,GDELT DOC 2.0,2026-07-31T20:40:28.073020+00:00,2026-06-30 00:00:00+00:00,0.0,1.0,0.0,0.0,neutral,VADER
2026-06-30 13:15:00+00:00,"Bitcoin and ethereum prices today , Tuesday , June 30 : Prices sliding , down about 40 % from last year",https://finance.yahoo.com/personal-finance/investing/article/bitcoin-and-ethereum-prices-today-tuesday-june-30-prices-sliding-down-about-40-from-last-year-124424056.html,finance.yahoo.com,English,United States,GDELT DOC 2.0,2026-07-31T20:40:28.073020+00:00,2026-06-30 00:00:00+00:00,0.0,1.0,0.0,0.0,neutral,VADER
2026-06-30 13:30:00+00:00,BlackRock IBIT Sees $300M Outflow As Bitcoin ETF Rebalancing Deepens,https://www.newsbtc.com/news/blackrock-s-ibit-sees-300m-outflow-as-bitcoin-etf-rebalancing-deepens/,newsbtc.com,English,United States,GDELT DOC 2.0,2026-07-31T20:40:28.073020+00:00,2026-06-30 00:00:00+00:00,0.0,1.0,0.0,0.0,neutral,VADER
2026-06-30 16:00:00+00:00,Baystreet . ca - Bitcoin Slides Lower To End The Year First Half,http://baystreet.ca/cryptonews/1338/Bitcoin-Slides-Lower-To-End-The-Years-First-Half,baystreet.ca,English,Canada,GDELT DOC 2.0,2026-07-31T20:40:28.073020+00:00,2026-06-30 00:00:00+00:00,0.155,0.845,0.0,-0.296,negative,VADER
2026-06-30 17:45:00+00:00,Bitcoin is testing the low for 2026 and lowest level going back to September 2024,https://investinglive.com:443/Cryptocurrency/bitcoin-is-testing-the-low-for-2026-and-lowest-level-going-back-to-september-2024-20260630/,investinglive.com,English,,GDELT DOC 2.0,2026-07-31T20:40:28.073020+00:00,2026-06-30 00:00:00+00:00,0.266,0.734,0.0,-0.5719,negative,VADER
2026-06-30 18:00:00+00:00,Whales Rotate Back To Bitcoin And Ethereum As Altcoin Risk Cools,https://www.newsbtc.com/news/whales-rotate-back-to-bitcoin-and-ethereum-as-altcoin-risk-cools/,newsbtc.com,English,United States,GDELT DOC 2.0,2026-07-31T20:40:28.073020+00:00,2026-06-30 00:00:00+00:00,0.174,0.826,0.0,-0.2732,negative,VADER
2026-06-30 18:00:00+00:00,"Bitcoin Falls Below $59 , 000 As Bears Target Bottom Between $10 , 000 And $20 , 000",https://www.benzinga.com/crypto/cryptocurrency/26/06/60196714/bitcoin-falls-below-59000-as-bears-target-bottom-between-10000-and-20000,benzinga.com,English,United States,GDELT DOC 2.0,2026-07-31T20:40:28.073020+00:00,2026-06-30 00:00:00+00:00,0.0,1.0,0.0,0.0,neutral,VADER
2026-06-30 18:00:00+00:00,Record Bitcoin Holder Supply Points to Early Bottom : Swan CEO,https://cointelegraph.com/news/record-bitcoin-holder-supply-early-bottom-swan-ceo,cointelegraph.com,English,China,GDELT DOC 2.0,2026-07-31T20:40:28.073020+00:00,2026-06-30 00:00:00+00:00,0.0,1.0,0.0,0.0,neutral,VADER
2026-06-30 19:00:00+00:00,Best Crypto Casinos 2026 : Top Bitcoin & Crypto Sites Ranked,https://electroiq.com/crypto/best-casinos/,electroiq.com,English,China,GDELT DOC 2.0,2026-07-31T20:40:28.073020+00:00,2026-06-30 00:00:00+00:00,0.0,0.6,0.4,0.7184,positive,VADER
