shipment_id,supplier,product,country,shipment_mode,scheduled_delivery_date,predicted_severe_delay_probability,risk_rank,review_flag,total_value_usd,top_prediction_contributors
DN-3311,SCMS from RDC,"Nevirapine 10mg/ml, oral suspension w/syringe, Bottle, 240 ml","Congo, DRC",Air,2014-01-21,0.5,1,1,12361.05,country (+0.250); managed_by (+0.000); fulfill_via (+0.000)
DN-3432,SCMS from RDC,"Efavirenz/Emtricitabine/Tenofovir Disoproxil Fumarate 600/200/300mg, tablets, 30 Tabs",Zambia,Truck,2014-01-24,0.5,2,1,3338884.2,molecule_test_type (+0.307); log_insurance_usd (+0.307); log_freight_cost_usd (+0.271)
ASN-24548,PHARMACY DIRECT,"Efavirenz/Emtricitabine/Tenofovir Disoproxil Fumarate 600/200/300mg, tablets, 30 Tabs",South Africa,Truck,2014-02-05,0.5,3,1,206791.05,country (+0.275); molecule_test_type (+0.250); managed_by (+0.000)
DN-3513,SCMS from RDC,"Abacavir/Lamivudine 60/30mg, tablets, 60 Tabs","Congo, DRC",Air,2014-03-26,0.5,4,1,20.0,log_total_quantity (+0.307); country (+0.250); sub_classification (+0.250)
DN-3590,SCMS from RDC,"Efavirenz/Lamivudine/Tenofovir Disoproxil Fumarate 600/300/300mg, tablets, 30 Tabs",Ghana,Air,2014-04-07,0.5,5,1,343838.38,country (+0.324); log_freight_cost_usd (+0.259); scheduled_month (+0.250)
DN-3599,SCMS from RDC,"Tenofovir Disoproxil Fumarate 300mg, tablets, 30 Tabs",Côte d'Ivoire,Truck,2014-04-30,0.5,6,1,773280.0,log_freight_cost_usd (+0.281); log_insurance_usd (+0.262); molecule_test_type (+0.251)
DN-3612,SCMS from RDC,"Nevirapine 10mg/ml, oral suspension w/syringe, Bottle, 240 ml",Mozambique,Truck,2014-05-23,0.5,7,1,48732.0,country (+0.250); shipment_mode (+0.250); sub_classification (+0.250)
ASN-26372,Aurobindo Pharma Limited,"Efavirenz 50mg, capsule, 30 Caps",Ghana,Air,2014-06-12,0.5,8,1,23091.12,country (+0.324); sub_classification (+0.250); scheduled_quarter (+0.250)
ASN-26373,Aurobindo Pharma Limited,"Lamivudine 10mg/ml, oral solution, Bottle, 240 ml",Ghana,Air,2014-06-12,0.5,9,1,8647.21,country (+0.324); sub_classification (+0.250); molecule_test_type (+0.250)
ASN-25862,CIPLA LIMITED,"Efavirenz/Emtricitabine/Tenofovir Disoproxil Fumarate 600/200/300mg, tablets, 30 Tabs",Ghana,Air,2014-06-17,0.5,10,1,284053.8,country (+0.250); managed_by (+0.000); fulfill_via (+0.000)
ASN-26603,Aurobindo Pharma Limited,"Efavirenz 50mg, capsule, 30 Caps",Ghana,Air,2014-06-23,0.5,11,1,51480.0,country (+0.307); sub_classification (+0.250); log_freight_cost_usd (+0.250)
ASN-26885,PHARMACY DIRECT,"Lopinavir/Ritonavir 80/20mg/ml [Kaletra], oral solution, cool, Bottle 5 x 60 ml",South Africa,Truck,2014-06-25,0.5,12,1,44.13,country (+0.281); log_total_quantity (+0.281); managed_by (+0.000)
ASN-26537,Aurobindo Pharma Limited,"Nevirapine 10mg/ml, oral suspension, Bottle, 240 ml",Ghana,Air,2014-07-17,0.5,13,1,3451.86,country (+0.324); sub_classification (+0.250); dosage_form (+0.250)
ASN-27606,PHARMACY DIRECT,"Nevirapine 200mg, tablets, 60 Tabs",South Africa,Truck,2014-08-05,0.5,14,1,3179.82,country (+0.307); log_total_quantity (+0.281); log_weight_kg (+0.281)
ASN-27958,PHARMACY DIRECT,"Lopinavir/Ritonavir 80/20mg/ml [Kaletra], oral solution, cool, Bottle 5 x 60 ml",South Africa,Truck,2014-08-26,0.5,15,1,88.27,country (+0.281); log_total_quantity (+0.281); scheduled_lead_time_days (+0.250)
ASN-29122,PHARMACY DIRECT,"Lopinavir/Ritonavir 80/20mg/ml [Kaletra], oral solution, cool, Bottle 5 x 60 ml",South Africa,Truck,2014-10-29,0.5,16,1,88.27,country (+0.307); log_total_quantity (+0.307); scheduled_lead_time_days (+0.252)
ASN-30174,PHARMACY DIRECT,"Efavirenz/Emtricitabine/Tenofovir Disoproxil Fumarate 600/200/300mg, tablets, 30 Tabs",South Africa,Truck,2015-01-09,0.5,17,1,185776.9,country (+0.250); molecule_test_type (+0.250); managed_by (+0.000)
ASN-30228,PHARMACY DIRECT,"Lopinavir/Ritonavir 80/20mg/ml [Kaletra], oral solution, cool, Bottle 5 x 60 ml",South Africa,Truck,2015-01-14,0.5,18,1,63.78,country (+0.281); log_total_quantity (+0.253); managed_by (+0.000)
ASN-30448,PHARMACY DIRECT,"Lopinavir/Ritonavir 80/20mg/ml [Kaletra], oral solution, cool, Bottle 5 x 60 ml",South Africa,Truck,2015-01-29,0.5,19,1,31.89,country (+0.281); log_total_quantity (+0.264); managed_by (+0.000)
DN-4157,SCMS from RDC,"Lamivudine/Nevirapine/Zidovudine 30/50/60mg, dispersible tablets, 60 Tabs",Zimbabwe,Truck,2015-03-07,0.5,20,1,224474.4,country (+0.250); shipment_mode (+0.250); sub_classification (+0.250)
DN-3954,SCMS from RDC,"Nevirapine 10mg/ml, oral suspension w/syringe, Bottle, 240 ml","Congo, DRC",Air,2015-04-14,0.5,21,1,26447.75,country (+0.250); sub_classification (+0.250); dosage_form (+0.250)
ASN-31854,PHARMACY DIRECT,"Didanosine 400mg, delayed-release capsules, 30 Caps",South Africa,Truck,2015-04-28,0.5,22,1,5616.08,country (+0.307); log_weight_kg (+0.281); scheduled_lead_time_days (+0.281)
ASN-32073,PHARMACY DIRECT,"Efavirenz/Emtricitabine/Tenofovir Disoproxil Fumarate 600/200/300mg, tablets, 30 Tabs",South Africa,Truck,2015-05-07,0.5,23,1,177172.11,country (+0.000); managed_by (+0.000); fulfill_via (+0.000)
ASN-33330,PHARMACY DIRECT,"Lopinavir/Ritonavir 80/20mg/ml [Kaletra], oral solution, cool, Bottle 5 x 60 ml",South Africa,Truck,2015-07-14,0.5,24,1,68.56,country (+0.307); log_total_quantity (+0.283); shipment_mode (+0.250)
ASN-33331,PHARMACY DIRECT,"Lopinavir/Ritonavir 80/20mg/ml [Kaletra], oral solution, cool, Bottle 5 x 60 ml",South Africa,Truck,2015-07-14,0.5,25,1,68.56,country (+0.307); log_total_quantity (+0.283); shipment_mode (+0.250)
ASN-33333,PHARMACY DIRECT,"Lopinavir/Ritonavir 80/20mg/ml [Kaletra], oral solution, cool, Bottle 5 x 60 ml",South Africa,Truck,2015-07-14,0.5,26,1,51.42,Not computed
ASN-33339,PHARMACY DIRECT,"Efavirenz/Emtricitabine/Tenofovir Disoproxil Fumarate 600/200/300mg, tablets, 30 Tabs",South Africa,Truck,2015-07-15,0.5,27,1,342.83,Not computed
ASN-33674,PHARMACY DIRECT,"Lopinavir/Ritonavir 80/20mg/ml [Kaletra], oral solution, cool, Bottle 5 x 60 ml",South Africa,Truck,2015-08-11,0.5,28,1,51.42,Not computed
DN-3360,SCMS from RDC,"Efavirenz/Emtricitabine/Tenofovir Disoproxil Fumarate 600/200/300mg, tablets, 30 Tabs",Zambia,Truck,2014-01-24,0.25,29,1,5065890.300000001,Not computed
DN-3576,SCMS from RDC,"Lamivudine/Zidovudine 150/300mg, tablets, 60 Tabs",Ghana,Truck,2014-03-20,0.25,30,1,750634.14,Not computed
DN-3588,SCMS from RDC,"Efavirenz/Lamivudine/Tenofovir Disoproxil Fumarate 600/300/300mg, tablets, 30 Tabs",Zimbabwe,Truck,2014-05-06,0.25,31,1,5708800.0,Not computed
ASN-26374,Aurobindo Pharma Limited,"Lopinavir/Ritonavir 200/50mg, tablets, 120 Tabs",Ghana,Air,2014-06-12,0.25,32,1,73967.4,Not computed
ASN-26148,CIPLA LIMITED,"Nevirapine 200mg, tablets, 60 Tabs",Zimbabwe,Air Charter,2014-06-14,0.25,33,1,188700.0,Not computed
DN-3628,SCMS from RDC,"Efavirenz/Lamivudine/Tenofovir Disoproxil Fumarate 600/300/300mg, tablets, 30 Tabs",Mozambique,Truck,2014-06-14,0.25,34,1,6558618.4,Not computed
ASN-26882,PHARMACY DIRECT,"Abacavir 20mg/ml, oral solution, Bottle, 240 ml",South Africa,Truck,2014-06-25,0.25,35,1,10653.7,Not computed
DN-3674,SCMS from RDC,"Efavirenz/Emtricitabine/Tenofovir Disoproxil Fumarate 600/200/300mg, tablets, 30 Tabs",Tanzania,Truck,2014-06-30,0.25,36,1,594500.0,Not computed
DN-3720,SCMS from RDC,"Efavirenz 200mg, scored tablets, 90 Tabs",Nigeria,Air Charter,2014-06-30,0.25,37,1,97966.2,Not computed
DN-3760,SCMS from RDC,"Nevirapine 10mg/ml, oral suspension w/syringe, Bottle, 100 ml",Uganda,Truck,2014-06-30,0.25,38,1,58500.0,Not computed
ASN-26604,Aurobindo Pharma Limited,"Efavirenz 50mg, capsule, 30 Caps",Ghana,Air,2014-07-17,0.25,39,1,60191.04,Not computed
ASN-27975,S. BUYS WHOLESALER,"Tenofovir Disoproxil Fumarate 300mg, tablets, 30 Tabs",South Africa,Truck,2014-08-27,0.25,40,1,49.18,Not computed
ASN-28021,PHARMACY DIRECT,"Efavirenz 50mg, capsule, 30 Caps",South Africa,Truck,2014-08-28,0.25,41,1,17737.29,Not computed
DN-3890,SCMS from RDC,"Abacavir/Lamivudine 60/30mg, tablets, 60 Tabs",Zimbabwe,Truck,2014-08-30,0.25,42,1,90850.0,Not computed
ASN-30377,PHARMACY DIRECT,"Tenofovir Disoproxil Fumarate 300mg, tablets, 30 Tabs",South Africa,Truck,2015-01-26,0.25,43,1,9696.98,Not computed
DN-4096,SCMS from RDC,"Efavirenz/Lamivudine/Tenofovir Disoproxil Fumarate 600/300/300mg, tablets, 30 Tabs",Mozambique,Truck,2015-02-28,0.25,44,1,8140454.88,Not computed
DN-4243,SCMS from RDC,"Lamivudine/Nevirapine/Zidovudine 30/50/60mg, dispersible tablets, 60 Tabs",Zimbabwe,Truck,2015-04-30,0.25,45,1,765471.6000000001,Not computed
ASN-32122,PHARMACY DIRECT,"Abacavir 300mg, tablets, 60 Tabs",South Africa,Truck,2015-05-12,0.25,46,1,4153.76,Not computed
ASN-32394,PHARMACY DIRECT,"Ritonavir 80mg/ml [Norvir], oral solution, cool, Bottle, 90 ml",South Africa,Truck,2015-05-26,0.25,47,1,9.24,Not computed
ASN-32412,PHARMACY DIRECT,"Ritonavir 80mg/ml [Norvir], oral solution, cool, Bottle, 90 ml",South Africa,Truck,2015-05-27,0.25,48,1,4.97,Not computed
ASN-32524,PHARMACY DIRECT,"Didanosine 250mg, delayed-release capsules, 30 Caps",South Africa,Truck,2015-06-02,0.25,49,1,3868.23,Not computed
ASN-33865,PHARMACY DIRECT,"Didanosine 250mg, delayed-release capsules, 30 Caps",South Africa,Truck,2015-08-24,0.25,50,1,7890.46,Not computed
DN-3638,SCMS from RDC,"Nevirapine 10mg/ml, oral suspension w/syringe, Bottle, 100 ml",Côte d'Ivoire,Truck,2014-04-30,0.24185386681212595,51,1,5200.0,Not computed
DN-4107,SCMS from RDC,"Efavirenz/Lamivudine/Tenofovir Disoproxil Fumarate 600/300/300mg, tablets, 30 Tabs","Congo, DRC",Air,2015-04-14,0.23641084413479052,52,1,539728.0,Not computed
DN-3645,SCMS from RDC,"Tenofovir Disoproxil Fumarate 300mg, tablets, 30 Tabs",Mozambique,Truck,2014-06-30,0.22427803937336527,53,1,2116.8,Not computed
ASN-29257,PHARMACY DIRECT,"Lamivudine 150mg, tablets, 60 Tabs",South Africa,Truck,2014-11-05,0.22064164909993986,54,1,16013.25,Not computed
DN-3439,SCMS from RDC,"Zidovudine 300mg, tablets, 60 Tabs",Mozambique,Truck,2014-01-31,0.21875,55,1,354267.0,Not computed
DN-3457,SCMS from RDC,"Lamivudine/Nevirapine/Zidovudine 30/50/60mg, dispersible tablets, 60 Tabs",Zimbabwe,Truck,2014-01-31,0.21875,56,1,703970.99,Not computed
DN-3468,SCMS from RDC,"Abacavir 20mg/ml, oral solution w/syringe, Bottle, 240 ml",Zimbabwe,Truck,2014-01-31,0.21875,57,1,2050.91,Not computed
DN-3488,SCMS from RDC,"Lamivudine/Nevirapine/Zidovudine 30/50/60mg, dispersible tablets, 60 Tabs",Zimbabwe,Truck,2014-01-31,0.21875,58,1,432041.25,Not computed
DN-3502,SCMS from RDC,"Nevirapine 10mg/ml, oral suspension w/syringe, Bottle, 100 ml",Uganda,Truck,2014-01-31,0.21875,59,1,58870.5,Not computed
DN-3550,SCMS from RDC,"Efavirenz 200mg, scored tablets, 90 Tabs",Zimbabwe,Truck,2014-03-03,0.21875,60,1,55083.9,Not computed
DN-3542,SCMS from RDC,"Abacavir/Lamivudine 60/30mg, tablets, 60 Tabs",Nigeria,Air Charter,2014-03-07,0.21875,61,1,43600.0,Not computed
DN-3575,SCMS from RDC,"Lamivudine 10mg/ml, oral solution w/syringe, Bottle, 240 ml",Côte d'Ivoire,Truck,2014-03-18,0.21875,62,1,11440.0,Not computed
DN-3554,SCMS from RDC,"Abacavir/Lamivudine 600/300mg, scored tablets, 30 Tabs",Mozambique,Truck,2014-03-31,0.21875,63,1,117927.44,Not computed
DN-3571,SCMS from RDC,"Lamivudine/Nevirapine/Zidovudine 30/50/60mg, dispersible tablets, 60 Tabs",Zimbabwe,Truck,2014-03-31,0.21875,64,1,1087500.0,Not computed
DN-3572,SCMS from RDC,"Abacavir 20mg/ml, oral solution w/syringe, Bottle, 240 ml",Zimbabwe,Truck,2014-03-31,0.21875,65,1,5063.45,Not computed
DN-3577,SCMS from RDC,"Emtricitabine/Tenofovir Disoproxil Fumarate 200/300mg, tablets, 30 Tabs",Guyana,Air,2014-04-05,0.21875,66,1,16911.47,Not computed
DN-3621,SCMS from RDC,"Lopinavir/Ritonavir 200/50mg [Aluvia], tablets, 120 Tabs",Nigeria,Air Charter,2014-04-15,0.21875,67,1,299111.4,Not computed
DN-3632,SCMS from RDC,"Lamivudine/Tenofovir Disoproxil Fumarate 300/300mg, tablets, 30 Tabs",Côte d'Ivoire,Truck,2014-04-30,0.21875,68,1,728378.6,Not computed
DN-3633,SCMS from RDC,"Abacavir 300mg, tablets, 60 Tabs",Côte d'Ivoire,Truck,2014-04-30,0.21875,69,1,415456.5,Not computed
DN-3634,SCMS from RDC,"Lamivudine 10mg/ml, oral solution w/syringe, Bottle, 240 ml",Côte d'Ivoire,Truck,2014-04-30,0.21875,70,1,5944.51,Not computed
DN-3587,SCMS from RDC,"Lamivudine 10mg/ml, oral solution w/syringe, Bottle, 240 ml",Haiti,Air,2014-05-05,0.21875,71,1,115917.02,Not computed
DN-3662,SCMS from RDC,"Lamivudine/Nevirapine/Zidovudine 30/50/60mg, dispersible tablets, 60 Tabs",Nigeria,Air Charter,2014-05-06,0.21875,72,1,272300.0,Not computed
DN-3613,SCMS from RDC,"Efavirenz/Emtricitabine/Tenofovir Disoproxil Fumarate 600/200/300mg, tablets, 30 Tabs",Tanzania,Truck,2014-05-09,0.21875,73,1,2455380.12,Not computed
DN-3647,SCMS from RDC,"Nevirapine 200mg, tablets, 60 Tabs",Zambia,Truck,2014-05-10,0.21875,74,1,120378.7,Not computed
DN-3703,SCMS from RDC,"Efavirenz/Lamivudine/Tenofovir Disoproxil Fumarate 600/300/300mg, tablets, 30 Tabs",Zimbabwe,Truck,2014-05-30,0.21875,75,1,945050.26,Not computed
DN-3553,SCMS from RDC,"Abacavir 300mg, tablets, 60 Tabs",Mozambique,Truck,2014-06-03,0.21875,76,1,281850.0,Not computed
DN-3627,SCMS from RDC,"Abacavir 300mg, tablets, 60 Tabs",Mozambique,Truck,2014-06-03,0.21875,77,1,1041199.98,Not computed
DN-3708,SCMS from RDC,"Zidovudine 10mg/ml, oral solution w/syringe, Bottle, 240 ml",Côte d'Ivoire,Truck,2014-06-04,0.21875,78,1,14149.8,Not computed
DN-3643,SCMS from RDC,"Efavirenz/Emtricitabine/Tenofovir Disoproxil Fumarate 600/200/300mg, tablets, 30 Tabs",Tanzania,Truck,2014-06-30,0.21875,79,1,516965.31,Not computed
DN-3692,SCMS from RDC,"Lopinavir/Ritonavir 200/50mg [Aluvia], tablets, 120 Tabs",Côte d'Ivoire,Truck,2014-06-30,0.21875,80,1,1020600.0,Not computed
DN-3790,SCMS from RDC,"Abacavir/Lamivudine 60/30mg, tablets, 60 Tabs",Nigeria,Air Charter,2014-06-30,0.21875,81,1,110990.33,Not computed
ASN-27748,S. BUYS WHOLESALER,"Lopinavir/Ritonavir 80/20mg/ml [Kaletra], oral solution, cool, Bottle 5 x 60 ml",South Africa,Truck,2014-08-13,0.21875,82,1,46.9,Not computed
ASN-27749,S. BUYS WHOLESALER,"Lopinavir/Ritonavir 80/20mg/ml [Kaletra], oral solution, cool, Bottle 5 x 60 ml",South Africa,Truck,2014-08-13,0.21875,83,1,46.9,Not computed
ASN-27750,S. BUYS WHOLESALER,"Lopinavir/Ritonavir 80/20mg/ml [Kaletra], oral solution, cool, Bottle 5 x 60 ml",South Africa,Truck,2014-08-13,0.21875,84,1,46.9,Not computed
ASN-27751,S. BUYS WHOLESALER,"Lopinavir/Ritonavir 80/20mg/ml [Kaletra], oral solution, cool, Bottle 5 x 60 ml",South Africa,Truck,2014-08-13,0.21875,85,1,46.9,Not computed
DN-3843,SCMS from RDC,"Abacavir 300mg, tablets, 60 Tabs","Congo, DRC",Air,2014-08-13,0.21875,86,1,128975.58,Not computed
DN-3836,SCMS from RDC,"Nevirapine 10mg/ml, oral suspension w/syringe, Bottle, 100 ml","Congo, DRC",Air,2014-09-24,0.21875,87,1,7669.5,Not computed
DN-3771,SCMS from RDC,"Lamivudine/Tenofovir Disoproxil Fumarate 300/300mg, tablets, 30 Tabs",Zimbabwe,Truck,2014-09-30,0.21875,88,1,1124231.22,Not computed
DN-3823,SCMS from RDC,"Lamivudine/Nevirapine/Zidovudine 30/50/60mg, dispersible tablets, 60 Tabs",Zimbabwe,Truck,2014-09-30,0.21875,89,1,246265.79,Not computed
DN-3923,SCMS from RDC,"Efavirenz/Emtricitabine/Tenofovir Disoproxil Fumarate 600/200/300mg, tablets, 30 Tabs",Namibia,Air,2014-10-08,0.21875,90,1,643807.83,Not computed
ASN-29597,PHARMACY DIRECT,"Efavirenz 200mg, capsule, 90 Caps",South Africa,Truck,2014-11-28,0.21875,91,1,7891.62,Not computed
DN-4024,SCMS from RDC,"Zidovudine 10mg/ml, oral solution w/syringe, Bottle, 240 ml",Côte d'Ivoire,Truck,2015-01-30,0.21875,92,1,613084.0,Not computed
DN-3974,SCMS from RDC,"Efavirenz/Lamivudine/Tenofovir Disoproxil Fumarate 600/300/300mg, tablets, 30 Tabs",Zimbabwe,Truck,2015-01-31,0.21875,93,1,1795595.0,Not computed
DN-4172,SCMS from RDC,"Lamivudine/Nevirapine/Zidovudine 150/200/300mg, tablets, 60 Tabs",Nigeria,Air Charter,2015-02-28,0.21875,94,1,4395086.68,Not computed
ASN-31070,PHARMACY DIRECT,"Efavirenz 600mg, tablets, 30 Tabs",South Africa,Truck,2015-03-09,0.21875,95,1,6093.37,Not computed
DN-4159,SCMS from RDC,"Abacavir/Lamivudine 60/30mg, tablets, 60 Tabs",Zimbabwe,Truck,2015-03-31,0.21875,96,1,103395.2,Not computed
ASN-31556,"Orgenics, Ltd","HIV 1/2, Determine Complete HIV Kit, 100 Tests",Mozambique,Air,2015-04-22,0.21875,97,1,440000.0,Not computed
DN-4156,SCMS from RDC,"Efavirenz/Lamivudine/Tenofovir Disoproxil Fumarate 600/300/300mg, tablets, 30 Tabs",Zimbabwe,Truck,2015-04-30,0.21875,98,1,1692000.0,Not computed
DN-4225,SCMS from RDC,"Lamivudine/Zidovudine 30/60mg, dispersible tablets, 60 Tabs",Zimbabwe,Truck,2015-04-30,0.21875,99,1,91647.36,Not computed
ASN-31852,"Orgenics, Ltd","HIV 1/2, Determine Complete HIV Kit, 100 Tests",Sierra Leone,Air,2015-05-11,0.21875,100,1,320000.0,Not computed
DN-4235,SCMS from RDC,"Lamivudine/Nevirapine/Zidovudine 150/200/300mg, tablets, 60 Tabs",Mozambique,Truck,2015-05-29,0.21875,101,1,2316000.0,Not computed
DN-4153,SCMS from RDC,"Nevirapine 200mg, tablets, 60 Tabs",Mozambique,Truck,2015-06-30,0.21875,102,1,41828.01,Not computed
DN-3459,SCMS from RDC,"Lamivudine/Nevirapine/Zidovudine 150/200/300mg, tablets, 60 Tabs",Mozambique,Truck,2014-01-06,0.1926605504587156,103,1,512002.92,Not computed
DN-3456,SCMS from RDC,"Didanosine 200mg, [DON] delayed-release capsules, 30 Caps",Côte d'Ivoire,Truck,2014-01-07,0.1926605504587156,104,1,0.0,Not computed
DN-3313,SCMS from RDC,"Lamivudine/Tenofovir Disoproxil Fumarate 300/300mg, tablets, 30 Tabs",Côte d'Ivoire,Truck,2014-01-08,0.1926605504587156,105,1,57246.0,Not computed
ASN-26962,"ABBVIE, SRL (FORMALLY ABBOTT LABORATORIES INTERNATIONAL CO.)","Lopinavir/Ritonavir 80/20mg/ml [Kaletra], oral solution, cool, Bottle, 160 ml",Dominican Republic,Air,2014-01-14,0.1926605504587156,106,1,148250.8,Not computed
DN-3427,SCMS from RDC,"Efavirenz/Lamivudine/Tenofovir Disoproxil Fumarate 600/300/300mg, tablets, 30 Tabs",Mozambique,Truck,2014-01-15,0.1926605504587156,107,1,499966.0,Not computed
DN-3429,SCMS from RDC,"Lamivudine/Tenofovir Disoproxil Fumarate 300/300mg, tablets, 30 Tabs",Mozambique,Truck,2014-01-15,0.1926605504587156,108,1,12102.5,Not computed
DN-3476,SCMS from RDC,"Lamivudine/Nevirapine/Zidovudine 150/200/300mg, tablets, 60 Tabs",Nigeria,Air Charter,2014-01-17,0.1926605504587156,109,1,2076360.0,Not computed
DN-3510,SCMS from RDC,"Lopinavir/Ritonavir 200/50mg, tablets, 120 Tabs",Côte d'Ivoire,Truck,2014-01-29,0.1926605504587156,110,1,418611.2,Not computed
DN-3521,SCMS from RDC,"Abacavir/Lamivudine 60/30mg, tablets, 60 Tabs",Zimbabwe,Air,2014-01-30,0.1926605504587156,111,1,8352.0,Not computed
DN-3435,SCMS from RDC,"Lamivudine/Zidovudine 30/60mg, tablets, 60 Tabs",Nigeria,Air Charter,2014-01-31,0.1926605504587156,112,1,14459.48,Not computed
DN-3467,SCMS from RDC,"Lamivudine/Stavudine 30/6mg, dispersible tablets, 60 Tabs",Haiti,Air,2014-01-31,0.1926605504587156,113,1,110.2,Not computed
DN-3475,SCMS from RDC,"Lopinavir/Ritonavir 200/50mg [Aluvia], tablets, 120 Tabs",Nigeria,Air Charter,2014-01-31,0.1926605504587156,114,1,817595.7,Not computed
DN-3483,SCMS from RDC,"Lamivudine/Nevirapine/Zidovudine 150/200/300mg, tablets, 60 Tabs",Mozambique,Truck,2014-01-31,0.1926605504587156,115,1,1296133.06,Not computed
DN-3484,SCMS from RDC,"Efavirenz/Lamivudine/Tenofovir Disoproxil Fumarate 600/300/300mg, tablets, 30 Tabs",Mozambique,Truck,2014-01-31,0.1926605504587156,116,1,892791.65,Not computed
DN-3489,SCMS from RDC,"Lamivudine/Zidovudine 30/60mg, tablets, 60 Tabs",Nigeria,Air Charter,2014-01-31,0.1926605504587156,117,1,24950.75,Not computed
DN-3496,SCMS from RDC,"Efavirenz/Lamivudine/Tenofovir Disoproxil Fumarate 600/300/300mg, tablets, 30 Tabs",Zimbabwe,Truck,2014-01-31,0.1926605504587156,118,1,946800.0,Not computed
DN-3499,SCMS from RDC,"Nevirapine 10mg/ml, oral suspension w/syringe, Bottle, 100 ml",Tanzania,Truck,2014-01-31,0.1926605504587156,119,1,26000.0,Not computed
DN-3504,SCMS from RDC,"Nevirapine 10mg/ml, oral suspension w/syringe, Bottle, 240 ml",Côte d'Ivoire,Air,2014-01-31,0.1926605504587156,120,1,34560.0,Not computed
DN-3509,SCMS from RDC,"Abacavir/Lamivudine 60/30mg, tablets, 60 Tabs",Côte d'Ivoire,Truck,2014-01-31,0.1926605504587156,121,1,8800.0,Not computed
DN-3511,SCMS from RDC,"Abacavir/Lamivudine 60/30mg, tablets, 60 Tabs",Côte d'Ivoire,Air,2014-01-31,0.1926605504587156,122,1,38000.0,Not computed
DN-3535,SCMS from RDC,"Lamivudine/Nevirapine/Zidovudine 150/200/300mg, tablets, 60 Tabs",Mozambique,Truck,2014-01-31,0.1926605504587156,123,1,1247532.0,Not computed
ASN-24455,"RAININ INSTRUMENT, LLC.","Lopinavir/Ritonavir 80/20mg/ml [Kaletra], oral solution, cool, Bottle 5 x 60 ml",South Africa,Truck,2014-02-10,0.1926605504587156,124,1,46.9,Not computed
DN-3517,SCMS from RDC,"Lamivudine/Nevirapine/Zidovudine 150/200/300mg, tablets, 60 Tabs",Côte d'Ivoire,Truck,2014-02-10,0.1926605504587156,125,1,773962.0,Not computed
DN-3512,SCMS from RDC,"Efavirenz/Lamivudine/Tenofovir Disoproxil Fumarate 600/300/300mg, tablets, 30 Tabs",Côte d'Ivoire,Truck,2014-02-15,0.1926605504587156,126,1,549043.7,Not computed
ASN-24547,PHARMACY DIRECT,"Efavirenz 600mg, tablets, 30 Tabs",South Africa,Truck,2014-02-17,0.1926605504587156,127,1,106985.49,Not computed
DN-3503,SCMS from RDC,"Nevirapine 10mg/ml, oral suspension w/syringe, Bottle, 100 ml",Uganda,Truck,2014-02-28,0.1926605504587156,128,1,19500.0,Not computed
DN-3539,SCMS from RDC,"Lamivudine/Nevirapine/Zidovudine 30/50/60mg, dispersible tablets, 60 Tabs",Nigeria,Air Charter,2014-02-28,0.1926605504587156,129,1,635426.25,Not computed
DN-3540,SCMS from RDC,"Abacavir/Lamivudine 60/30mg, tablets, 60 Tabs",Nigeria,Air Charter,2014-02-28,0.1926605504587156,130,1,8340.0,Not computed
DN-3547,SCMS from RDC,"Abacavir/Lamivudine 60/30mg, tablets, 60 Tabs",Côte d'Ivoire,Truck,2014-02-28,0.1926605504587156,131,1,40313.1,Not computed
DN-3570,SCMS from RDC,"Efavirenz/Emtricitabine/Tenofovir Disoproxil Fumarate 600/200/300mg, tablets, 30 Tabs",Zambia,Truck,2014-02-28,0.1926605504587156,132,1,303325.79,Not computed
DN-3526,SCMS from RDC,"Efavirenz/Lamivudine/Tenofovir Disoproxil Fumarate 600/300/300mg, tablets, 30 Tabs",Mozambique,Truck,2014-03-10,0.1926605504587156,133,1,1848715.25,Not computed
ASN-24507,"Orgenics, Ltd","HIV 1/2, Determine Complete HIV Kit, 100 Tests",Mali,Air,2014-03-19,0.1926605504587156,134,1,35245.0,Not computed
DN-3485,SCMS from RDC,"Efavirenz/Lamivudine/Tenofovir Disoproxil Fumarate 600/300/300mg, tablets, 30 Tabs",Mozambique,Truck,2014-03-20,0.1926605504587156,135,1,780500.0,Not computed
DN-3514,SCMS from RDC,"Lopinavir/Ritonavir 200/50mg, tablets, 120 Tabs","Congo, DRC",Air,2014-03-26,0.1926605504587156,136,1,47104.0,Not computed
DN-3603,SCMS from RDC,"Nevirapine 200mg, tablets, 60 Tabs","Congo, DRC",Air,2014-03-26,0.1926605504587156,137,1,4897.42,Not computed
DN-3586,SCMS from RDC,"Tenofovir Disoproxil Fumarate 300mg, tablets, 30 Tabs",Haiti,Air,2014-03-30,0.1926605504587156,138,1,372252.4,Not computed
DN-3549,SCMS from RDC,"Efavirenz 200mg, scored tablets, 90 Tabs",Zimbabwe,Truck,2014-03-31,0.1926605504587156,139,1,2473.8,Not computed
DN-3569,SCMS from RDC,"Efavirenz 600mg, tablets, 30 Tabs",Côte d'Ivoire,Truck,2014-03-31,0.1926605504587156,140,1,240759.0,Not computed
ASN-25080,"Orgenics, Ltd","HIV 1/2, Determine Complete HIV Kit, 100 Tests",Zimbabwe,Air,2014-04-04,0.1926605504587156,141,1,702960.0,Not computed
DN-3657,SCMS from RDC,"Nevirapine 10mg/ml, oral suspension w/syringe, Bottle, 240 ml",Zambia,Air,2014-04-08,0.1926605504587156,142,1,4775.16,Not computed
DN-3566,SCMS from RDC,"Lamivudine/Zidovudine 150/300mg, tablets, 60 Tabs",Côte d'Ivoire,Truck,2014-04-11,0.1926605504587156,143,1,473119.0,Not computed
DN-3558,SCMS from RDC,"Lamivudine/Nevirapine/Zidovudine 150/200/300mg, tablets, 60 Tabs",Mozambique,Truck,2014-04-15,0.1926605504587156,144,1,354738.16000000003,Not computed
DN-3580,SCMS from RDC,"Efavirenz/Lamivudine/Tenofovir Disoproxil Fumarate 600/300/300mg, tablets, 30 Tabs",Mozambique,Truck,2014-04-15,0.1926605504587156,145,1,2188046.86,Not computed
DN-3618,SCMS from RDC,"Efavirenz/Lamivudine/Tenofovir Disoproxil Fumarate 600/300/300mg, tablets, 30 Tabs",Nigeria,Air Charter,2014-04-15,0.1926605504587156,146,1,4228629.72,Not computed
DN-3619,SCMS from RDC,"Lamivudine/Nevirapine/Zidovudine 150/200/300mg, tablets, 60 Tabs",Nigeria,Air Charter,2014-04-15,0.1926605504587156,147,1,312921.84,Not computed
DN-3620,SCMS from RDC,"Efavirenz/Lamivudine/Tenofovir Disoproxil Fumarate 600/300/300mg, tablets, 30 Tabs",Nigeria,Air Charter,2014-04-15,0.1926605504587156,148,1,439245.83,Not computed
DN-3655,SCMS from RDC,"Lamivudine/Nevirapine/Zidovudine 150/200/300mg, tablets, 60 Tabs",Côte d'Ivoire,Truck,2014-04-21,0.1926605504587156,149,1,917451.28,Not computed
ASN-25469,"Orgenics, Ltd","HIV 1/2, Determine Complete HIV Kit, 100 Tests",Uganda,Air,2014-04-22,0.1926605504587156,150,1,438880.0,Not computed
ASN-25470,"Orgenics, Ltd","HIV 1/2, Determine Complete HIV Kit, 100 Tests",Dominican Republic,Air,2014-04-24,0.1926605504587156,151,1,230400.0,Not computed
ASN-25504,"Orgenics, Ltd","HIV 1/2, Determine Complete HIV Kit, 100 Tests",Lesotho,Air,2014-04-25,0.1926605504587156,152,1,168320.0,Not computed
DN-3582,SCMS from RDC,"Emtricitabine/Tenofovir Disoproxil Fumarate 200/300mg, tablets, 30 Tabs",Tanzania,Truck,2014-04-30,0.1926605504587156,153,1,285781.27,Not computed
DN-3656,SCMS from RDC,"Lamivudine/Nevirapine/Zidovudine 150/200/300mg, tablets, 60 Tabs",Côte d'Ivoire,Truck,2014-04-30,0.1926605504587156,154,1,672085.85,Not computed
DN-3649,SCMS from RDC,"Efavirenz 200mg, scored tablets, 90 Tabs",Zimbabwe,Truck,2014-05-05,0.1926605504587156,155,1,7616.7,Not computed
ASN-25267,Aurobindo Pharma Limited,"Nevirapine 10mg/ml, oral suspension w/syringe, Bottle, 240 ml",Rwanda,Air,2014-05-06,0.1926605504587156,156,1,14631.9,Not computed
DN-3622,SCMS from RDC,"Lamivudine/Zidovudine 30/60mg, tablets, 60 Tabs",Nigeria,Air Charter,2014-05-06,0.1926605504587156,157,1,23260.85,Not computed
DN-3625,SCMS from RDC,"Lopinavir/Ritonavir 200/50mg, tablets, 120 Tabs",Zambia,Truck,2014-05-06,0.1926605504587156,158,1,595578.88,Not computed
DN-3679,SCMS from RDC,"Lamivudine/Nevirapine/Zidovudine 30/50/60mg, dispersible tablets, 60 Tabs",Côte d'Ivoire,Truck,2014-05-15,0.1926605504587156,159,1,70500.0,Not computed
DN-3680,SCMS from RDC,"Lamivudine/Nevirapine/Zidovudine 30/50/60mg, dispersible tablets, 60 Tabs",Côte d'Ivoire,Truck,2014-05-15,0.1926605504587156,160,1,25496.25,Not computed
DN-3684,SCMS from RDC,"Lamivudine/Zidovudine 150/300mg, tablets, 60 Tabs",Haiti,Air,2014-05-17,0.1926605504587156,161,1,132000.0,Not computed
DN-3611,SCMS from RDC,"Nevirapine 10mg/ml, oral suspension w/syringe, Bottle, 240 ml",Rwanda,Truck,2014-05-20,0.1926605504587156,162,1,4121.76,Not computed
DN-3561,SCMS from RDC,"Abacavir 300mg, tablets, 60 Tabs","Congo, DRC",Air,2014-05-30,0.1926605504587156,163,1,116661.1,Not computed
DN-3631,SCMS from RDC,"Lopinavir/Ritonavir 200/50mg, tablets, 120 Tabs",Côte d'Ivoire,Truck,2014-05-30,0.1926605504587156,164,1,590779.2000000001,Not computed
DN-3694,SCMS from RDC,"Lopinavir/Ritonavir 200/50mg [Aluvia], tablets, 120 Tabs",Côte d'Ivoire,Truck,2014-05-30,0.1926605504587156,165,1,626931.9,Not computed
DN-3702,SCMS from RDC,"Efavirenz/Lamivudine/Tenofovir Disoproxil Fumarate 600/300/300mg, tablets, 30 Tabs",Zimbabwe,Truck,2014-05-30,0.1926605504587156,166,1,3141367.46,Not computed
DN-3644,SCMS from RDC,"Abacavir 300mg, tablets, 60 Tabs",Mozambique,Truck,2014-06-02,0.1926605504587156,167,1,4548.15,Not computed
DN-3711,SCMS from RDC,"Efavirenz 200mg, scored tablets, 90 Tabs",Côte d'Ivoire,Truck,2014-06-04,0.1926605504587156,168,1,54312.0,Not computed
ASN-26109,STRIDES ARCOLAB LIMITED,"Efavirenz 600mg, tablets, 30 Tabs",Ghana,Air,2014-06-12,0.1926605504587156,169,1,105729.36,Not computed
ASN-26174,"Orgenics, Ltd","HIV 1/2, Determine Complete HIV Kit, 100 Tests",Burundi,Air,2014-06-13,0.1926605504587156,170,1,169120.0,Not computed
ASN-26117,Aurobindo Pharma Limited,"Lamivudine/Tenofovir Disoproxil Fumarate 300/300mg, tablets, 30 Tabs",Zimbabwe,Air,2014-06-14,0.1926605504587156,171,1,155491.35,Not computed
ASN-26118,Aurobindo Pharma Limited,"Lamivudine/Tenofovir Disoproxil Fumarate 300/300mg, tablets, 30 Tabs",Zimbabwe,Air,2014-06-14,0.1926605504587156,172,1,152334.0,Not computed
ASN-26119,Aurobindo Pharma Limited,"Lamivudine/Tenofovir Disoproxil Fumarate 300/300mg, tablets, 30 Tabs",Zimbabwe,Air,2014-06-14,0.1926605504587156,173,1,151915.5,Not computed
ASN-26120,Aurobindo Pharma Limited,"Lamivudine/Tenofovir Disoproxil Fumarate 300/300mg, tablets, 30 Tabs",Zimbabwe,Air,2014-06-14,0.1926605504587156,174,1,114111.0,Not computed
DN-3652,SCMS from RDC,"Lamivudine/Nevirapine/Zidovudine 150/200/300mg, tablets, 60 Tabs",Mozambique,Truck,2014-06-16,0.1926605504587156,175,1,3027535.99,Not computed
DN-3761,SCMS from RDC,"Lamivudine 10mg/ml, oral solution w/syringe, Bottle, 240 ml",Côte d'Ivoire,Truck,2014-06-16,0.1926605504587156,176,1,6067.49,Not computed
DN-3629,SCMS from RDC,"Efavirenz/Emtricitabine/Tenofovir Disoproxil Fumarate 600/200/300mg, tablets, 30 Tabs",Tanzania,Truck,2014-06-30,0.1926605504587156,177,1,905233.26,Not computed
DN-3719,SCMS from RDC,"Lamivudine/Nevirapine/Zidovudine 30/50/60mg, dispersible tablets, 60 Tabs",Nigeria,Air Charter,2014-06-30,0.1926605504587156,178,1,366075.0,Not computed
DN-3789,SCMS from RDC,"Abacavir/Lamivudine 60/30mg, tablets, 60 Tabs",Côte d'Ivoire,Truck,2014-06-30,0.1926605504587156,179,1,40900.0,Not computed
DN-3793,SCMS from RDC,"Lamivudine/Nevirapine/Zidovudine 30/50/60mg, dispersible tablets, 60 Tabs",Nigeria,Air Charter,2014-06-30,0.1926605504587156,180,1,245288.53,Not computed
ASN-26758,"Orgenics, Ltd","HIV 1/2, Determine Complete HIV Kit, 100 Tests",Nigeria,Air,2014-07-09,0.1926605504587156,181,1,983806.0,Not computed
ASN-26759,"Orgenics, Ltd","HIV 1/2, Determine Complete HIV Kit, 100 Tests",Nigeria,Air,2014-07-09,0.1926605504587156,182,1,884215.0,Not computed
ASN-26760,"Orgenics, Ltd","HIV 1/2, Determine Complete HIV Kit, 100 Tests",Nigeria,Air,2014-07-09,0.1926605504587156,183,1,922396.0,Not computed
ASN-27195,S. BUYS WHOLESALER,"Lopinavir/Ritonavir 80/20mg/ml [Kaletra], oral solution, cool, Bottle 5 x 60 ml",South Africa,Truck,2014-07-10,0.1926605504587156,184,1,70.35,Not computed
ASN-27196,S. BUYS WHOLESALER,"Lopinavir/Ritonavir 80/20mg/ml [Kaletra], oral solution, cool, Bottle 5 x 60 ml",South Africa,Truck,2014-07-10,0.1926605504587156,185,1,117.26,Not computed
ASN-27197,S. BUYS WHOLESALER,"Lopinavir/Ritonavir 80/20mg/ml [Kaletra], oral solution, cool, Bottle 5 x 60 ml",South Africa,Truck,2014-07-10,0.1926605504587156,186,1,93.81,Not computed
ASN-27198,S. BUYS WHOLESALER,"Lopinavir/Ritonavir 80/20mg/ml [Kaletra], oral solution, cool, Bottle 5 x 60 ml",South Africa,Truck,2014-07-10,0.1926605504587156,187,1,93.81,Not computed
ASN-26464,STRIDES ARCOLAB LIMITED,"Efavirenz 600mg, tablets, 30 Tabs",Ghana,Air,2014-07-17,0.1926605504587156,188,1,191400.0,Not computed
ASN-26436,Aurobindo Pharma Limited,"Lopinavir/Ritonavir 200/50mg, tablets, 120 Tabs",Ghana,Air,2014-07-24,0.1926605504587156,189,1,73967.4,Not computed
DN-3780,SCMS from RDC,"Nevirapine 200mg, tablets, 60 Tabs",Zimbabwe,Truck,2014-07-30,0.1926605504587156,190,1,218006.38,Not computed
DN-3695,SCMS from RDC,"Lamivudine/Nevirapine/Zidovudine 150/200/300mg, tablets, 60 Tabs",Mozambique,Truck,2014-07-31,0.1926605504587156,191,1,605192.53,Not computed
DN-3696,SCMS from RDC,"Lopinavir/Ritonavir 200/50mg [Aluvia], tablets, 120 Tabs",Mozambique,Truck,2014-07-31,0.1926605504587156,192,1,241920.0,Not computed
DN-3705,SCMS from RDC,"Efavirenz/Lamivudine/Tenofovir Disoproxil Fumarate 600/300/300mg, tablets, 30 Tabs",Zimbabwe,Truck,2014-07-31,0.1926605504587156,193,1,1482124.9,Not computed
DN-3745,SCMS from RDC,"Lopinavir/Ritonavir 200/50mg [Aluvia], tablets, 120 Tabs",Mozambique,Truck,2014-07-31,0.1926605504587156,194,1,358344.0,Not computed
DN-3757,SCMS from RDC,"Efavirenz 600mg, tablets, 30 Tabs",Mozambique,Truck,2014-07-31,0.1926605504587156,195,1,65291.4,Not computed
ASN-27608,PHARMACY DIRECT,"Saquinavir 200mg [Invirase], capsules, 270 Caps",South Africa,Truck,2014-08-05,0.1926605504587156,196,1,2789.9,Not computed
ASN-27124,ABBVIE LOGISTICS (FORMERLY ABBOTT LOGISTICS BV),"Lopinavir/Ritonavir 100/25mg [Aluvia], tablets, 60 Tabs",Ghana,Air,2014-08-06,0.1926605504587156,197,1,2661.12,Not computed
ASN-27059,ABBVIE LOGISTICS (FORMERLY ABBOTT LOGISTICS BV),"Lopinavir/Ritonavir 100/25mg [Aluvia], tablets, 60 Tabs",Ghana,Air,2014-08-07,0.1926605504587156,198,1,5547.96,Not computed
DN-3654,SCMS from RDC,"Zidovudine 300mg, tablets, 60 Tabs","Congo, DRC",Air,2014-08-15,0.1926605504587156,199,1,22000.0,Not computed
DN-3809,SCMS from RDC,"Efavirenz 600mg, tablets, 30 Tabs",Mozambique,Truck,2014-08-15,0.1926605504587156,200,1,663579.3,Not computed
DN-3837,SCMS from RDC,"Nevirapine 10mg/ml, oral suspension w/syringe, Bottle, 240 ml",South Sudan,Air,2014-08-19,0.1926605504587156,201,1,3463.75,Not computed
DN-3879,SCMS from RDC,"Abacavir 20mg/ml, [DON] oral solution, Bottle, 240 ml",Zimbabwe,Truck,2014-08-25,0.1926605504587156,202,1,0.0,Not computed
DN-3827,SCMS from RDC,"Lamivudine/Nevirapine/Zidovudine 150/200/300mg, tablets, 60 Tabs",Mozambique,Truck,2014-08-29,0.1926605504587156,203,1,5145600.36,Not computed
DN-3828,SCMS from RDC,"Efavirenz 600mg, tablets, 30 Tabs",Mozambique,Truck,2014-08-29,0.1926605504587156,204,1,685255.22,Not computed
DN-3864,SCMS from RDC,"Lamivudine/Zidovudine 150/300mg, tablets, 60 Tabs",Mozambique,Truck,2014-08-29,0.1926605504587156,205,1,1024967.64,Not computed
DN-3866,SCMS from RDC,"Lamivudine/Nevirapine/Zidovudine 150/200/300mg, tablets, 60 Tabs",Mozambique,Truck,2014-08-29,0.1926605504587156,206,1,1113762.52,Not computed
DN-3797,SCMS from RDC,"Lopinavir/Ritonavir 200/50mg, tablets, 120 Tabs",Burundi,Air,2014-08-30,0.1926605504587156,207,1,4008.0,Not computed
DN-3817,SCMS from RDC,"Nevirapine 10mg/ml, oral suspension w/syringe, Bottle, 240 ml",Guyana,Air,2014-09-30,0.1926605504587156,208,1,13056.39,Not computed
DN-3872,SCMS from RDC,"Lamivudine/Nevirapine/Zidovudine 150/200/300mg, tablets, 60 Tabs",Mozambique,Truck,2014-09-30,0.1926605504587156,209,1,1748191.6,Not computed
DN-3886,SCMS from RDC,"Lopinavir/Ritonavir 200/50mg [Aluvia], tablets, 120 Tabs",Mozambique,Truck,2014-09-30,0.1926605504587156,210,1,936303.36,Not computed
DN-3898,SCMS from RDC,"Zidovudine 10mg/ml, oral solution w/syringe, Bottle, 240 ml",Côte d'Ivoire,Truck,2014-09-30,0.1926605504587156,211,1,7125.3,Not computed
DN-3901,SCMS from RDC,"Zidovudine 10mg/ml, oral solution w/syringe, Bottle, 240 ml","Congo, DRC",Air,2014-09-30,0.1926605504587156,212,1,2289.0,Not computed
DN-3914,SCMS from RDC,"Efavirenz 200mg, capsule, 90 Caps",Nigeria,Air Charter,2014-09-30,0.1926605504587156,213,1,56265.0,Not computed
ASN-28627,PHARMACY DIRECT,"Abacavir 300mg, tablets, 60 Tabs",South Africa,Truck,2014-10-03,0.1926605504587156,214,1,3658.88,Not computed
ASN-28194,"Orgenics, Ltd","HIV 1/2, Determine Complete HIV Kit, 100 Tests",Burundi,Air,2014-10-06,0.1926605504587156,215,1,278720.0,Not computed
ASN-27589,Aurobindo Pharma Limited,"Zidovudine 10mg/ml, oral solution, Bottle, 240 ml",Ghana,Air,2014-10-09,0.1926605504587156,216,1,7304.0,Not computed
DN-3971,SCMS from RDC,"Abacavir/Lamivudine 60/30mg, tablets, 60 Tabs",Zimbabwe,Truck,2014-10-30,0.1926605504587156,217,1,200845.65,Not computed
DN-3933,SCMS from RDC,"Efavirenz/Emtricitabine/Tenofovir Disoproxil Fumarate 600/200/300mg, tablets, 30 Tabs",Tanzania,Truck,2014-11-03,0.1926605504587156,218,1,212248.39,Not computed
ASN-27603,Aurobindo Pharma Limited,"Lamivudine 10mg/ml, oral solution, Bottle, 240 ml",Ghana,Ocean,2014-11-04,0.1926605504587156,219,1,19824.09,Not computed
ASN-28705,ABBVIE LOGISTICS (FORMERLY ABBOTT LOGISTICS BV),"Lopinavir/Ritonavir 100/25mg [Aluvia], tablets, 60 Tabs",Ghana,Air,2014-11-12,0.1926605504587156,220,1,3991.68,Not computed
DN-4004,SCMS from RDC,"Lamivudine/Zidovudine 30/60mg, dispersible tablets, 60 Tabs",Zimbabwe,Truck,2014-11-24,0.1926605504587156,221,1,21677.07,Not computed
DN-3909,SCMS from RDC,"Zidovudine 300mg, tablets, 60 Tabs","Congo, DRC",Air,2014-11-27,0.1926605504587156,222,1,14421.44,Not computed
DN-3944,SCMS from RDC,"Nevirapine 10mg/ml, oral suspension w/syringe, Bottle, 240 ml",Mozambique,Truck,2014-12-31,0.1926605504587156,223,1,42302.64,Not computed
DN-4019,SCMS from RDC,"Efavirenz 600mg, tablets, 30 Tabs",Uganda,Truck,2015-01-15,0.1926605504587156,224,1,240750.0,Not computed
ASN-30376,PHARMACY DIRECT,"Saquinavir 200mg [Invirase], capsules, 270 Caps",South Africa,Truck,2015-01-26,0.1926605504587156,225,1,1961.21,Not computed
DN-4042,SCMS from RDC,"Nevirapine 10mg/ml, oral suspension w/syringe, Bottle, 240 ml",Rwanda,Air,2015-01-27,0.1926605504587156,226,1,15705.51,Not computed
DN-4006,SCMS from RDC,"Efavirenz/Emtricitabine/Tenofovir Disoproxil Fumarate 600/200/300mg, tablets, 30 Tabs",Tanzania,Truck,2015-01-30,0.1926605504587156,227,1,151989.87,Not computed
DN-4027,SCMS from RDC,"Lamivudine/Zidovudine 150/300mg, tablets, 60 Tabs",Côte d'Ivoire,Truck,2015-01-30,0.1926605504587156,228,1,853633.2,Not computed
DN-4052,SCMS from RDC,"Lamivudine/Nevirapine/Zidovudine 150/200/300mg, tablets, 60 Tabs",Nigeria,Air Charter,2015-01-30,0.1926605504587156,229,1,4842694.24,Not computed
DN-4044,SCMS from RDC,"Lamivudine/Nevirapine/Zidovudine 30/50/60mg, dispersible tablets, 60 Tabs",Rwanda,Truck,2015-01-31,0.1926605504587156,230,1,7905.6,Not computed
DN-4129,SCMS from RDC,"Efavirenz/Lamivudine/Tenofovir Disoproxil Fumarate 600/300/300mg, tablets, 30 Tabs",Zimbabwe,Truck,2015-02-09,0.1926605504587156,231,1,3904000.0,Not computed
ASN-30671,PHARMACY DIRECT,"Lamivudine/Zidovudine 150/300mg, tablets, 60 Tabs",South Africa,Truck,2015-02-12,0.1926605504587156,232,1,9416.71,Not computed
DN-4064,SCMS from RDC,"Efavirenz 600mg, tablets, 30 Tabs",Côte d'Ivoire,Truck,2015-02-16,0.1926605504587156,233,1,1128637.8,Not computed
DN-4116,SCMS from RDC,"Lamivudine/Nevirapine/Zidovudine 30/50/60mg, dispersible tablets, 60 Tabs",Zimbabwe,Truck,2015-02-16,0.1926605504587156,234,1,761850.0,Not computed
DN-4109,SCMS from RDC,"Nevirapine 200mg, tablets, 60 Tabs",Uganda,Air,2015-02-17,0.1926605504587156,235,1,163273.28,Not computed
DN-4081,SCMS from RDC,"Abacavir 300mg, tablets, 60 Tabs",Mozambique,Truck,2015-02-27,0.1926605504587156,236,1,316323.1,Not computed
DN-4099,SCMS from RDC,"Efavirenz/Lamivudine/Tenofovir Disoproxil Fumarate 600/300/300mg, tablets, 30 Tabs",Nigeria,Air Charter,2015-02-28,0.1926605504587156,237,1,1143013.12,Not computed
DN-4122,SCMS from RDC,"Lamivudine/Nevirapine/Zidovudine 150/200/300mg, tablets, 60 Tabs",Nigeria,Air Charter,2015-02-28,0.1926605504587156,238,1,1445099.0799999998,Not computed
DN-4032,SCMS from RDC,"Lamivudine/Stavudine 150/30mg, tablets, 60 Tabs",Mozambique,Truck,2015-03-02,0.1926605504587156,239,1,952999.8,Not computed
DN-4121,SCMS from RDC,"Lamivudine/Nevirapine/Zidovudine 150/200/300mg, tablets, 60 Tabs",Nigeria,Air Charter,2015-03-02,0.1926605504587156,240,1,1648235.44,Not computed
DN-4112,SCMS from RDC,"Efavirenz/Lamivudine/Tenofovir Disoproxil Fumarate 600/300/300mg, tablets, 30 Tabs",Zimbabwe,Truck,2015-03-06,0.1926605504587156,241,1,6098184.64,Not computed
DN-4115,SCMS from RDC,"Lamivudine/Zidovudine 150/300mg, tablets, 60 Tabs",Mozambique,Truck,2015-03-16,0.1926605504587156,242,1,530382.6,Not computed
DN-4050,SCMS from RDC,"Lamivudine/Zidovudine 150/300mg, tablets, 60 Tabs",Mozambique,Truck,2015-03-23,0.1926605504587156,243,1,935470.0,Not computed
DN-3998,SCMS from RDC,"Lopinavir/Ritonavir 200/50mg [Aluvia], tablets, 120 Tabs",Nigeria,Air Charter,2015-03-31,0.1926605504587156,244,1,529200.0,Not computed
DN-4152,SCMS from RDC,"Nevirapine 200mg, tablets, 60 Tabs",Mozambique,Truck,2015-03-31,0.1926605504587156,245,1,3052.0,Not computed
DN-4155,SCMS from RDC,"Efavirenz/Lamivudine/Tenofovir Disoproxil Fumarate 600/300/300mg, tablets, 30 Tabs",Zimbabwe,Truck,2015-03-31,0.1926605504587156,246,1,3225600.0,Not computed
DN-4184,SCMS from RDC,"Lopinavir/Ritonavir 200/50mg, tablets, 120 Tabs",Togo,Air,2015-03-31,0.1926605504587156,247,1,123207.04,Not computed
DN-4185,SCMS from RDC,"Nevirapine 200mg, tablets, 60 Tabs",Togo,Air,2015-03-31,0.1926605504587156,248,1,523.2,Not computed
ASN-30806,"Orgenics, Ltd","HIV 1/2, Determine Complete HIV Kit, 100 Tests",Mali,Air,2015-04-04,0.1926605504587156,249,1,34720.0,Not computed
DN-4186,SCMS from RDC,"Lopinavir/Ritonavir 200/50mg [Aluvia], tablets, 120 Tabs",Nigeria,Air Charter,2015-04-15,0.1926605504587156,250,1,781817.52,Not computed
DN-4188,SCMS from RDC,"Lamivudine/Nevirapine/Zidovudine 150/200/300mg, tablets, 60 Tabs",Nigeria,Air Charter,2015-04-30,0.1926605504587156,251,1,1918381.4,Not computed
DN-4190,SCMS from RDC,"Efavirenz/Lamivudine/Tenofovir Disoproxil Fumarate 600/300/300mg, tablets, 30 Tabs",Nigeria,Air Charter,2015-04-30,0.1926605504587156,252,1,2735913.6,Not computed
DN-4217,SCMS from RDC,"Lamivudine/Nevirapine/Zidovudine 30/50/60mg, dispersible tablets, 60 Tabs",Uganda,Truck,2015-04-30,0.1926605504587156,253,1,2995.2,Not computed
DN-4224,SCMS from RDC,"Abacavir/Lamivudine 60/30mg, tablets, 60 Tabs",Zimbabwe,Truck,2015-04-30,0.1926605504587156,254,1,26204.3,Not computed
DN-4226,SCMS from RDC,"Lamivudine/Nevirapine/Zidovudine 150/200/300mg, tablets, 60 Tabs",Nigeria,Air Charter,2015-04-30,0.1926605504587156,255,1,1462113.96,Not computed
DN-4227,SCMS from RDC,"Zidovudine 300mg, tablets, 60 Tabs",Nigeria,Air Charter,2015-04-30,0.1926605504587156,256,1,118006.2,Not computed
DN-4244,SCMS from RDC,"Efavirenz/Lamivudine/Tenofovir Disoproxil Fumarate 600/300/300mg, tablets, 30 Tabs",Nigeria,Air Charter,2015-04-30,0.1926605504587156,257,1,2802508.8,Not computed
DN-4195,SCMS from RDC,"Zidovudine 10mg/ml, oral solution w/syringe, Bottle, 240 ml","Congo, DRC",Air,2015-05-06,0.1926605504587156,258,1,1187.7,Not computed
ASN-31785,"Orgenics, Ltd","HIV 1/2, Determine Complete HIV Kit, 100 Tests",Nigeria,Air,2015-05-07,0.1926605504587156,259,1,501960.0,Not computed
ASN-31786,"Orgenics, Ltd","HIV 1/2, Determine Complete HIV Kit, 100 Tests",Nigeria,Air,2015-05-07,0.1926605504587156,260,1,566040.0,Not computed
ASN-32121,PHARMACY DIRECT,"Raltegravir 400mg [Isentress], tablets, 60 Tabs",South Africa,Truck,2015-05-12,0.1926605504587156,261,1,108.29,Not computed
DN-4182,SCMS from RDC,"Efavirenz 600mg, tablets, 30 Tabs",Zambia,Truck,2015-05-15,0.1926605504587156,262,1,339630.72,Not computed
DN-4193,SCMS from RDC,"Lopinavir/Ritonavir 200/50mg [Aluvia], tablets, 120 Tabs",Mozambique,Truck,2015-05-15,0.1926605504587156,263,1,569268.0,Not computed
DN-4254,SCMS from RDC,"Lamivudine/Nevirapine/Zidovudine 150/200/300mg, tablets, 60 Tabs",Côte d'Ivoire,Truck,2015-05-29,0.1926605504587156,264,1,1119400.0,Not computed
DN-4191,SCMS from RDC,"Efavirenz/Lamivudine/Tenofovir Disoproxil Fumarate 600/300/300mg, tablets, 30 Tabs",Mozambique,Truck,2015-05-31,0.1926605504587156,265,1,7127500.800000001,Not computed
DN-4253,SCMS from RDC,"Lopinavir/Ritonavir 200/50mg, tablets, 120 Tabs",Côte d'Ivoire,Truck,2015-06-08,0.1926605504587156,266,1,982455.84,Not computed
DN-4218,SCMS from RDC,"Lamivudine/Zidovudine 30/60mg, dispersible tablets, 60 Tabs",Uganda,Truck,2015-06-15,0.1926605504587156,267,1,963501.86,Not computed
DN-4196,SCMS from RDC,"Abacavir 20mg/ml, oral solution, Bottle, 240 ml","Congo, DRC",Air,2015-06-16,0.1926605504587156,268,1,5130.0,Not computed
DN-4255,SCMS from RDC,"Efavirenz 600mg, tablets, 30 Tabs",Côte d'Ivoire,Truck,2015-06-19,0.1926605504587156,269,1,2305824.0,Not computed
DN-4229,SCMS from RDC,"Lamivudine/Nevirapine/Zidovudine 150/200/300mg, tablets, 60 Tabs",Nigeria,Air Charter,2015-06-30,0.1926605504587156,270,1,1046886.04,Not computed
DN-4247,SCMS from RDC,"Abacavir/Lamivudine 600/300mg, tablets, 30 Tabs",Mozambique,Truck,2015-06-30,0.1926605504587156,271,1,69580.0,Not computed
DN-4259,SCMS from RDC,"Lamivudine/Nevirapine/Zidovudine 30/50/60mg, dispersible tablets, 60 Tabs",Uganda,Truck,2015-06-30,0.1926605504587156,272,1,170233.2,Not computed
DN-4260,SCMS from RDC,"Lamivudine/Nevirapine/Zidovudine 150/200/300mg, tablets, 60 Tabs",Nigeria,Air Charter,2015-06-30,0.1926605504587156,273,1,2968486.68,Not computed
DN-4261,SCMS from RDC,"Efavirenz/Lamivudine/Tenofovir Disoproxil Fumarate 600/300/300mg, tablets, 30 Tabs",Nigeria,Air Charter,2015-06-30,0.1926605504587156,274,1,2784000.0,Not computed
DN-4264,SCMS from RDC,"Lamivudine/Tenofovir Disoproxil Fumarate 300/300mg, tablets, 30 Tabs",Mozambique,Truck,2015-06-30,0.1926605504587156,275,1,26625.06,Not computed
DN-4269,SCMS from RDC,"Lopinavir/Ritonavir 200/50mg [Aluvia], tablets, 120 Tabs",Nigeria,Air Charter,2015-06-30,0.1926605504587156,276,1,360990.0,Not computed
DN-4273,SCMS from RDC,"Efavirenz/Lamivudine/Tenofovir Disoproxil Fumarate 600/300/300mg, tablets, 30 Tabs",Nigeria,Air Charter,2015-06-30,0.1926605504587156,277,1,1867113.6,Not computed
DN-4274,SCMS from RDC,"Lamivudine/Nevirapine/Zidovudine 30/50/60mg, dispersible tablets, 60 Tabs",Nigeria,Air Charter,2015-06-30,0.1926605504587156,278,1,440424.0,Not computed
DN-4275,SCMS from RDC,"Lamivudine/Nevirapine/Zidovudine 150/200/300mg, tablets, 60 Tabs",Nigeria,Air Charter,2015-06-30,0.1926605504587156,279,1,2457499.88,Not computed
DN-4276,SCMS from RDC,"Lopinavir/Ritonavir 200/50mg [Aluvia], tablets, 120 Tabs",Nigeria,Air Charter,2015-06-30,0.1926605504587156,280,1,1304800.0,Not computed
DN-4278,SCMS from RDC,"Zidovudine 300mg, tablets, 60 Tabs",Nigeria,Air Charter,2015-06-30,0.1926605504587156,281,1,187722.6,Not computed
DN-4282,SCMS from RDC,"Lamivudine/Tenofovir Disoproxil Fumarate 300/300mg, tablets, 30 Tabs",Nigeria,Air,2015-06-30,0.1926605504587156,282,1,277334.97,Not computed
DN-4290,SCMS from RDC,"Lamivudine/Nevirapine/Zidovudine 150/200/300mg, tablets, 60 Tabs",Nigeria,Air Charter,2015-06-30,0.1926605504587156,283,1,2416167.0,Not computed
DN-4291,SCMS from RDC,"Efavirenz/Lamivudine/Tenofovir Disoproxil Fumarate 600/300/300mg, tablets, 30 Tabs",Nigeria,Air Charter,2015-06-30,0.1926605504587156,284,1,2801088.0,Not computed
DN-4292,SCMS from RDC,"Lamivudine/Nevirapine/Zidovudine 30/50/60mg, dispersible tablets, 60 Tabs",Nigeria,Air Charter,2015-06-30,0.1926605504587156,285,1,59382.0,Not computed
DN-4197,SCMS from RDC,"Efavirenz 200mg, scored tablets, 90 Tabs","Congo, DRC",Air,2015-07-01,0.1926605504587156,286,1,18468.0,Not computed
DN-4285,SCMS from RDC,"Lopinavir/Ritonavir 200/50mg, tablets, 120 Tabs","Congo, DRC",Air,2015-07-08,0.1926605504587156,287,1,63248.6,Not computed
DN-3480,SCMS from RDC,"Nevirapine 200mg, tablets, 60 Tabs",Rwanda,Truck,2014-01-31,0.17647058823529413,288,1,144640.0,Not computed
DN-3500,SCMS from RDC,"Efavirenz 200mg, scored tablets, 90 Tabs",Tanzania,Truck,2014-01-31,0.17647058823529413,289,1,200842.8,Not computed
DN-3501,SCMS from RDC,"Abacavir/Lamivudine 60/30mg, tablets, 60 Tabs",Tanzania,Truck,2014-01-31,0.17647058823529413,290,1,133688.0,Not computed
DN-3525,SCMS from RDC,"Lamivudine/Nevirapine/Stavudine 150/200/30mg, tablets, 60 Tabs",Mozambique,Truck,2014-01-31,0.17647058823529413,291,1,357428.16000000003,Not computed
DN-3530,SCMS from RDC,"Zidovudine 10mg/ml, oral solution w/syringe, Bottle, 240 ml",Côte d'Ivoire,Air,2014-01-31,0.17647058823529413,292,1,82402.0,Not computed
DN-3531,SCMS from RDC,"Emtricitabine/Tenofovir Disoproxil Fumarate 200/300mg, tablets, 30 Tabs",Tanzania,Truck,2014-01-31,0.17647058823529413,293,1,377132.22,Not computed
ASN-24362,S. BUYS WHOLESALER,"Lopinavir/Ritonavir 80/20mg/ml [Kaletra], oral solution, cool, Bottle 5 x 60 ml",South Africa,Truck,2014-02-05,0.17647058823529413,294,1,185.0,Not computed
ASN-23946,"Orgenics, Ltd","HIV 1/2, Determine Complete HIV Kit, 100 Tests",Nigeria,Air,2014-02-18,0.17647058823529413,295,1,961022.0,Not computed
DN-3555,SCMS from RDC,"Zidovudine 10mg/ml, oral solution w/syringe, Bottle, 240 ml",Côte d'Ivoire,Truck,2014-02-27,0.17647058823529413,296,1,6104.7,Not computed
DN-3537,SCMS from RDC,"Lamivudine/Nevirapine/Zidovudine 150/200/300mg, tablets, 60 Tabs",Mozambique,Truck,2014-02-28,0.17647058823529413,297,0,1409265.0,Not computed
ASN-24712,"Orgenics, Ltd","HIV 1/2, Determine Complete HIV Kit, 100 Tests",Burundi,Air,2014-03-24,0.17647058823529413,298,0,54000.0,Not computed
DN-3585,SCMS from RDC,"Lamivudine 10mg/ml, oral solution w/syringe, Bottle, 240 ml",Guyana,Air,2014-03-31,0.17647058823529413,299,0,39582.37,Not computed
DN-3592,SCMS from RDC,"Lamivudine/Nevirapine/Zidovudine 30/50/60mg, dispersible tablets, 60 Tabs",Tanzania,Truck,2014-04-08,0.17647058823529413,300,0,386175.0,Not computed
DN-3598,SCMS from RDC,"Lamivudine/Tenofovir Disoproxil Fumarate 300/300mg, tablets, 30 Tabs",Côte d'Ivoire,Truck,2014-04-10,0.17647058823529413,301,0,55659.9,Not computed
ASN-24980,"Orgenics, Ltd","HIV 1/2, Determine Complete HIV Kit, 100 Tests",Haiti,Air,2014-04-14,0.17647058823529413,302,0,400000.0,Not computed
DN-3583,SCMS from RDC,"Lopinavir/Ritonavir 200/50mg, tablets, 120 Tabs",Uganda,Truck,2014-04-30,0.17647058823529413,303,0,541087.2,Not computed
DN-3682,SCMS from RDC,"Lamivudine/Nevirapine/Zidovudine 30/50/60mg, dispersible tablets, 60 Tabs",Haiti,Air,2014-04-30,0.17647058823529413,304,0,9678.75,Not computed
DN-3617,SCMS from RDC,"Nevirapine 200mg, tablets, 60 Tabs",Rwanda,Truck,2014-05-06,0.17647058823529413,305,0,55225.36,Not computed
DN-3661,SCMS from RDC,"Lamivudine/Zidovudine 150/300mg, tablets, 60 Tabs",Uganda,Truck,2014-05-20,0.17647058823529413,306,0,771459.9,Not computed
DN-3693,SCMS from RDC,"Lamivudine/Nevirapine/Zidovudine 30/50/60mg, dispersible tablets, 60 Tabs",Côte d'Ivoire,Truck,2014-05-30,0.17647058823529413,307,0,75000.0,Not computed
DN-3715,SCMS from RDC,"Zidovudine 300mg, tablets, 60 Tabs","Congo, DRC",Air,2014-05-30,0.17647058823529413,308,0,2120.4,Not computed
DN-3721,SCMS from RDC,"Lamivudine/Nevirapine/Zidovudine 150/200/300mg, tablets, 60 Tabs",Nigeria,Air Charter,2014-06-03,0.17647058823529413,309,0,3849938.65,Not computed
ASN-26184,HETERO LABS LIMITED,"Nevirapine 200mg, tablets, 60 Tabs",Zimbabwe,Air Charter,2014-06-14,0.17647058823529413,310,0,170040.0,Not computed
ASN-26447,"Orgenics, Ltd","HIV 1/2, Determine Complete HIV Kit, 100 Tests",Uganda,Air,2014-06-14,0.17647058823529413,311,0,480000.0,Not computed
DN-3709,SCMS from RDC,"Emtricitabine/Tenofovir Disoproxil Fumarate 200/300mg, tablets, 30 Tabs",Tanzania,Truck,2014-06-30,0.17647058823529413,312,0,199367.42,Not computed
DN-3718,SCMS from RDC,"Lamivudine/Zidovudine 150/300mg, tablets, 60 Tabs",Nigeria,Air Charter,2014-06-30,0.17647058823529413,313,0,608025.0,Not computed
DN-3736,SCMS from RDC,"Lamivudine/Nevirapine/Zidovudine 150/200/300mg, tablets, 60 Tabs",Uganda,Truck,2014-06-30,0.17647058823529413,314,0,1758834.84,Not computed
DN-3747,SCMS from RDC,"Lopinavir/Ritonavir 200/50mg, tablets, 120 Tabs",Côte d'Ivoire,Truck,2014-06-30,0.17647058823529413,315,0,264685.59,Not computed
DN-3755,SCMS from RDC,"Nevirapine 200mg, tablets, 60 Tabs",Zambia,Truck,2014-06-30,0.17647058823529413,316,0,168267.66,Not computed
DN-3698,SCMS from RDC,"Lamivudine/Nevirapine/Zidovudine 150/200/300mg, tablets, 60 Tabs",Mozambique,Truck,2014-07-16,0.17647058823529413,317,0,382045.88,Not computed
ASN-26460,STRIDES ARCOLAB LIMITED,"Efavirenz 600mg, tablets, 30 Tabs",Ghana,Air,2014-07-17,0.17647058823529413,318,0,152214.04,Not computed
ASN-26462,STRIDES ARCOLAB LIMITED,"Efavirenz 600mg, tablets, 30 Tabs",Ghana,Air,2014-07-17,0.17647058823529413,319,0,191400.0,Not computed
DN-3752,SCMS from RDC,"Lamivudine/Stavudine 150/30mg, tablets, 60 Tabs",Mozambique,Truck,2014-07-31,0.17647058823529413,320,0,232456.8,Not computed
ASN-26736,"Orgenics, Ltd","HIV 1/2, Determine Complete HIV Kit, 100 Tests","Congo, DRC",Air,2014-08-11,0.17647058823529413,321,0,267190.0,Not computed
ASN-27466,"Orgenics, Ltd","HIV 1/2, Determine Complete HIV Kit, 100 Tests",Nigeria,Air,2014-08-19,0.17647058823529413,322,0,423462.0,Not computed
ASN-27467,"Orgenics, Ltd","HIV 1/2, Determine Complete HIV Kit, 100 Tests",Nigeria,Air,2014-08-19,0.17647058823529413,323,0,542989.0,Not computed
ASN-27468,"Orgenics, Ltd","HIV 1/2, Determine Complete HIV Kit, 100 Tests",Nigeria,Air,2014-08-19,0.17647058823529413,324,0,564260.0,Not computed
ASN-27470,"Orgenics, Ltd","HIV 1/2, Determine Complete HIV Kit, 100 Tests",Nigeria,Air,2014-08-19,0.17647058823529413,325,0,525545.0,Not computed
ASN-27471,"Orgenics, Ltd","HIV 1/2, Determine Complete HIV Kit, 100 Tests",Nigeria,Air,2014-08-19,0.17647058823529413,326,0,523676.0,Not computed
ASN-27472,"Orgenics, Ltd","HIV 1/2, Determine Complete HIV Kit, 100 Tests",Nigeria,Air,2014-08-19,0.17647058823529413,327,0,525367.0,Not computed
ASN-27474,"Orgenics, Ltd","HIV 1/2, Determine Complete HIV Kit, 100 Tests",Nigeria,Air,2014-08-19,0.17647058823529413,328,0,371753.0,Not computed
ASN-27475,"Orgenics, Ltd","HIV 1/2, Determine Complete HIV Kit, 100 Tests",Nigeria,Air,2014-08-19,0.17647058823529413,329,0,567375.0,Not computed
ASN-27476,"Orgenics, Ltd","HIV 1/2, Determine Complete HIV Kit, 100 Tests",Nigeria,Air,2014-08-19,0.17647058823529413,330,0,443843.0,Not computed
DN-3787,SCMS from RDC,"Efavirenz 200mg, scored tablets, 90 Tabs",Rwanda,Truck,2014-08-19,0.17647058823529413,331,0,224662.34,Not computed
ASN-27979,S. BUYS WHOLESALER,"Emtricitabine/Tenofovir Disoproxil Fumarate 200/300mg, tablets, 30 Tabs",South Africa,Truck,2014-08-27,0.17647058823529413,332,0,16130.42,Not computed
DN-3850,SCMS from RDC,"Efavirenz 600mg, tablets, 30 Tabs",Côte d'Ivoire,Truck,2014-08-29,0.17647058823529413,333,0,95670.84,Not computed
DN-3839,SCMS from RDC,"Nevirapine 200mg, tablets, 60 Tabs",Zambia,Truck,2014-08-30,0.17647058823529413,334,0,86481.72,Not computed
DN-3744,SCMS from RDC,"Efavirenz/Lamivudine/Tenofovir Disoproxil Fumarate 600/300/300mg, tablets, 30 Tabs",Mozambique,Truck,2014-08-31,0.17647058823529413,335,0,4456635.26,Not computed
DN-3811,SCMS from RDC,"Emtricitabine/Tenofovir Disoproxil Fumarate 200/300mg, tablets, 30 Tabs",Tanzania,Truck,2014-09-18,0.17647058823529413,336,0,126291.48,Not computed
DN-3889,SCMS from RDC,"Abacavir/Lamivudine 60/30mg, tablets, 60 Tabs",Zambia,Truck,2014-09-30,0.17647058823529413,337,0,237000.0,Not computed
DN-3917,SCMS from RDC,"Lamivudine/Zidovudine 150/300mg, tablets, 60 Tabs",Nigeria,Air Charter,2014-09-30,0.17647058823529413,338,0,708965.12,Not computed
DN-3918,SCMS from RDC,"Lamivudine/Zidovudine 150/300mg, tablets, 60 Tabs",Nigeria,Air Charter,2014-09-30,0.17647058823529413,339,0,1411617.5,Not computed
DN-3937,SCMS from RDC,"Nevirapine 200mg, tablets, 60 Tabs",Zambia,Truck,2014-09-30,0.17647058823529413,340,0,705321.5,Not computed
DN-3939,SCMS from RDC,"Lamivudine/Nevirapine/Zidovudine 150/200/300mg, tablets, 60 Tabs",Mozambique,Truck,2014-10-31,0.17647058823529413,341,0,1881006.76,Not computed
DN-3970,SCMS from RDC,"Abacavir/Lamivudine 60/30mg, tablets, 60 Tabs",Zimbabwe,Truck,2014-10-31,0.17647058823529413,342,0,109995.65,Not computed
ASN-29127,Aurobindo Pharma Limited,"Lamivudine 10mg/ml, oral solution, Bottle, 240 ml",Ghana,Air,2014-12-24,0.17647058823529413,343,0,16773.9,Not computed
DN-3875,SCMS from RDC,"Efavirenz 600mg, tablets, 30 Tabs",Mozambique,Truck,2014-12-31,0.17647058823529413,344,0,1542482.59,Not computed
DN-4040,SCMS from RDC,"Efavirenz 200mg, scored tablets, 90 Tabs",Rwanda,Truck,2015-01-14,0.17647058823529413,345,0,25930.22,Not computed
ASN-29928,"Orgenics, Ltd","HIV 1/2, Determine Complete HIV Kit, 100 Tests",Nigeria,Air,2015-01-19,0.17647058823529413,346,0,545837.0,Not computed
ASN-29929,"Orgenics, Ltd","HIV 1/2, Determine Complete HIV Kit, 100 Tests",Nigeria,Air,2015-01-19,0.17647058823529413,347,0,543790.0,Not computed
ASN-29934,"Orgenics, Ltd","HIV 1/2, Determine Complete HIV Kit, 100 Tests",Nigeria,Air,2015-01-19,0.17647058823529413,348,0,549130.0,Not computed
ASN-29935,"Orgenics, Ltd","HIV 1/2, Determine Complete HIV Kit, 100 Tests",Nigeria,Air,2015-01-19,0.17647058823529413,349,0,548062.0,Not computed
ASN-29937,"Orgenics, Ltd","HIV 1/2, Determine Complete HIV Kit, 100 Tests",Nigeria,Air,2015-01-19,0.17647058823529413,350,0,534890.0,Not computed
ASN-29907,CIPLA LIMITED,"Lamivudine/Nevirapine/Zidovudine 30/50/60mg, dispersible tablets, 60 Tabs",Haiti,Air,2015-01-20,0.17647058823529413,351,0,28321.2,Not computed
DN-3975,SCMS from RDC,"Lopinavir/Ritonavir 200/50mg, tablets, 120 Tabs","Congo, DRC",Air,2015-01-30,0.17647058823529413,352,0,118231.0,Not computed
DN-4020,SCMS from RDC,"Lamivudine/Nevirapine/Zidovudine 30/50/60mg, dispersible tablets, 60 Tabs",Zimbabwe,Air,2015-01-30,0.17647058823529413,353,0,75000.0,Not computed
DN-4098,SCMS from RDC,"Lamivudine/Nevirapine/Zidovudine 150/200/300mg, tablets, 60 Tabs",Nigeria,Air Charter,2015-01-30,0.17647058823529413,354,0,2779200.0,Not computed
ASN-30816,ABBVIE LOGISTICS (FORMERLY ABBOTT LOGISTICS BV),"Lopinavir/Ritonavir 80/20mg/ml [Kaletra], oral solution, cool, Bottle 5 x 60 ml",Zimbabwe,Air,2015-02-28,0.17647058823529413,355,0,165256.84,Not computed
DN-4128,SCMS from RDC,"Lamivudine/Nevirapine/Zidovudine 150/200/300mg, tablets, 60 Tabs",Nigeria,Air Charter,2015-02-28,0.17647058823529413,356,0,328100.0,Not computed
DN-4170,SCMS from RDC,"Lamivudine/Zidovudine 150/300mg, tablets, 60 Tabs",Nigeria,Air Charter,2015-03-02,0.17647058823529413,357,0,1304000.0,Not computed
DN-4174,SCMS from RDC,"Tenofovir Disoproxil Fumarate 300mg, tablets, 30 Tabs",Côte d'Ivoire,Truck,2015-03-31,0.17647058823529413,358,0,6262.2,Not computed
DN-4200,SCMS from RDC,"Abacavir 20mg/ml, oral solution, Bottle, 240 ml",Rwanda,Truck,2015-04-06,0.17647058823529413,359,0,20257.78,Not computed
ASN-30623,"Orgenics, Ltd","HIV 1/2, Determine Complete HIV Kit, 100 Tests",Burundi,Air,2015-04-21,0.17647058823529413,360,0,126880.0,Not computed
ASN-31869,"Orgenics, Ltd","HIV 1/2, Determine Complete HIV Kit, 100 Tests",Côte d'Ivoire,Air,2015-05-20,0.17647058823529413,361,0,460000.0,Not computed
DN-4177,SCMS from RDC,"Lamivudine/Nevirapine/Zidovudine 150/200/300mg, tablets, 60 Tabs",Côte d'Ivoire,Truck,2015-05-29,0.17647058823529413,362,0,877425.0,Not computed
DN-4233,SCMS from RDC,"Lamivudine/Zidovudine 150/300mg, tablets, 60 Tabs",Mozambique,Truck,2015-05-29,0.17647058823529413,363,0,492488.2,Not computed
DN-4258,SCMS from RDC,"Lamivudine/Tenofovir Disoproxil Fumarate 300/300mg, tablets, 30 Tabs",Nigeria,Air Charter,2015-05-29,0.17647058823529413,364,0,198618.48,Not computed
DN-4231,SCMS from RDC,"Efavirenz/Lamivudine/Tenofovir Disoproxil Fumarate 600/300/300mg, tablets, 30 Tabs",Mozambique,Truck,2015-05-31,0.17647058823529413,365,0,1920000.0,Not computed
ASN-32525,PHARMACY DIRECT,"Etravirine 100mg [Intelence], tablets, 120 Tabs",South Africa,Truck,2015-06-02,0.17647058823529413,366,0,25.59,Not computed
DN-4281,SCMS from RDC,"Lamivudine/Zidovudine 150/300mg, tablets, 60 Tabs",Nigeria,Air,2015-06-02,0.17647058823529413,367,0,246077.84,Not computed
DN-4061,SCMS from RDC,"Efavirenz/Lamivudine/Tenofovir Disoproxil Fumarate 600/300/300mg, tablets, 30 Tabs",Uganda,Truck,2015-06-15,0.17647058823529413,368,0,3542880.0,Not computed
DN-4251,SCMS from RDC,"Lamivudine 150mg, tablets, 60 Tabs",Zambia,Truck,2015-06-15,0.17647058823529413,369,0,215742.6,Not computed
DN-4187,SCMS from RDC,"Lopinavir/Ritonavir 200/50mg [Aluvia], tablets, 120 Tabs",Nigeria,Air Charter,2015-06-30,0.17647058823529413,370,0,244743.2,Not computed
DN-4210,SCMS from RDC,"Efavirenz/Lamivudine/Tenofovir Disoproxil Fumarate 600/300/300mg, tablets, 30 Tabs",Burundi,Air,2015-06-30,0.17647058823529413,371,0,88192.8,Not computed
DN-4238,SCMS from RDC,"Efavirenz 200mg, scored tablets, 90 Tabs",Rwanda,Truck,2015-06-30,0.17647058823529413,372,0,19697.4,Not computed
DN-4320,SCMS from RDC,"Lopinavir/Ritonavir 200/50mg, tablets, 120 Tabs",Cameroon,Air,2015-08-10,0.17647058823529413,373,0,232320.0,Not computed
DN-3899,SCMS from RDC,"Zidovudine 10mg/ml, oral solution w/syringe, Bottle, 240 ml",Côte d'Ivoire,Air,2014-09-30,0.1708368586877924,374,0,14700.0,Not computed
DN-3446,SCMS from RDC,"Tenofovir Disoproxil Fumarate 300mg, tablets, 30 Tabs",Côte d'Ivoire,Air,2014-01-03,0.15447154471544716,375,0,15590.36,Not computed
DN-3494,SCMS from RDC,"Efavirenz/Lamivudine/Tenofovir Disoproxil Fumarate 600/300/300mg, tablets, 30 Tabs",Nigeria,Air Charter,2014-01-17,0.15447154471544716,376,0,2787500.0,Not computed
DN-3469,SCMS from RDC,"Lamivudine/Tenofovir Disoproxil Fumarate 300/300mg, tablets, 30 Tabs",Côte d'Ivoire,Air,2014-01-22,0.15447154471544716,377,0,33511.0,Not computed
DN-3493,SCMS from RDC,"Nevirapine 200mg, tablets, 60 Tabs",South Sudan,Air,2014-01-22,0.15447154471544716,378,0,39403.04,Not computed
ASN-23877,"Orgenics, Ltd","HIV 1/2, Determine Complete HIV Kit, 100 Tests",Côte d'Ivoire,Air,2014-01-24,0.15447154471544716,379,0,250800.0,Not computed
DN-3396,SCMS from RDC,"Lopinavir/Ritonavir 200/50mg, tablets, 120 Tabs",Zambia,Truck,2014-01-24,0.15447154471544716,380,0,1866540.74,Not computed
DN-3421,SCMS from RDC,"Nevirapine 200mg, tablets, 60 Tabs",Rwanda,Truck,2014-01-31,0.15447154471544716,381,0,284282.14,Not computed
DN-3472,SCMS from RDC,"Lamivudine/Nevirapine/Zidovudine 30/50/60mg, dispersible tablets, 60 Tabs",Côte d'Ivoire,Air,2014-01-31,0.15447154471544716,382,0,8250.0,Not computed
DN-3477,SCMS from RDC,"Lamivudine/Nevirapine/Stavudine 30/50/6mg, dispersible tablets, 60 Tabs",Tanzania,Truck,2014-01-31,0.15447154471544716,383,0,38097.3,Not computed
DN-3479,SCMS from RDC,"Efavirenz/Lamivudine/Tenofovir Disoproxil Fumarate 600/300/300mg, tablets, 30 Tabs",Rwanda,Truck,2014-01-31,0.15447154471544716,384,0,925450.0,Not computed
DN-3481,SCMS from RDC,"Lamivudine/Zidovudine 150/300mg, tablets, 60 Tabs",Rwanda,Truck,2014-01-31,0.15447154471544716,385,0,112000.0,Not computed
DN-3515,SCMS from RDC,"Abacavir/Lamivudine 60/30mg, tablets, 60 Tabs",Uganda,Air,2014-01-31,0.15447154471544716,386,0,5784.0,Not computed
DN-3516,SCMS from RDC,"Abacavir/Lamivudine 60/30mg, tablets, 60 Tabs",Uganda,Air,2014-01-31,0.15447154471544716,387,0,7456.0,Not computed
DN-3534,SCMS from RDC,"Lamivudine/Tenofovir Disoproxil Fumarate 300/300mg, tablets, 30 Tabs",Uganda,Truck,2014-01-31,0.15447154471544716,388,0,248160.0,Not computed
ASN-24097,"Orgenics, Ltd","HIV 1/2, Determine Complete HIV Kit, 100 Tests",Mozambique,Air,2014-02-10,0.15447154471544716,389,0,766000.0,Not computed
DN-3486,SCMS from RDC,"Lamivudine/Nevirapine/Zidovudine 30/50/60mg, dispersible tablets, 60 Tabs",Zimbabwe,Truck,2014-02-14,0.15447154471544716,390,0,3153.75,Not computed
ASN-23947,"Orgenics, Ltd","HIV 1/2, Determine Complete HIV Kit, 100 Tests",Nigeria,Air,2014-02-18,0.15447154471544716,391,0,833307.0,Not computed
ASN-23948,"Orgenics, Ltd","HIV 1/2, Determine Complete HIV Kit, 100 Tests",Nigeria,Air,2014-02-18,0.15447154471544716,392,0,823962.0,Not computed
ASN-23949,"Orgenics, Ltd","HIV 1/2, Determine Complete HIV Kit, 100 Tests",Nigeria,Air,2014-02-18,0.15447154471544716,393,0,828768.0,Not computed
ASN-23950,"Orgenics, Ltd","HIV 1/2, Determine Complete HIV Kit, 100 Tests",Nigeria,Air,2014-02-18,0.15447154471544716,394,0,822449.0,Not computed
ASN-21891,Aurobindo Pharma Limited,"Efavirenz/Emtricitabine/Tenofovir Disoproxil Fumarate 600/200/300mg, tablets, 30 Tabs",Zambia,Ocean,2014-02-25,0.15447154471544716,395,0,916317.2,Not computed
DN-3538,SCMS from RDC,"Lamivudine/Tenofovir Disoproxil Fumarate 300/300mg, tablets, 30 Tabs",Uganda,Truck,2014-02-28,0.15447154471544716,396,0,191760.0,Not computed
DN-3448,SCMS from RDC,"Lamivudine/Nevirapine/Zidovudine 30/50/60mg, dispersible tablets, 60 Tabs",Zambia,Truck,2014-03-25,0.15447154471544716,397,0,147738.31,Not computed
DN-3567,SCMS from RDC,"Zidovudine 10mg/ml, oral solution w/syringe, Bottle, 240 ml",Côte d'Ivoire,Air,2014-03-28,0.15447154471544716,398,0,24610.7,Not computed
DN-3568,SCMS from RDC,"Lamivudine/Nevirapine/Zidovudine 150/200/300mg, tablets, 60 Tabs",Côte d'Ivoire,Truck,2014-03-28,0.15447154471544716,399,0,1156689.1,Not computed
DN-3591,SCMS from RDC,"HIV 1/2/O, First Response HIV 1-2.0, v.3.0 Cards Kit, 30 Tests",Kenya,Truck,2014-04-03,0.15447154471544716,400,0,0.0,Not computed
ASN-25499,ABBVIE LOGISTICS (FORMERLY ABBOTT LOGISTICS BV),"Lopinavir/Ritonavir 80/20mg/ml [Kaletra], oral solution, cool, Bottle 5 x 60 ml",Côte d'Ivoire,Air,2014-04-16,0.15447154471544716,401,0,18492.0,Not computed
DN-3594,SCMS from RDC,"Efavirenz 200mg, scored tablets, 90 Tabs",Tanzania,Truck,2014-04-30,0.15447154471544716,402,0,1255.5,Not computed
DN-3614,SCMS from RDC,"Abacavir 300mg, tablets, 60 Tabs",Tanzania,Truck,2014-04-30,0.15447154471544716,403,0,306500.39,Not computed
DN-3630,SCMS from RDC,"Tenofovir Disoproxil Fumarate 300mg, tablets, 30 Tabs",Côte d'Ivoire,Air,2014-04-30,0.15447154471544716,404,0,15120.0,Not computed
DN-3635,SCMS from RDC,"Zidovudine 300mg, tablets, 60 Tabs",Guyana,Air,2014-04-30,0.15447154471544716,405,0,341.0,Not computed
DN-3636,SCMS from RDC,"Abacavir 300mg, tablets, 60 Tabs",Guyana,Air,2014-04-30,0.15447154471544716,406,0,550.27,Not computed
DN-3653,SCMS from RDC,"Lamivudine/Nevirapine/Zidovudine 150/200/300mg, tablets, 60 Tabs",Côte d'Ivoire,Air,2014-04-30,0.15447154471544716,407,0,200844.15,Not computed
DN-3639,SCMS from RDC,"Abacavir 20mg/ml, oral solution w/syringe, Bottle, 240 ml",Guyana,Air,2014-05-05,0.15447154471544716,408,0,251.4,Not computed
DN-3660,SCMS from RDC,"Lamivudine/Zidovudine 150/300mg, tablets, 60 Tabs",Haiti,Air,2014-05-07,0.15447154471544716,409,0,91702.98,Not computed
ASN-25595,"Orgenics, Ltd","HIV 1/2, Determine Complete HIV Kit, 100 Tests",Burundi,Air,2014-05-09,0.15447154471544716,410,0,90240.0,Not computed
ASN-25473,"Orgenics, Ltd","HIV 1/2, Determine Complete HIV Kit, 100 Tests",Haiti,Air,2014-05-15,0.15447154471544716,411,0,400000.0,Not computed
DN-3681,SCMS from RDC,"Lamivudine/Nevirapine/Zidovudine 30/50/60mg, dispersible tablets, 60 Tabs",Côte d'Ivoire,Truck,2014-05-15,0.15447154471544716,412,0,12000.0,Not computed
DN-3685,SCMS from RDC,"Lamivudine 150mg, tablets, 60 Tabs",Côte d'Ivoire,Truck,2014-05-30,0.15447154471544716,413,0,5568.0,Not computed
DN-3701,SCMS from RDC,"Lamivudine/Tenofovir Disoproxil Fumarate 300/300mg, tablets, 30 Tabs",Zambia,Truck,2014-05-30,0.15447154471544716,414,0,771608.8,Not computed
DN-3713,SCMS from RDC,"Lamivudine/Nevirapine/Zidovudine 150/200/300mg, tablets, 60 Tabs",Uganda,Truck,2014-05-30,0.15447154471544716,415,0,372654.5,Not computed
DN-3714,SCMS from RDC,"Nevirapine 200mg, tablets, 60 Tabs",Rwanda,Truck,2014-05-30,0.15447154471544716,416,0,67771.86,Not computed
DN-3716,SCMS from RDC,"Efavirenz 200mg, scored tablets, 90 Tabs",Guyana,Air,2014-05-30,0.15447154471544716,417,0,697.5,Not computed
ASN-25890,STRIDES ARCOLAB LIMITED,"Nevirapine 200mg, tablets, 60 Tabs",Zimbabwe,Air Charter,2014-06-14,0.15447154471544716,418,0,347600.0,Not computed
DN-3731,SCMS from RDC,"Lamivudine/Nevirapine/Zidovudine 150/200/300mg, tablets, 60 Tabs",Côte d'Ivoire,Truck,2014-06-16,0.15447154471544716,419,0,200844.15,Not computed
DN-3753,SCMS from RDC,"Nevirapine 10mg/ml, oral suspension w/syringe, Bottle, 100 ml",Zambia,Air,2014-06-16,0.15447154471544716,420,0,8811.4,Not computed
ASN-26283,"Orgenics, Ltd","HIV 1/2, Determine Complete HIV Kit, 100 Tests",Zimbabwe,Air,2014-06-18,0.15447154471544716,421,0,722655.0,Not computed
DN-3699,SCMS from RDC,"Lamivudine/Tenofovir Disoproxil Fumarate 300/300mg, tablets, 30 Tabs",Rwanda,Truck,2014-06-27,0.15447154471544716,422,0,249191.2,Not computed
DN-3626,SCMS from RDC,"Zidovudine 300mg, tablets, 60 Tabs",Guyana,Air,2014-06-30,0.15447154471544716,423,0,11115.13,Not computed
DN-3640,SCMS from RDC,"Abacavir 20mg/ml, oral solution w/syringe, Bottle, 240 ml",Guyana,Air,2014-06-30,0.15447154471544716,424,0,301.68,Not computed
DN-3704,SCMS from RDC,"Emtricitabine/Tenofovir Disoproxil Fumarate 200/300mg, tablets, 30 Tabs",Tanzania,Truck,2014-06-30,0.15447154471544716,425,0,58932.58,Not computed
DN-3732,SCMS from RDC,"Lamivudine/Nevirapine/Zidovudine 150/200/300mg, tablets, 60 Tabs",Uganda,Truck,2014-06-30,0.15447154471544716,426,0,1240246.08,Not computed
DN-3748,SCMS from RDC,"Lamivudine 10mg/ml, oral solution w/syringe, Bottle, 240 ml",Rwanda,Truck,2014-06-30,0.15447154471544716,427,0,937.95,Not computed
DN-3754,SCMS from RDC,"Lamivudine/Tenofovir Disoproxil Fumarate 300/300mg, tablets, 30 Tabs",Zambia,Truck,2014-06-30,0.15447154471544716,428,0,138368.0,Not computed
DN-3791,SCMS from RDC,"Abacavir/Lamivudine 600/300mg, tablets, 30 Tabs",Nigeria,Air Charter,2014-06-30,0.15447154471544716,429,0,264626.96,Not computed
DN-3792,SCMS from RDC,"Lamivudine/Zidovudine 150/300mg, tablets, 60 Tabs",Nigeria,Air Charter,2014-06-30,0.15447154471544716,430,0,415949.92,Not computed
DN-3794,SCMS from RDC,"Lamivudine/Nevirapine/Zidovudine 150/200/300mg, tablets, 60 Tabs",Nigeria,Air Charter,2014-06-30,0.15447154471544716,431,0,3313097.2,Not computed
DN-3697,SCMS from RDC,"Abacavir/Lamivudine 600/300mg, scored tablets, 30 Tabs",Mozambique,Truck,2014-07-09,0.15447154471544716,432,0,34543.6,Not computed
DN-3822,SCMS from RDC,"Abacavir/Lamivudine 60/30mg, tablets, 60 Tabs",Zambia,Truck,2014-07-14,0.15447154471544716,433,0,112517.63,Not computed
DN-3816,SCMS from RDC,"Emtricitabine/Tenofovir Disoproxil Fumarate 200/300mg, tablets, 30 Tabs",Guyana,Air,2014-07-21,0.15447154471544716,434,0,12386.92,Not computed
ASN-27030,Aurobindo Pharma Limited,"Lamivudine/Tenofovir Disoproxil Fumarate 300/300mg, tablets, 30 Tabs",Zimbabwe,Air Charter,2014-07-23,0.15447154471544716,435,0,134380.35,Not computed
ASN-27034,Aurobindo Pharma Limited,"Lamivudine/Tenofovir Disoproxil Fumarate 300/300mg, tablets, 30 Tabs",Zimbabwe,Air Charter,2014-07-23,0.15447154471544716,436,0,167190.75,Not computed
ASN-27035,Aurobindo Pharma Limited,"Lamivudine/Tenofovir Disoproxil Fumarate 300/300mg, tablets, 30 Tabs",Zimbabwe,Air Charter,2014-07-23,0.15447154471544716,437,0,135528.9,Not computed
DN-3870,SCMS from RDC,"Abacavir/Lamivudine 60/30mg, tablets, 60 Tabs",Ethiopia,Air,2014-07-29,0.15447154471544716,438,0,12560.39,Not computed
DN-3762,SCMS from RDC,"Lopinavir/Ritonavir 200/50mg [Aluvia], tablets, 120 Tabs",Tanzania,Air,2014-07-31,0.15447154471544716,439,0,703640.7,Not computed
DN-3801,SCMS from RDC,"Lamivudine/Nevirapine/Zidovudine 150/200/300mg, tablets, 60 Tabs",Nigeria,Air Charter,2014-07-31,0.15447154471544716,440,0,786670.0,Not computed
DN-3819,SCMS from RDC,"Efavirenz/Lamivudine/Tenofovir Disoproxil Fumarate 600/300/300mg, tablets, 30 Tabs",Zambia,Truck,2014-07-31,0.15447154471544716,441,0,6832148.4,Not computed
DN-3841,SCMS from RDC,"Lopinavir/Ritonavir 200/50mg [Aluvia], tablets, 120 Tabs",Uganda,Truck,2014-07-31,0.15447154471544716,442,0,69273.72,Not computed
ASN-27609,PHARMACY DIRECT,"Darunavir 300mg [Prezista], tablets, 120 Tabs",South Africa,Truck,2014-08-05,0.15447154471544716,443,0,6559.27,Not computed
ASN-27610,PHARMACY DIRECT,"Darunavir 300mg [Prezista], tablets, 120 Tabs",South Africa,Truck,2014-08-05,0.15447154471544716,444,0,3279.63,Not computed
DN-3862,SCMS from RDC,"Abacavir 300mg, tablets, 60 Tabs",Zambia,Truck,2014-08-06,0.15447154471544716,445,0,52664.96,Not computed
ASN-27469,"Orgenics, Ltd","HIV 1/2, Determine Complete HIV Kit, 100 Tests",Nigeria,Air,2014-08-19,0.15447154471544716,446,0,280706.0,Not computed
ASN-27473,"Orgenics, Ltd","HIV 1/2, Determine Complete HIV Kit, 100 Tests",Nigeria,Air,2014-08-19,0.15447154471544716,447,0,246441.0,Not computed
ASN-26439,Aurobindo Pharma Limited,"Zidovudine 10mg/ml, oral solution, Bottle, 240 ml","Congo, DRC",Air,2014-08-26,0.15447154471544716,448,0,734.0,Not computed
ASN-27976,S. BUYS WHOLESALER,"Efavirenz 200mg, capsule, 90 Caps",South Africa,Truck,2014-08-27,0.15447154471544716,449,0,25778.51,Not computed
ASN-27978,S. BUYS WHOLESALER,"Zidovudine 300mg, tablets, 60 Tabs",South Africa,Truck,2014-08-27,0.15447154471544716,450,0,21645.94,Not computed
ASN-27980,S. BUYS WHOLESALER,"Efavirenz 600mg, tablets, 30 Tabs",South Africa,Truck,2014-08-27,0.15447154471544716,451,0,13286.35,Not computed
ASN-28034,S. BUYS WHOLESALER,"Lamivudine 10mg/ml, oral solution w/syringe, Bottle, 240 ml",South Africa,Truck,2014-08-29,0.15447154471544716,452,0,67438.18,Not computed
ASN-28036,S. BUYS WHOLESALER,"Tenofovir Disoproxil Fumarate 300mg, tablets, 30 Tabs",South Africa,Truck,2014-08-29,0.15447154471544716,453,0,81124.68000000001,Not computed
ASN-28037,S. BUYS WHOLESALER,"Tenofovir Disoproxil Fumarate 300mg, tablets, 30 Tabs",South Africa,Truck,2014-08-29,0.15447154471544716,454,0,60019.27,Not computed
DN-3707,SCMS from RDC,"Efavirenz 600mg, tablets, 30 Tabs",Côte d'Ivoire,Truck,2014-08-29,0.15447154471544716,455,0,96929.16,Not computed
DN-3830,SCMS from RDC,"Abacavir 300mg, tablets, 60 Tabs",Mozambique,Truck,2014-08-29,0.15447154471544716,456,0,122047.64,Not computed
DN-3867,SCMS from RDC,"Lamivudine/Nevirapine/Zidovudine 30/50/60mg, dispersible tablets, 60 Tabs",Tanzania,Truck,2014-08-29,0.15447154471544716,457,0,231785.93,Not computed
DN-3868,SCMS from RDC,"Lamivudine/Nevirapine/Zidovudine 30/50/60mg, dispersible tablets, 60 Tabs",Tanzania,Truck,2014-08-29,0.15447154471544716,458,0,215814.07,Not computed
DN-3865,SCMS from RDC,"Nevirapine 200mg, tablets, 60 Tabs",Mozambique,Truck,2014-08-31,0.15447154471544716,459,0,272781.4,Not computed
ASN-26975,ABBVIE LOGISTICS (FORMERLY ABBOTT LOGISTICS BV),"Lopinavir/Ritonavir 100/25mg [Aluvia], tablets, 60 Tabs",Zimbabwe,Ocean,2014-09-10,0.15447154471544716,460,0,248529.6,Not computed
ASN-27766,"Orgenics, Ltd","HIV 1/2, Determine Complete HIV Kit, 100 Tests",Mozambique,Air,2014-09-10,0.15447154471544716,461,0,376640.0,Not computed
ASN-27768,"Orgenics, Ltd","HIV 1/2, Determine Complete HIV Kit, 100 Tests",Mozambique,Air,2014-09-10,0.15447154471544716,462,0,265520.0,Not computed
ASN-27769,"Orgenics, Ltd","HIV 1/2, Determine Complete HIV Kit, 100 Tests",Mozambique,Air,2014-09-10,0.15447154471544716,463,0,253840.0,Not computed
ASN-27340,MYLAN LABORATORIES LTD (FORMERLY MATRIX LABORATORIES),"Emtricitabine/Tenofovir Disoproxil Fumarate 200/300mg, tablets, 30 Tabs",Ghana,Air,2014-09-11,0.15447154471544716,464,0,47364.8,Not computed
DN-3863,SCMS from RDC,"Lopinavir/Ritonavir 200/50mg [Aluvia], tablets, 120 Tabs",Uganda,Truck,2014-09-11,0.15447154471544716,465,0,240275.7,Not computed
ASN-27913,ABBVIE LOGISTICS (FORMERLY ABBOTT LOGISTICS BV),"Lopinavir/Ritonavir 80/20mg/ml [Kaletra], oral solution, cool, Bottle 5 x 60 ml",Zimbabwe,Air,2014-09-18,0.15447154471544716,466,0,62410.5,Not computed
DN-3885,SCMS from RDC,"Lamivudine/Nevirapine/Zidovudine 150/200/300mg, tablets, 60 Tabs","Congo, DRC",Air,2014-09-22,0.15447154471544716,467,0,83385.0,Not computed
DN-3805,SCMS from RDC,"Tenofovir Disoproxil Fumarate 300mg, tablets, 30 Tabs",Mozambique,Truck,2014-09-30,0.15447154471544716,468,0,3024.0,Not computed
DN-3825,SCMS from RDC,"Nevirapine 200mg, tablets, 60 Tabs",Zimbabwe,Truck,2014-09-30,0.15447154471544716,469,0,2290652.46,Not computed
DN-3844,SCMS from RDC,"Abacavir 300mg, tablets, 60 Tabs",Guyana,Air,2014-09-30,0.15447154471544716,470,0,37178.86,Not computed
DN-3908,SCMS from RDC,"Lamivudine/Nevirapine/Zidovudine 30/50/60mg, dispersible tablets, 60 Tabs",Uganda,Truck,2014-09-30,0.15447154471544716,471,0,43092.69,Not computed
DN-3912,SCMS from RDC,"Lamivudine/Stavudine 30/6mg, dispersible tablets, 60 Tabs",Nigeria,Air Charter,2014-09-30,0.15447154471544716,472,0,19727.7,Not computed
DN-3913,SCMS from RDC,"Lamivudine/Nevirapine/Zidovudine 150/200/300mg, tablets, 60 Tabs",Nigeria,Air Charter,2014-09-30,0.15447154471544716,473,0,369215.86,Not computed
DN-3969,SCMS from RDC,"Nevirapine 200mg, tablets, 60 Tabs",Rwanda,Truck,2014-10-01,0.15447154471544716,474,0,402863.08,Not computed
ASN-27675,HETERO LABS LIMITED,"Lamivudine/Tenofovir Disoproxil Fumarate 300/300mg, tablets, 30 Tabs",Ghana,Air,2014-10-09,0.15447154471544716,475,0,210819.84,Not computed
DN-3927,SCMS from RDC,"Abacavir 300mg, tablets, 60 Tabs","Congo, DRC",Air,2014-10-30,0.15447154471544716,476,0,14653.75,Not computed
DN-3951,SCMS from RDC,"Abacavir/Lamivudine 60/30mg, tablets, 60 Tabs",Zambia,Truck,2014-10-31,0.15447154471544716,477,0,287892.0,Not computed
DN-3965,SCMS from RDC,"Lopinavir/Ritonavir 200/50mg, tablets, 120 Tabs",Côte d'Ivoire,Truck,2014-10-31,0.15447154471544716,478,0,422631.02,Not computed
DN-3966,SCMS from RDC,"Tenofovir Disoproxil Fumarate 300mg, tablets, 30 Tabs",Côte d'Ivoire,Truck,2014-10-31,0.15447154471544716,479,0,28960.0,Not computed
ASN-28552,HETERO LABS LIMITED,"Lamivudine/Tenofovir Disoproxil Fumarate 300/300mg, tablets, 30 Tabs",Ghana,Air,2014-11-03,0.15447154471544716,480,0,210819.84,Not computed
ASN-29255,PHARMACY DIRECT,"Raltegravir 400mg [Isentress], tablets, 60 Tabs",South Africa,Truck,2014-11-05,0.15447154471544716,481,0,3434.02,Not computed
ASN-27933,Aurobindo Pharma Limited,"Didanosine 200mg, delayed-release capsules, 30 Caps","Congo, DRC",Air,2014-11-10,0.15447154471544716,482,0,12650.0,Not computed
ASN-28061,STRIDES ARCOLAB LIMITED,"Efavirenz 600mg, tablets, 30 Tabs",Ghana,Ocean,2014-11-10,0.15447154471544716,483,0,535014.04,Not computed
ASN-28671,Aurobindo Pharma Limited,"Lamivudine/Nevirapine/Zidovudine 150/200/300mg, tablets, 60 Tabs",Ghana,Air,2014-11-10,0.15447154471544716,484,0,205795.4,Not computed
ASN-28672,Aurobindo Pharma Limited,"Lamivudine/Nevirapine/Zidovudine 150/200/300mg, tablets, 60 Tabs",Ghana,Air,2014-11-10,0.15447154471544716,485,0,238677.4,Not computed
ASN-28673,Aurobindo Pharma Limited,"Lamivudine/Nevirapine/Zidovudine 150/200/300mg, tablets, 60 Tabs",Ghana,Air,2014-11-10,0.15447154471544716,486,0,236594.6,Not computed
DN-3972,SCMS from RDC,"Lamivudine/Nevirapine/Zidovudine 30/50/60mg, dispersible tablets, 60 Tabs",Zimbabwe,Truck,2014-11-14,0.15447154471544716,487,0,174834.0,Not computed
DN-4003,SCMS from RDC,"Efavirenz/Lamivudine/Tenofovir Disoproxil Fumarate 600/300/300mg, tablets, 30 Tabs",Burundi,Air,2014-11-20,0.15447154471544716,488,0,45666.96,Not computed
DN-3973,SCMS from RDC,"Lamivudine/Zidovudine 30/60mg, dispersible tablets, 60 Tabs",Zimbabwe,Truck,2014-11-24,0.15447154471544716,489,0,29850.0,Not computed
DN-3803,SCMS from RDC,"Efavirenz/Lamivudine/Tenofovir Disoproxil Fumarate 600/300/300mg, tablets, 30 Tabs",Côte d'Ivoire,Truck,2014-11-28,0.15447154471544716,490,0,565920.15,Not computed
DN-4015,SCMS from RDC,"Lamivudine/Zidovudine 150/300mg, tablets, 60 Tabs",Côte d'Ivoire,Truck,2014-11-28,0.15447154471544716,491,0,365087.4,Not computed
DN-4017,SCMS from RDC,"Efavirenz 600mg, tablets, 30 Tabs",Côte d'Ivoire,Truck,2014-11-28,0.15447154471544716,492,0,288900.0,Not computed
ASN-29761,S. BUYS WHOLESALER,"Lopinavir/Ritonavir 80/20mg/ml [Kaletra], oral solution, cool, Bottle 5 x 60 ml",South Africa,Truck,2014-12-10,0.15447154471544716,493,0,62.04,Not computed
ASN-29128,Aurobindo Pharma Limited,"Lamivudine 10mg/ml, oral solution, Bottle, 240 ml",Ghana,Air,2014-12-24,0.15447154471544716,494,0,2724.15,Not computed
DN-3957,SCMS from RDC,"Efavirenz/Lamivudine/Tenofovir Disoproxil Fumarate 600/300/300mg, tablets, 30 Tabs",Mozambique,Truck,2014-12-31,0.15447154471544716,495,0,5265288.460000001,Not computed
DN-4043,SCMS from RDC,"Abacavir/Lamivudine 60/30mg, dispersible tablets, 60 Tabs",Rwanda,Truck,2015-01-14,0.15447154471544716,496,0,30692.7,Not computed
ASN-29930,"Orgenics, Ltd","HIV 1/2, Determine Complete HIV Kit, 100 Tests",Nigeria,Air,2015-01-19,0.15447154471544716,497,0,271806.0,Not computed
ASN-29931,"Orgenics, Ltd","HIV 1/2, Determine Complete HIV Kit, 100 Tests",Nigeria,Air,2015-01-19,0.15447154471544716,498,0,279816.0,Not computed
ASN-29932,"Orgenics, Ltd","HIV 1/2, Determine Complete HIV Kit, 100 Tests",Nigeria,Air,2015-01-19,0.15447154471544716,499,0,282664.0,Not computed
ASN-29933,"Orgenics, Ltd","HIV 1/2, Determine Complete HIV Kit, 100 Tests",Nigeria,Air,2015-01-19,0.15447154471544716,500,0,282664.0,Not computed
ASN-29936,"Orgenics, Ltd","HIV 1/2, Determine Complete HIV Kit, 100 Tests",Nigeria,Air,2015-01-19,0.15447154471544716,501,0,283020.0,Not computed
DN-3871,SCMS from RDC,"Lamivudine/Nevirapine/Zidovudine 30/50/60mg, [DON] dispersible tablets, 60 Tabs",South Sudan,Air,2015-01-30,0.15447154471544716,502,0,0.0,Not computed
DN-3984,SCMS from RDC,"Nevirapine 200mg, tablets, 60 Tabs",Zambia,Truck,2015-01-30,0.15447154471544716,503,0,92307.28,Not computed
DN-4063,SCMS from RDC,"Efavirenz/Lamivudine/Tenofovir Disoproxil Fumarate 600/300/300mg, tablets, 30 Tabs",Côte d'Ivoire,Truck,2015-01-30,0.15447154471544716,504,0,320947.84,Not computed
DN-4090,SCMS from RDC,"Lopinavir/Ritonavir 200/50mg [Aluvia], tablets, 120 Tabs",Haiti,Air,2015-01-30,0.15447154471544716,505,0,37800.0,Not computed
DN-4055,SCMS from RDC,"Tenofovir Disoproxil Fumarate 300mg, tablets, 30 Tabs",Rwanda,Air,2015-01-31,0.15447154471544716,506,0,691.74,Not computed
DN-4095,SCMS from RDC,"Lopinavir/Ritonavir 200/50mg [Aluvia], tablets, 120 Tabs",Uganda,Air,2015-02-03,0.15447154471544716,507,0,219372.3,Not computed
ASN-30673,PHARMACY DIRECT,"Etravirine 100mg [Intelence], tablets, 120 Tabs",South Africa,Truck,2015-02-12,0.15447154471544716,508,0,51.19,Not computed
ASN-30715,PHARMACY DIRECT,"Lopinavir/Ritonavir 80/20mg/ml [Kaletra], oral solution, cool, Bottle 5 x 60 ml",South Africa,Truck,2015-02-16,0.15447154471544716,509,0,66.2,Not computed
DN-4070,SCMS from RDC,"Efavirenz 600mg, tablets, 30 Tabs",Uganda,Truck,2015-02-16,0.15447154471544716,510,0,120375.0,Not computed
DN-4103,SCMS from RDC,"Lamivudine/Zidovudine 30/60mg, dispersible tablets, 60 Tabs",Uganda,Truck,2015-02-16,0.15447154471544716,511,0,11940.0,Not computed
DN-4104,SCMS from RDC,"Lamivudine/Zidovudine 30/60mg, dispersible tablets, 60 Tabs",Tanzania,Truck,2015-02-16,0.15447154471544716,512,0,38778.0,Not computed
DN-4106,SCMS from RDC,"Nevirapine 200mg, tablets, 60 Tabs",Uganda,Truck,2015-02-17,0.15447154471544716,513,0,21928.62,Not computed
DN-4089,SCMS from RDC,"Lamivudine/Zidovudine 30/60mg, dispersible tablets, 60 Tabs",Tanzania,Truck,2015-02-25,0.15447154471544716,514,0,40000.0,Not computed
DN-4092,SCMS from RDC,"Lopinavir/Ritonavir 200/50mg, tablets, 120 Tabs",Côte d'Ivoire,Truck,2015-02-25,0.15447154471544716,515,0,227054.08,Not computed
DN-4105,SCMS from RDC,"Lopinavir/Ritonavir 200/50mg [Aluvia], tablets, 120 Tabs",Uganda,Truck,2015-02-27,0.15447154471544716,516,0,185843.7,Not computed
DN-4138,SCMS from RDC,"Lamivudine/Zidovudine 150/300mg, tablets, 60 Tabs",Côte d'Ivoire,Truck,2015-02-27,0.15447154471544716,517,0,652000.0,Not computed
DN-4139,SCMS from RDC,"Lamivudine/Zidovudine 150/300mg, tablets, 60 Tabs",Côte d'Ivoire,Truck,2015-02-27,0.15447154471544716,518,0,699920.0,Not computed
DN-4133,SCMS from RDC,"Lamivudine/Nevirapine/Zidovudine 150/200/300mg, tablets, 60 Tabs",Nigeria,Air Charter,2015-02-28,0.15447154471544716,519,0,154400.0,Not computed
DN-4123,SCMS from RDC,"Lamivudine/Zidovudine 150/300mg, tablets, 60 Tabs",Nigeria,Air Charter,2015-03-02,0.15447154471544716,520,0,1088122.2,Not computed
DN-4134,SCMS from RDC,"Zidovudine 300mg, tablets, 60 Tabs",Nigeria,Air Charter,2015-03-02,0.15447154471544716,521,0,80564.0,Not computed
ASN-31069,PHARMACY DIRECT,"Darunavir 300mg [Prezista], tablets, 120 Tabs",South Africa,Truck,2015-03-09,0.15447154471544716,522,0,7056.56,Not computed
DN-4151,SCMS from RDC,"Lamivudine/Nevirapine/Zidovudine 30/50/60mg, dispersible tablets, 60 Tabs",Uganda,Truck,2015-03-16,0.15447154471544716,523,0,23965.2,Not computed
ASN-31073,ABBVIE LOGISTICS (FORMERLY ABBOTT LOGISTICS BV),"Lopinavir/Ritonavir 80/20mg/ml [Kaletra], oral solution, cool, Bottle 5 x 60 ml",Zimbabwe,Air,2015-03-19,0.15447154471544716,524,0,200021.8,Not computed
DN-4175,SCMS from RDC,"Lamivudine/Nevirapine/Zidovudine 30/50/60mg, dispersible tablets, 60 Tabs",Côte d'Ivoire,Truck,2015-03-27,0.15447154471544716,525,0,59400.0,Not computed
DN-4057,SCMS from RDC,"Lopinavir/Ritonavir 200/50mg [Aluvia], tablets, 120 Tabs",Guyana,Air,2015-03-31,0.15447154471544716,526,0,22377.6,Not computed
DN-4111,SCMS from RDC,"Efavirenz 600mg, tablets, 30 Tabs",Zambia,Truck,2015-03-31,0.15447154471544716,527,0,341595.36,Not computed
DN-4160,SCMS from RDC,"Lamivudine/Zidovudine 30/60mg, dispersible tablets, 60 Tabs",Zimbabwe,Truck,2015-03-31,0.15447154471544716,528,0,23556.0,Not computed
ASN-30498,MYLAN LABORATORIES LTD (FORMERLY MATRIX LABORATORIES),"Abacavir/Lamivudine 60/30mg, tablets, 60 Tabs",Ghana,Air,2015-04-10,0.15447154471544716,529,0,35838.35,Not computed
ASN-31449,ABBVIE LOGISTICS (FORMERLY ABBOTT LOGISTICS BV),"Lopinavir/Ritonavir 100/25mg [Aluvia], tablets, 60 Tabs",Zimbabwe,Air,2015-04-22,0.15447154471544716,530,0,203409.36,Not computed
DN-4164,SCMS from RDC,"Abacavir/Lamivudine 600/300mg, tablets, 30 Tabs",Zimbabwe,Truck,2015-04-30,0.15447154471544716,531,0,14294.05,Not computed
DN-4181,SCMS from RDC,"Abacavir 20mg/ml, oral solution, Bottle, 240 ml",Rwanda,Truck,2015-04-30,0.15447154471544716,532,0,3435.49,Not computed
DN-4249,SCMS from RDC,"Lamivudine/Zidovudine 150/300mg, tablets, 60 Tabs",Uganda,Truck,2015-04-30,0.15447154471544716,533,0,297774.92,Not computed
DN-4192,SCMS from RDC,"Efavirenz/Lamivudine/Tenofovir Disoproxil Fumarate 600/300/300mg, tablets, 30 Tabs",Zambia,Truck,2015-05-01,0.15447154471544716,534,0,5768697.6,Not computed
ASN-31819,"Standard Diagnostics, Inc.","HIV 1/2, Bioline 3.0 Kit, Lancets, Capillary pipets, Alcohol swabs included, 25 Tests",Sierra Leone,Air,2015-05-06,0.15447154471544716,535,0,30750.0,Not computed
ASN-32137,PHARMACY DIRECT,"Etravirine 100mg [Intelence], tablets, 120 Tabs",South Africa,Truck,2015-05-12,0.15447154471544716,536,0,2060.1,Not computed
ASN-32138,PHARMACY DIRECT,"Saquinavir 200mg [Invirase], capsules, 270 Caps",South Africa,Truck,2015-05-12,0.15447154471544716,537,0,1284.78,Not computed
ASN-32051,ABBVIE LOGISTICS (FORMERLY ABBOTT LOGISTICS BV),"Lopinavir/Ritonavir 80/20mg/ml [Kaletra], oral solution, cool, Bottle 5 x 60 ml",Zimbabwe,Air,2015-05-21,0.15447154471544716,538,0,213089.48,Not computed
ASN-32400,ACOUNS NIGERIA LTD,"HIV 1/2, Determine HIV Kit, without Lancets, 100 Tests",Nigeria,Air,2015-05-25,0.15447154471544716,539,0,407642.25,Not computed
DN-4178,SCMS from RDC,"Efavirenz/Lamivudine/Tenofovir Disoproxil Fumarate 600/300/300mg, tablets, 30 Tabs",Burundi,Air,2015-05-29,0.15447154471544716,540,0,83159.45999999999,Not computed
DN-4212,SCMS from RDC,"Abacavir/Lamivudine 600/300mg, tablets, 30 Tabs",Côte d'Ivoire,Truck,2015-05-29,0.15447154471544716,541,0,14912.1,Not computed
DN-4234,SCMS from RDC,"Lamivudine/Nevirapine/Zidovudine 150/200/300mg, tablets, 60 Tabs",Mozambique,Truck,2015-05-29,0.15447154471544716,542,0,220143.52,Not computed
DN-4237,SCMS from RDC,"Tenofovir Disoproxil Fumarate 300mg, tablets, 30 Tabs",Mozambique,Truck,2015-05-29,0.15447154471544716,543,0,3408.0,Not computed
DN-4250,SCMS from RDC,"Abacavir/Lamivudine 60/30mg, tablets, 60 Tabs",Zambia,Truck,2015-05-29,0.15447154471544716,544,0,227046.44,Not computed
DN-4257,SCMS from RDC,"Efavirenz/Lamivudine/Tenofovir Disoproxil Fumarate 600/300/300mg, tablets, 30 Tabs",Zambia,Truck,2015-05-29,0.15447154471544716,545,0,5742691.2,Not computed
DN-4265,SCMS from RDC,"Lamivudine/Tenofovir Disoproxil Fumarate 300/300mg, tablets, 30 Tabs",Uganda,Truck,2015-06-15,0.15447154471544716,546,0,225327.96,Not computed
ASN-32567,Aurobindo Pharma Limited,"Nevirapine 50mg, dispersible tablets (tablets for oral suspension), 30 Tabs",Cameroon,Air,2015-06-17,0.15447154471544716,547,0,5520.0,Not computed
DN-4293,SCMS from RDC,"Lopinavir/Ritonavir 200/50mg [Aluvia], tablets, 120 Tabs",Senegal,Air,2015-06-22,0.15447154471544716,548,0,1864.0,Not computed
ASN-32670,HETERO LABS LIMITED,"Lamivudine 300mg, tablets, 30 Tabs",Senegal,Air,2015-06-23,0.15447154471544716,549,0,200.0,Not computed
ASN-32754,"Orgenics, Ltd","HIV 1/2, Determine Complete HIV Kit, 100 Tests",Nigeria,Air,2015-06-30,0.15447154471544716,550,0,505609.0,Not computed
ASN-32756,"Orgenics, Ltd","HIV 1/2, Determine Complete HIV Kit, 100 Tests",Nigeria,Air,2015-06-30,0.15447154471544716,551,0,565150.0,Not computed
ASN-32758,"Orgenics, Ltd","HIV 1/2, Determine Complete HIV Kit, 100 Tests",Nigeria,Air,2015-06-30,0.15447154471544716,552,0,414473.0,Not computed
DN-4228,SCMS from RDC,"Efavirenz/Lamivudine/Tenofovir Disoproxil Fumarate 600/300/300mg, tablets, 30 Tabs",Nigeria,Air Charter,2015-06-30,0.15447154471544716,553,0,653491.2,Not computed
DN-4245,SCMS from RDC,"Lamivudine/Nevirapine/Zidovudine 150/200/300mg, tablets, 60 Tabs",Nigeria,Air Charter,2015-06-30,0.15447154471544716,554,0,386000.0,Not computed
DN-4263,SCMS from RDC,"Lamivudine/Nevirapine/Zidovudine 30/50/60mg, dispersible tablets, 60 Tabs",Nigeria,Air Charter,2015-06-30,0.15447154471544716,555,0,49176.0,Not computed
DN-4280,SCMS from RDC,"Lamivudine/Nevirapine/Zidovudine 150/200/300mg, tablets, 60 Tabs",Nigeria,Air Charter,2015-06-30,0.15447154471544716,556,0,108080.0,Not computed
DN-4288,SCMS from RDC,"Efavirenz/Lamivudine/Tenofovir Disoproxil Fumarate 600/300/300mg, tablets, 30 Tabs",Zambia,Truck,2015-06-30,0.15447154471544716,557,0,410995.2,Not computed
DN-4294,SCMS from RDC,"Lopinavir/Ritonavir 200/50mg, tablets, 120 Tabs",Guyana,Air,2015-06-30,0.15447154471544716,558,0,33802.56,Not computed
DN-4297,SCMS from RDC,"Abacavir/Lamivudine 60/30mg, dispersible tablets, 60 Tabs",Rwanda,Truck,2015-06-30,0.15447154471544716,559,0,58962.56,Not computed
ASN-32998,HETERO LABS LIMITED,"Lamivudine 300mg, tablets, 30 Tabs",Burkina Faso,Air,2015-07-11,0.15447154471544716,560,0,280.0,Not computed
DN-4298,SCMS from RDC,"Abacavir/Lamivudine 60/30mg, dispersible tablets, 60 Tabs",Uganda,Truck,2015-07-15,0.15447154471544716,561,0,57180.2,Not computed
DN-4305,SCMS from RDC,"Efavirenz 200mg, scored tablets, 90 Tabs",Cameroon,Air,2015-07-16,0.15447154471544716,562,0,28839.3,Not computed
DN-4307,SCMS from RDC,"Lamivudine/Zidovudine 30/60mg, dispersible tablets, 60 Tabs",Zimbabwe,Truck,2015-07-31,0.15447154471544716,563,0,1404206.37,Not computed
DN-4309,SCMS from RDC,"Nevirapine 200mg, tablets, 60 Tabs",Uganda,Truck,2015-07-31,0.15447154471544716,564,0,534870.52,Not computed
DN-4314,SCMS from RDC,"Lopinavir/Ritonavir 200/50mg, tablets, 120 Tabs",Côte d'Ivoire,Truck,2015-07-31,0.15447154471544716,565,0,515610.56,Not computed
DN-4325,SCMS from RDC,"Abacavir/Lamivudine 600/300mg, tablets, 30 Tabs",Uganda,Truck,2015-08-14,0.15447154471544716,566,0,240452.92,Not computed
DN-4326,SCMS from RDC,"Efavirenz 600mg, tablets, 30 Tabs",Côte d'Ivoire,Truck,2015-08-14,0.15447154471544716,567,0,31262.0,Not computed
DN-4284,SCMS from RDC,"Lamivudine/Zidovudine 150/300mg, tablets, 60 Tabs","Congo, DRC",Air,2015-08-17,0.15447154471544716,568,0,76284.0,Not computed
ASN-33864,PHARMACY DIRECT,"Darunavir 600mg [Prezista], tablets, 60 Tabs",South Africa,Truck,2015-08-24,0.15447154471544716,569,0,2196.16,Not computed
DN-4343,SCMS from RDC,"Abacavir/Lamivudine 600/300mg, tablets, 30 Tabs",Nigeria,Air,2015-09-30,0.15447154471544716,570,0,65877.75,Not computed
DN-4072,SCMS from RDC,"Lamivudine/Zidovudine 30/60mg, dispersible tablets, 60 Tabs",Zimbabwe,Truck,2015-01-30,0.10543309998233447,571,0,60609.43,Not computed
ASN-23338,Aurobindo Pharma Limited,"Efavirenz/Lamivudine/Tenofovir Disoproxil Fumarate 600/300/300mg, tablets, 30 Tabs",Cameroon,Air,2014-01-08,0.10144927536231885,572,0,417790.5,Not computed
ASN-23425,Aurobindo Pharma Limited,"Efavirenz/Lamivudine/Tenofovir Disoproxil Fumarate 600/300/300mg, tablets, 30 Tabs",Cameroon,Air,2014-01-08,0.10144927536231885,573,0,420711.8,Not computed
ASN-23375,ABBVIE LOGISTICS (FORMERLY ABBOTT LOGISTICS BV),"Lopinavir/Ritonavir 80/20mg/ml [Kaletra], oral solution, cool, Bottle 5 x 60 ml",Nigeria,Air,2014-01-10,0.10144927536231885,574,0,59883.26,Not computed
ASN-23738,Aurobindo Pharma Limited,"Zidovudine 100mg, capsules, 100 Caps",Côte d'Ivoire,Air,2014-01-17,0.10144927536231885,575,0,2925.0,Not computed
ASN-23017,ABBVIE LOGISTICS (FORMERLY ABBOTT LOGISTICS BV),"Lopinavir/Ritonavir 100/25mg [Aluvia], tablets, 60 Tabs",Haiti,Air,2014-01-23,0.10144927536231885,576,0,475.2,Not computed
DN-3487,SCMS from RDC,"Lamivudine/Tenofovir Disoproxil Fumarate 300/300mg, tablets, 30 Tabs",Zimbabwe,Truck,2014-01-31,0.10144927536231885,577,0,41409.29,Not computed
DN-3497,SCMS from RDC,"Lamivudine/Tenofovir Disoproxil Fumarate 300/300mg, tablets, 30 Tabs",Rwanda,Truck,2014-01-31,0.10144927536231885,578,0,366311.6,Not computed
DN-3505,SCMS from RDC,"Lopinavir/Ritonavir 200/50mg [Aluvia], tablets, 120 Tabs",Tanzania,Truck,2014-01-31,0.10144927536231885,579,0,688525.12,Not computed
DN-3518,SCMS from RDC,"Efavirenz/Lamivudine/Tenofovir Disoproxil Fumarate 600/300/300mg, tablets, 30 Tabs",Rwanda,Truck,2014-01-31,0.10144927536231885,580,0,1297551.9,Not computed
DN-3520,SCMS from RDC,"Lamivudine/Zidovudine 150/300mg, tablets, 60 Tabs",Rwanda,Truck,2014-01-31,0.10144927536231885,581,0,57878.0,Not computed
DN-3536,SCMS from RDC,"Lopinavir/Ritonavir 200/50mg, tablets, 120 Tabs",Rwanda,Truck,2014-01-31,0.10144927536231885,582,0,107458.56,Not computed
ASN-24156,Orasure Technologies Inc.,"HIV 1/2, OraQuick Advance HIV Rapid Antibody Kit, 100 Tests",Mali,Air,2014-02-12,0.10144927536231885,583,0,1400.0,Not computed
DN-3491,SCMS from RDC,"Zidovudine 300mg, tablets, 60 Tabs",Zambia,Truck,2014-02-13,0.10144927536231885,584,0,35433.0,Not computed
ASN-24127,HETERO LABS LIMITED,"Lamivudine/Nevirapine/Zidovudine 150/200/300mg, tablets, 60 Tabs",Mozambique,Air,2014-02-14,0.10144927536231885,585,0,2027500.0,Not computed
DN-3533,SCMS from RDC,"Abacavir 300mg, tablets, 60 Tabs",Tanzania,Truck,2014-02-14,0.10144927536231885,586,0,185815.52,Not computed
ASN-23721,Aurobindo Pharma Limited,"Nevirapine 200mg, tablets, 60 Tabs",Uganda,Air,2014-02-22,0.10144927536231885,587,0,40986.0,Not computed
DN-3492,SCMS from RDC,"Efavirenz 200mg, scored tablets, 90 Tabs",Rwanda,Truck,2014-02-28,0.10144927536231885,588,0,24049.8,Not computed
DN-3527,SCMS from RDC,"Nevirapine 200mg, tablets, 60 Tabs",Uganda,Air,2014-02-28,0.10144927536231885,589,0,53830.94,Not computed
DN-3541,SCMS from RDC,"Efavirenz/Lamivudine/Tenofovir Disoproxil Fumarate 600/300/300mg, tablets, 30 Tabs",Nigeria,Air Charter,2014-02-28,0.10144927536231885,590,0,972756.3,Not computed
DN-3544,SCMS from RDC,"Lamivudine/Nevirapine/Zidovudine 30/50/60mg, dispersible tablets, 60 Tabs",Côte d'Ivoire,Air,2014-02-28,0.10144927536231885,591,0,39375.0,Not computed
DN-3546,SCMS from RDC,"Lamivudine 150mg, tablets, 60 Tabs",Côte d'Ivoire,Air,2014-02-28,0.10144927536231885,592,0,139824.75,Not computed
DN-3551,SCMS from RDC,"Lamivudine/Nevirapine/Zidovudine 150/200/300mg, tablets, 60 Tabs",Nigeria,Air Charter,2014-02-28,0.10144927536231885,593,0,3438638.0,Not computed
DN-3556,SCMS from RDC,"Abacavir/Lamivudine 600/300mg, scored tablets, 30 Tabs",Côte d'Ivoire,Truck,2014-02-28,0.10144927536231885,594,0,8260.72,Not computed
DN-3557,SCMS from RDC,"Tenofovir Disoproxil Fumarate 300mg, tablets, 30 Tabs",Côte d'Ivoire,Air,2014-02-28,0.10144927536231885,595,0,18749.64,Not computed
ASN-24722,"Orgenics, Ltd","HIV 1/2, Determine Complete HIV Kit, 100 Tests",Côte d'Ivoire,Air,2014-03-14,0.10144927536231885,596,0,472000.0,Not computed
ASN-24427,ABBVIE LOGISTICS (FORMERLY ABBOTT LOGISTICS BV),"Lopinavir/Ritonavir 100/25mg [Aluvia], tablets, 60 Tabs",Côte d'Ivoire,Air,2014-03-17,0.10144927536231885,597,0,35046.0,Not computed
DN-3574,SCMS from RDC,"Efavirenz/Emtricitabine/Tenofovir Disoproxil Fumarate 600/200/300mg, tablets, 30 Tabs",Zambia,Truck,2014-03-21,0.10144927536231885,598,0,45966.74,Not computed
DN-3607,SCMS from RDC,"Lamivudine/Nevirapine/Zidovudine 150/200/300mg, tablets, 60 Tabs",Uganda,Truck,2014-03-21,0.10144927536231885,599,0,281979.88,Not computed
DN-3578,SCMS from RDC,"Lamivudine/Zidovudine 150/300mg, tablets, 60 Tabs",Rwanda,Air,2014-03-25,0.10144927536231885,600,0,121140.0,Not computed
DN-3581,SCMS from RDC,"Lamivudine/Tenofovir Disoproxil Fumarate 300/300mg, tablets, 30 Tabs",South Sudan,Air,2014-03-31,0.10144927536231885,601,0,44381.46,Not computed
DN-3601,SCMS from RDC,"Lamivudine 150mg, tablets, 60 Tabs",Côte d'Ivoire,Air,2014-03-31,0.10144927536231885,602,0,4300.0,Not computed
ASN-24703,Aurobindo Pharma Limited,"Didanosine 250mg, delayed-release capsules, 30 Caps",Mozambique,Air,2014-04-09,0.10144927536231885,603,0,6064.0,Not computed
ASN-24552,Aurobindo Pharma Limited,"Zidovudine 300mg, tablets, 60 Tabs",Nigeria,Air,2014-04-14,0.10144927536231885,604,0,140810.76,Not computed
DN-3589,SCMS from RDC,"Lamivudine/Zidovudine 150/300mg, tablets, 60 Tabs",Uganda,Truck,2014-04-20,0.10144927536231885,605,0,490058.5,Not computed
ASN-25486,Aurobindo Pharma Limited,"Didanosine 250mg, delayed-release capsules, 30 Caps",Côte d'Ivoire,Air,2014-04-29,0.10144927536231885,606,0,9096.0,Not computed
DN-3602,SCMS from RDC,"Nevirapine 200mg, tablets, 60 Tabs",Uganda,Truck,2014-04-30,0.10144927536231885,607,0,29300.9,Not computed
ASN-25196,"Orgenics, Ltd","HIV 1/2, Determine Complete HIV Kit, 100 Tests",Mozambique,Air,2014-05-02,0.10144927536231885,608,0,711840.0,Not computed
ASN-25197,"Orgenics, Ltd","HIV 1/2, Determine Complete HIV Kit, 100 Tests",Mozambique,Air,2014-05-02,0.10144927536231885,609,0,408160.0,Not computed
DN-3641,SCMS from RDC,"Lamivudine/Nevirapine/Zidovudine 150/200/300mg, tablets, 60 Tabs",Rwanda,Truck,2014-05-05,0.10144927536231885,610,0,128640.82,Not computed
DN-3659,SCMS from RDC,"Efavirenz/Lamivudine/Tenofovir Disoproxil Fumarate 600/300/300mg, tablets, 30 Tabs",Tanzania,Truck,2014-05-05,0.10144927536231885,611,0,1260516.18,Not computed
DN-3593,SCMS from RDC,"Lopinavir/Ritonavir 200/50mg, tablets, 120 Tabs",Tanzania,Truck,2014-05-15,0.10144927536231885,612,0,664036.02,Not computed
DN-3683,SCMS from RDC,"Lamivudine/Zidovudine 150/300mg, tablets, 60 Tabs",Haiti,Air,2014-05-15,0.10144927536231885,613,0,26400.0,Not computed
DN-3615,SCMS from RDC,"Abacavir 300mg, tablets, 60 Tabs",Zambia,Air,2014-05-19,0.10144927536231885,614,0,145268.64,Not computed
DN-3543,SCMS from RDC,"Abacavir/Lamivudine 60/30mg, dispersible tablets, 60 Tabs",Tanzania,Truck,2014-05-29,0.10144927536231885,615,0,157500.0,Not computed
DN-3690,SCMS from RDC,"Abacavir 300mg, tablets, 60 Tabs",Tanzania,Truck,2014-05-30,0.10144927536231885,616,0,30399.61,Not computed
DN-3712,SCMS from RDC,"Efavirenz/Lamivudine/Tenofovir Disoproxil Fumarate 600/300/300mg, tablets, 30 Tabs",Burundi,Air,2014-05-30,0.10144927536231885,617,0,45391.62,Not computed
ASN-26334,Aurobindo Pharma Limited,"Didanosine 250mg, delayed-release capsules, 30 Caps",Côte d'Ivoire,Air,2014-06-11,0.10144927536231885,618,0,15038.72,Not computed
ASN-25888,STRIDES ARCOLAB LIMITED,"Nevirapine 200mg, tablets, 60 Tabs",Zimbabwe,Air Charter,2014-06-14,0.10144927536231885,619,0,15400.0,Not computed
ASN-26146,CIPLA LIMITED,"Lamivudine/Tenofovir Disoproxil Fumarate 300/300mg, tablets, 30 Tabs",Zimbabwe,Air Charter,2014-06-14,0.10144927536231885,620,0,118472.49,Not computed
DN-3689,SCMS from RDC,"Efavirenz/Lamivudine/Tenofovir Disoproxil Fumarate 600/300/300mg, tablets, 30 Tabs",Rwanda,Truck,2014-06-16,0.10144927536231885,621,0,658905.94,Not computed
ASN-26314,ABBVIE LOGISTICS (FORMERLY ABBOTT LOGISTICS BV),"Lopinavir/Ritonavir 100/25mg [Aluvia], tablets, 60 Tabs",Zimbabwe,Air,2014-06-24,0.10144927536231885,622,0,57439.8,Not computed
ASN-26518,"Orgenics, Ltd","HIV 1/2, Determine Complete HIV Kit, 100 Tests",Côte d'Ivoire,Air,2014-06-24,0.10144927536231885,623,0,120000.0,Not computed
ASN-26134,Aurobindo Pharma Limited,"Efavirenz 50mg, capsule, 30 Caps",Haiti,Air,2014-06-25,0.10144927536231885,624,0,624.0,Not computed
DN-3706,SCMS from RDC,"Efavirenz 600mg, tablets, 30 Tabs",Côte d'Ivoire,Truck,2014-06-30,0.10144927536231885,625,0,166500.0,Not computed
DN-3737,SCMS from RDC,"Lopinavir/Ritonavir 200/50mg, tablets, 120 Tabs",Guyana,Air,2014-06-30,0.10144927536231885,626,0,21319.77,Not computed
DN-3758,SCMS from RDC,"Lopinavir/Ritonavir 200/50mg [Aluvia], tablets, 120 Tabs",Tanzania,Truck,2014-06-30,0.10144927536231885,627,0,278926.2,Not computed
DN-3759,SCMS from RDC,"Lopinavir/Ritonavir 200/50mg [Aluvia], tablets, 120 Tabs",Tanzania,Truck,2014-06-30,0.10144927536231885,628,0,202683.6,Not computed
DN-3772,SCMS from RDC,"Abacavir/Lamivudine 60/30mg, tablets, 60 Tabs",Zimbabwe,Air,2014-06-30,0.10144927536231885,629,0,7892.0,Not computed
DN-3608,SCMS from RDC,"Efavirenz/Lamivudine/Tenofovir Disoproxil Fumarate 600/300/300mg, tablets, 30 Tabs",Uganda,Truck,2014-07-04,0.10144927536231885,630,0,344245.1,Not computed
ASN-26454,Aurobindo Pharma Limited,"Nevirapine 10mg/ml, oral suspension w/syringe, Bottle, 240 ml",Haiti,Air,2014-07-14,0.10144927536231885,631,0,1564.55,Not computed
DN-3799,SCMS from RDC,"Lamivudine/Zidovudine 30/60mg, tablets, 60 Tabs",Côte d'Ivoire,Truck,2014-07-15,0.10144927536231885,632,0,14532.97,Not computed
ASN-26571,"Orgenics, Ltd","HIV 1/2, Determine Complete HIV Kit, 100 Tests",Zambia,Air,2014-07-23,0.10144927536231885,633,0,640000.0,Not computed
ASN-27033,Aurobindo Pharma Limited,"Lamivudine/Tenofovir Disoproxil Fumarate 300/300mg, tablets, 30 Tabs",Zimbabwe,Air Charter,2014-07-23,0.10144927536231885,634,0,83700.0,Not computed
DN-3700,SCMS from RDC,"Lamivudine/Nevirapine/Zidovudine 30/50/60mg, dispersible tablets, 60 Tabs",Tanzania,Truck,2014-07-29,0.10144927536231885,635,0,55458.75,Not computed
ASN-27174,"Orgenics, Ltd","HIV 1/2, Determine Complete HIV Kit, 100 Tests",Uganda,Air,2014-07-30,0.10144927536231885,636,0,480000.0,Not computed
DN-3804,SCMS from RDC,"Lamivudine/Nevirapine/Zidovudine 150/200/300mg, tablets, 60 Tabs",Burundi,Air,2014-07-31,0.10144927536231885,637,0,8564.16,Not computed
DN-3820,SCMS from RDC,"Efavirenz/Lamivudine/Tenofovir Disoproxil Fumarate 600/300/300mg, tablets, 30 Tabs",Zambia,Truck,2014-07-31,0.10144927536231885,638,0,1210960.52,Not computed
DN-3832,SCMS from RDC,"Lamivudine/Zidovudine 150/300mg, tablets, 60 Tabs",Zambia,Truck,2014-07-31,0.10144927536231885,639,0,652000.0,Not computed
ASN-26564,"Orgenics, Ltd","HIV 1/2, Determine Complete HIV Kit, 100 Tests",Haiti,Air,2014-08-07,0.10144927536231885,640,0,450000.0,Not computed
ASN-27206,STRIDES ARCOLAB LIMITED,"Efavirenz 200mg, scored tablets, 90 Tabs",Zimbabwe,Air,2014-08-20,0.10144927536231885,641,0,131725.2,Not computed
ASN-26632,CIPLA LIMITED,"Lamivudine/Zidovudine 30/60mg, tablets, 60 Tabs","Congo, DRC",Air,2014-08-22,0.10144927536231885,642,0,322.5,Not computed
ASN-26408,Aurobindo Pharma Limited,"Didanosine 250mg, delayed-release capsules, 30 Caps","Congo, DRC",Air,2014-08-26,0.10144927536231885,643,0,758.0,Not computed
ASN-26614,Aurobindo Pharma Limited,"Nevirapine 50mg, dispersible tablets (tablets for oral suspension), 30 Tabs","Congo, DRC",Air,2014-08-29,0.10144927536231885,644,0,312.0,Not computed
ASN-28033,S. BUYS WHOLESALER,"Zidovudine 300mg, tablets, 60 Tabs",South Africa,Truck,2014-08-29,0.10144927536231885,645,0,52996.91,Not computed
DN-3812,SCMS from RDC,"Lamivudine/Nevirapine/Zidovudine 30/50/60mg, dispersible tablets, 60 Tabs",Tanzania,Truck,2014-08-29,0.10144927536231885,646,0,63410.0,Not computed
DN-3826,SCMS from RDC,"Lamivudine/Stavudine 150/30mg, tablets, 60 Tabs",Mozambique,Truck,2014-08-29,0.10144927536231885,647,0,66483.0,Not computed
DN-3829,SCMS from RDC,"Lamivudine/Zidovudine 150/300mg, tablets, 60 Tabs",Mozambique,Truck,2014-08-29,0.10144927536231885,648,0,63791.68,Not computed
DN-3869,SCMS from RDC,"Lopinavir/Ritonavir 200/50mg, tablets, 120 Tabs",Zambia,Truck,2014-08-29,0.10144927536231885,649,0,648557.55,Not computed
DN-3623,SCMS from RDC,"Lamivudine/Tenofovir Disoproxil Fumarate 300/300mg, tablets, 30 Tabs",Mozambique,Truck,2014-08-31,0.10144927536231885,650,0,16243.2,Not computed
DN-3853,SCMS from RDC,"Nevirapine 200mg, tablets, 60 Tabs",Burundi,Air,2014-08-31,0.10144927536231885,651,0,1160.25,Not computed
DN-3874,SCMS from RDC,"Lamivudine/Nevirapine/Zidovudine 150/200/300mg, tablets, 60 Tabs",Mozambique,Truck,2014-08-31,0.10144927536231885,652,0,607682.3,Not computed
ASN-27344,HETERO LABS LIMITED,"Lamivudine/Tenofovir Disoproxil Fumarate 300/300mg, tablets, 30 Tabs",Ghana,Air,2014-09-08,0.10144927536231885,653,0,80605.14,Not computed
ASN-27495,MYLAN LABORATORIES LTD (FORMERLY MATRIX LABORATORIES),"Efavirenz/Lamivudine/Tenofovir Disoproxil Fumarate 600/300/300mg, tablets, 30 Tabs",Ghana,Air,2014-09-11,0.10144927536231885,654,0,415552.08,Not computed
DN-3646,SCMS from RDC,"Emtricitabine/Tenofovir Disoproxil Fumarate 200/300mg, tablets, 30 Tabs",Tanzania,Truck,2014-09-15,0.10144927536231885,655,0,8851.08,Not computed
DN-3845,SCMS from RDC,"Tenofovir Disoproxil Fumarate 300mg, tablets, 30 Tabs",Rwanda,Truck,2014-09-16,0.10144927536231885,656,0,2888.6,Not computed
ASN-27384,CIPLA LIMITED,"Lamivudine/Nevirapine/Zidovudine 150/200/300mg, tablets, 60 Tabs","Congo, DRC",Air,2014-09-29,0.10144927536231885,657,0,81000.0,Not computed
ASN-27324,Aurobindo Pharma Limited,"Nevirapine 50mg, dispersible tablets (tablets for oral suspension), 30 Tabs","Congo, DRC",Air,2014-09-30,0.10144927536231885,658,0,7225.0,Not computed
DN-3802,SCMS from RDC,"Abacavir/Lamivudine 60/30mg, tablets, 60 Tabs",Rwanda,Truck,2014-09-30,0.10144927536231885,659,0,6385.5,Not computed
DN-3852,SCMS from RDC,"Lopinavir/Ritonavir 200/50mg, tablets, 120 Tabs",Burundi,Air,2014-09-30,0.10144927536231885,660,0,5518.8,Not computed
DN-3897,SCMS from RDC,"Lamivudine/Zidovudine 30/60mg, dispersible tablets, 60 Tabs",Côte d'Ivoire,Truck,2014-09-30,0.10144927536231885,661,0,1387.03,Not computed
DN-3900,SCMS from RDC,"Zidovudine 10mg/ml, oral solution w/syringe, Bottle, 240 ml",Côte d'Ivoire,Truck,2014-09-30,0.10144927536231885,662,0,550.2,Not computed
DN-3906,SCMS from RDC,"Lamivudine/Tenofovir Disoproxil Fumarate 300/300mg, tablets, 30 Tabs",Namibia,Air,2014-09-30,0.10144927536231885,663,0,208350.0,Not computed
DN-3907,SCMS from RDC,"Lamivudine/Nevirapine/Zidovudine 150/200/300mg, tablets, 60 Tabs",Namibia,Truck,2014-09-30,0.10144927536231885,664,0,505631.73,Not computed
DN-3928,SCMS from RDC,"Lamivudine/Zidovudine 30/60mg, dispersible tablets, 60 Tabs",South Sudan,Air,2014-09-30,0.10144927536231885,665,0,262.68,Not computed
DN-3945,SCMS from RDC,"Abacavir 20mg/ml, oral solution w/syringe, Bottle, 240 ml",Guyana,Air,2014-09-30,0.10144927536231885,666,0,838.0,Not computed
ASN-28626,PHARMACY DIRECT,"Raltegravir 400mg [Isentress], tablets, 60 Tabs",South Africa,Truck,2014-10-03,0.10144927536231885,667,0,2944.55,Not computed
DN-3930,SCMS from RDC,"Lamivudine/Zidovudine 30/60mg, dispersible tablets, 60 Tabs",Uganda,Truck,2014-10-31,0.10144927536231885,668,0,8600.0,Not computed
DN-3932,SCMS from RDC,"Lamivudine/Zidovudine 30/60mg, dispersible tablets, 60 Tabs",Tanzania,Truck,2014-10-31,0.10144927536231885,669,0,25129.2,Not computed
DN-3942,SCMS from RDC,"Zidovudine 300mg, tablets, 60 Tabs",Zambia,Truck,2014-10-31,0.10144927536231885,670,0,6919.2,Not computed
DN-3952,SCMS from RDC,"Lamivudine/Zidovudine 150/300mg, tablets, 60 Tabs",Burundi,Air,2014-10-31,0.10144927536231885,671,0,26136.0,Not computed
DN-3981,SCMS from RDC,"Abacavir/Lamivudine 600/300mg, tablets, 30 Tabs",Côte d'Ivoire,Truck,2014-10-31,0.10144927536231885,672,0,43761.56,Not computed
DN-3982,SCMS from RDC,"Abacavir/Lamivudine 600/300mg, tablets, 30 Tabs",Côte d'Ivoire,Truck,2014-10-31,0.10144927536231885,673,0,32376.0,Not computed
DN-3993,SCMS from RDC,"Lamivudine/Nevirapine/Zidovudine 150/200/300mg, tablets, 60 Tabs",Nigeria,Air Charter,2014-10-31,0.10144927536231885,674,0,1550875.3,Not computed
DN-3996,SCMS from RDC,"Lamivudine/Tenofovir Disoproxil Fumarate 300/300mg, tablets, 30 Tabs",Nigeria,Air Charter,2014-10-31,0.10144927536231885,675,0,263340.0,Not computed
DN-3997,SCMS from RDC,"Abacavir/Lamivudine 600/300mg, tablets, 30 Tabs",Nigeria,Air Charter,2014-10-31,0.10144927536231885,676,0,261112.44,Not computed
DN-4007,SCMS from RDC,"Abacavir/Lamivudine 600/300mg, tablets, 30 Tabs",Uganda,Truck,2014-10-31,0.10144927536231885,677,0,73048.56,Not computed
DN-3925,SCMS from RDC,"Abacavir 300mg, tablets, 60 Tabs",Tanzania,Truck,2014-11-03,0.10144927536231885,678,0,285078.96,Not computed
DN-3910,SCMS from RDC,"Lamivudine/Nevirapine/Zidovudine 30/50/60mg, dispersible tablets, 60 Tabs",Tanzania,Truck,2014-11-11,0.10144927536231885,679,0,206160.0,Not computed
ASN-28512,"Orgenics, Ltd","HIV 1/2, Determine Complete HIV Kit, 100 Tests",Uganda,Air,2014-11-13,0.10144927536231885,680,0,320000.0,Not computed
ASN-29596,PHARMACY DIRECT,"Raltegravir 400mg [Isentress], tablets, 60 Tabs",South Africa,Truck,2014-11-28,0.10144927536231885,681,0,5293.610000000001,Not computed
DN-3880,SCMS from RDC,"Lopinavir/Ritonavir 200/50mg [Aluvia], tablets, 120 Tabs",Uganda,Truck,2014-11-28,0.10144927536231885,682,0,100869.3,Not computed
DN-3967,SCMS from RDC,"Lamivudine/Nevirapine/Zidovudine 30/50/60mg, dispersible tablets, 60 Tabs",Tanzania,Truck,2014-11-28,0.10144927536231885,683,0,71253.13,Not computed
DN-4008,SCMS from RDC,"Lamivudine/Tenofovir Disoproxil Fumarate 300/300mg, tablets, 30 Tabs",Uganda,Truck,2014-11-28,0.10144927536231885,684,0,234988.25,Not computed
DN-4016,SCMS from RDC,"Abacavir/Lamivudine 60/30mg, dispersible tablets, 60 Tabs",Côte d'Ivoire,Truck,2014-11-28,0.10144927536231885,685,0,108589.33,Not computed
DN-3824,SCMS from RDC,"Lamivudine/Zidovudine 30/60mg, tablets, 60 Tabs",Zimbabwe,Truck,2014-11-30,0.10144927536231885,686,0,47758.01,Not computed
DN-3943,SCMS from RDC,"Nevirapine 10mg/ml, oral suspension w/syringe, Bottle, 240 ml",Zambia,Truck,2014-11-30,0.10144927536231885,687,0,13000.0,Not computed
DN-3903,SCMS from RDC,"Lopinavir/Ritonavir 200/50mg, tablets, 120 Tabs",Mozambique,Truck,2014-12-30,0.10144927536231885,688,0,465312.16,Not computed
ASN-28379,"Orgenics, Ltd","HIV 1/2, Determine Complete HIV Kit, 100 Tests","Congo, DRC",Air,2014-12-31,0.10144927536231885,689,0,442135.0,Not computed
ASN-29615,Aurobindo Pharma Limited,"Nevirapine 50mg, dispersible tablets (tablets for oral suspension), 30 Tabs",Haiti,Air,2015-01-05,0.10144927536231885,690,0,2647.5,Not computed
DN-4011,SCMS from RDC,"Lamivudine/Zidovudine 30/60mg, dispersible tablets, 60 Tabs",Rwanda,Truck,2015-01-14,0.10144927536231885,691,0,4427.75,Not computed
DN-3968,SCMS from RDC,"Lamivudine/Nevirapine/Zidovudine 30/50/60mg, dispersible tablets, 60 Tabs",Tanzania,Air,2015-01-30,0.10144927536231885,692,0,116823.75,Not computed
DN-4034,SCMS from RDC,"Efavirenz/Lamivudine/Tenofovir Disoproxil Fumarate 600/300/300mg, tablets, 30 Tabs",Uganda,Truck,2015-01-30,0.10144927536231885,693,0,485100.0,Not computed
DN-4039,SCMS from RDC,"Lamivudine/Zidovudine 30/60mg, dispersible tablets, 60 Tabs",Côte d'Ivoire,Truck,2015-01-30,0.10144927536231885,694,0,59417.0,Not computed
DN-4054,SCMS from RDC,"Lamivudine/Zidovudine 150/300mg, tablets, 60 Tabs",Nigeria,Air Charter,2015-01-30,0.10144927536231885,695,0,218770.2,Not computed
DN-4056,SCMS from RDC,"Abacavir 300mg, tablets, 60 Tabs",Guyana,Air,2015-01-30,0.10144927536231885,696,0,687.58,Not computed
DN-4060,SCMS from RDC,"Efavirenz/Lamivudine/Tenofovir Disoproxil Fumarate 600/300/300mg, tablets, 30 Tabs",Uganda,Truck,2015-01-30,0.10144927536231885,697,0,829600.0,Not computed
DN-4082,SCMS from RDC,"Lamivudine/Zidovudine 150/300mg, tablets, 60 Tabs",Zambia,Truck,2015-01-30,0.10144927536231885,698,0,883383.6,Not computed
DN-4085,SCMS from RDC,"Efavirenz 200mg, scored tablets, 90 Tabs",Rwanda,Truck,2015-01-30,0.10144927536231885,699,0,14669.04,Not computed
DN-4097,SCMS from RDC,"Lamivudine/Tenofovir Disoproxil Fumarate 300/300mg, tablets, 30 Tabs",Nigeria,Air Charter,2015-01-30,0.10144927536231885,700,0,1369170.0,Not computed
DN-3873,SCMS from RDC,"Lamivudine/Zidovudine 150/300mg, tablets, 60 Tabs",Mozambique,Truck,2015-02-01,0.10144927536231885,701,0,172858.24,Not computed
ASN-29870,"Orgenics, Ltd","HIV 1/2, Determine Complete HIV Kit, 100 Tests",Burundi,Air,2015-02-02,0.10144927536231885,702,0,128640.0,Not computed
DN-4100,SCMS from RDC,"Lamivudine/Nevirapine/Zidovudine 30/50/60mg, dispersible tablets, 60 Tabs",Uganda,Truck,2015-02-06,0.10144927536231885,703,0,18650.0,Not computed
ASN-30068,Aurobindo Pharma Limited,"Nevirapine 50mg, dispersible tablets (tablets for oral suspension), 30 Tabs",Haiti,Air,2015-02-16,0.10144927536231885,704,0,7625.0,Not computed
DN-4012,SCMS from RDC,"Lamivudine/Tenofovir Disoproxil Fumarate 300/300mg, tablets, 30 Tabs",Rwanda,Truck,2015-02-16,0.10144927536231885,705,0,1165430.08,Not computed
DN-4041,SCMS from RDC,"Efavirenz/Lamivudine/Tenofovir Disoproxil Fumarate 600/300/300mg, tablets, 30 Tabs",Uganda,Truck,2015-02-16,0.10144927536231885,706,0,419402.32,Not computed
DN-4113,SCMS from RDC,"Abacavir/Lamivudine 600/300mg, tablets, 30 Tabs",Zimbabwe,Truck,2015-02-16,0.10144927536231885,707,0,268626.37,Not computed
ASN-30399,EMCURE PHARMACEUTICALS LTD,"Atazanavir 150mg, capsules, 60 Caps",Rwanda,Air,2015-02-17,0.10144927536231885,708,0,18240.0,Not computed
ASN-30241,"Orgenics, Ltd","HIV 1/2, Determine Complete HIV Kit, 100 Tests",Mali,Air,2015-02-18,0.10144927536231885,709,0,12000.0,Not computed
DN-4102,SCMS from RDC,"Efavirenz/Lamivudine/Tenofovir Disoproxil Fumarate 600/300/300mg, tablets, 30 Tabs",Uganda,Truck,2015-02-27,0.10144927536231885,710,0,163456.25,Not computed
DN-4108,SCMS from RDC,"Lamivudine/Zidovudine 150/300mg, tablets, 60 Tabs",Mozambique,Truck,2015-02-27,0.10144927536231885,711,0,116065.58,Not computed
DN-4117,SCMS from RDC,"Lamivudine/Zidovudine 150/300mg, tablets, 60 Tabs",Zambia,Truck,2015-02-27,0.10144927536231885,712,0,607633.94,Not computed
DN-4137,SCMS from RDC,"Lamivudine/Zidovudine 150/300mg, tablets, 60 Tabs",Côte d'Ivoire,Truck,2015-02-27,0.10144927536231885,713,0,123912.6,Not computed
DN-4141,SCMS from RDC,"Lamivudine/Nevirapine/Zidovudine 30/50/60mg, dispersible tablets, 60 Tabs",Rwanda,Air,2015-03-10,0.10144927536231885,714,0,36000.0,Not computed
ASN-30652,ABBVIE LOGISTICS (FORMERLY ABBOTT LOGISTICS BV),"Lopinavir/Ritonavir 200/50mg [Aluvia], tablets, 120 Tabs",Haiti,Air,2015-03-11,0.10144927536231885,715,0,287393.2,Not computed
ASN-30183,Aurobindo Pharma Limited,"Efavirenz 600mg, tablets, 30 Tabs",Haiti,Ocean,2015-03-13,0.10144927536231885,716,0,132577.2,Not computed
ASN-30184,Aurobindo Pharma Limited,"Efavirenz 600mg, tablets, 30 Tabs",Haiti,Ocean,2015-03-13,0.10144927536231885,717,0,176784.3,Not computed
ASN-31197,EMCURE PHARMACEUTICALS LTD,"Atazanavir/Ritonavir 300/100mg, tablets, 30 Tabs",Haiti,Air,2015-03-26,0.10144927536231885,718,0,18000.0,Not computed
ASN-30813,Aurobindo Pharma Limited,"Zidovudine 100mg, capsules, 100 Caps",Haiti,Air,2015-03-30,0.10144927536231885,719,0,540.0,Not computed
DN-4162,SCMS from RDC,"Efavirenz/Lamivudine/Tenofovir Disoproxil Fumarate 600/300/300mg, tablets, 30 Tabs",Rwanda,Truck,2015-03-31,0.10144927536231885,720,0,955413.66,Not computed
DN-4194,SCMS from RDC,"Efavirenz/Lamivudine/Tenofovir Disoproxil Fumarate 600/300/300mg, tablets, 30 Tabs",Swaziland,Truck,2015-04-06,0.10144927536231885,721,0,649350.0,Not computed
ASN-31081,HETERO LABS LIMITED,"Lamivudine/Tenofovir Disoproxil Fumarate 300/300mg, tablets, 30 Tabs",Togo,Air,2015-04-23,0.10144927536231885,722,0,30051.0,Not computed
ASN-31452,"Orgenics, Ltd","HIV 1/2, Determine Complete HIV Kit, 100 Tests",Haiti,Air,2015-05-05,0.10144927536231885,723,0,630200.0,Not computed
ASN-31453,"Orgenics, Ltd","HIV 1/2, Determine Complete HIV Kit, 100 Tests",Haiti,Air,2015-05-05,0.10144927536231885,724,0,569800.0,Not computed
ASN-31496,"Orgenics, Ltd","HIV 1/2, Determine Complete HIV Kit, 100 Tests",Uganda,Air,2015-05-05,0.10144927536231885,725,0,498160.0,Not computed
ASN-31497,"Orgenics, Ltd","HIV 1/2, Determine Complete HIV Kit, 100 Tests",Uganda,Air,2015-05-05,0.10144927536231885,726,0,489440.0,Not computed
ASN-31498,"Orgenics, Ltd","HIV 1/2, Determine Complete HIV Kit, 100 Tests",Uganda,Air,2015-05-05,0.10144927536231885,727,0,452400.0,Not computed
ASN-31188,ABBVIE LOGISTICS (FORMERLY ABBOTT LOGISTICS BV),"Lopinavir/Ritonavir 80/20mg/ml [Kaletra], oral solution, cool, Bottle 5 x 60 ml",Zimbabwe,Air,2015-05-07,0.10144927536231885,728,0,80933.32,Not computed
ASN-31028,Aurobindo Pharma Limited,"Efavirenz/Lamivudine/Tenofovir Disoproxil Fumarate 600/300/300mg, tablets, 30 Tabs",Haiti,Ocean,2015-05-09,0.10144927536231885,729,0,273105.0,Not computed
ASN-31190,ABBVIE LOGISTICS (FORMERLY ABBOTT LOGISTICS BV),"Lopinavir/Ritonavir 80/20mg/ml [Kaletra], oral solution, cool, Bottle 5 x 60 ml",Zimbabwe,Air,2015-05-14,0.10144927536231885,730,0,80902.5,Not computed
ASN-31390,HETERO LABS LIMITED,"Efavirenz/Emtricitabine/Tenofovir Disoproxil Fumarate 600/200/300mg, tablets, 30 Tabs",Botswana,Air,2015-06-02,0.10144927536231885,731,0,362286.05,Not computed
ASN-31391,HETERO LABS LIMITED,"Efavirenz/Emtricitabine/Tenofovir Disoproxil Fumarate 600/200/300mg, tablets, 30 Tabs",Botswana,Air,2015-06-02,0.10144927536231885,732,0,412506.5,Not computed
ASN-31392,HETERO LABS LIMITED,"Efavirenz/Emtricitabine/Tenofovir Disoproxil Fumarate 600/200/300mg, tablets, 30 Tabs",Botswana,Air,2015-06-02,0.10144927536231885,733,0,334928.16,Not computed
DN-4279,SCMS from RDC,"Lamivudine/Zidovudine 150/300mg, tablets, 60 Tabs",Nigeria,Air Charter,2015-06-02,0.10144927536231885,734,0,97800.0,Not computed
ASN-31826,Aurobindo Pharma Limited,"Zidovudine 10mg/ml, oral solution, Bottle, 240 ml",Haiti,Air,2015-06-10,0.10144927536231885,735,0,10887.0,Not computed
ASN-32527,HETERO LABS LIMITED,"Lamivudine/Zidovudine 150/300mg, tablets, 60 Tabs",Nigeria,Air,2015-06-24,0.10144927536231885,736,0,417466.2,Not computed
DN-4296,SCMS from RDC,"Lamivudine/Nevirapine/Zidovudine 150/200/300mg, tablets, 60 Tabs",South Sudan,Air,2015-06-25,0.10144927536231885,737,0,166941.6,Not computed
ASN-32757,"Orgenics, Ltd","HIV 1/2, Determine Complete HIV Kit, 100 Tests",Nigeria,Air,2015-06-30,0.10144927536231885,738,0,418033.0,Not computed
DN-4248,SCMS from RDC,"Lamivudine/Tenofovir Disoproxil Fumarate 300/300mg, tablets, 30 Tabs",Mozambique,Truck,2015-06-30,0.10144927536231885,739,0,263312.28,Not computed
ASN-32512,Aurobindo Pharma Limited,"Nevirapine 50mg, dispersible tablets (tablets for oral suspension), 30 Tabs",Haiti,Air,2015-07-02,0.10144927536231885,740,0,2878.75,Not computed
ASN-32092,"Orgenics, Ltd","HIV 1/2, Determine Complete HIV Kit, 100 Tests",Burundi,Air,2015-07-07,0.10144927536231885,741,0,126560.0,Not computed
ASN-32933,ABBVIE LOGISTICS (FORMERLY ABBOTT LOGISTICS BV),"Lopinavir/Ritonavir 100/25mg [Aluvia], tablets, 60 Tabs",Nigeria,Air,2015-07-07,0.10144927536231885,742,0,17166.6,Not computed
ASN-33318,ABBVIE LOGISTICS (FORMERLY ABBOTT LOGISTICS BV),"Lopinavir/Ritonavir 100/25mg [Aluvia], tablets, 60 Tabs",Cameroon,Air,2015-07-22,0.10144927536231885,743,0,52272.0,Not computed
ASN-33453,PHARMACY DIRECT,"Ritonavir 80mg/ml [Norvir], oral solution, cool, Bottle, 90 ml",South Africa,Truck,2015-07-23,0.10144927536231885,744,0,59.62,Not computed
ASN-33454,PHARMACY DIRECT,"Ritonavir 80mg/ml [Norvir], oral solution, cool, Bottle, 90 ml",South Africa,Truck,2015-07-23,0.10144927536231885,745,0,14.91,Not computed
DN-4306,SCMS from RDC,"Lopinavir/Ritonavir 200/50mg, tablets, 120 Tabs",Burundi,Air,2015-07-31,0.10144927536231885,746,0,4646.4,Not computed
ASN-33334,EMCURE PHARMACEUTICALS LTD,"Atazanavir/Ritonavir 300/100mg, tablets, 30 Tabs",Nigeria,Air,2015-08-07,0.10144927536231885,747,0,123804.0,Not computed
ASN-33569,"Orgenics, Ltd","HIV 1/2, Determine Complete HIV Kit, 100 Tests",Cameroon,Air,2015-08-11,0.10144927536231885,748,0,9600.0,Not computed
DN-4336,SCMS from RDC,"Lamivudine/Zidovudine 30/60mg, dispersible tablets, 60 Tabs",Zimbabwe,Truck,2015-08-31,0.10144927536231885,749,0,108055.01,Not computed
ASN-33749,CIPLA LIMITED,"Abacavir/Lamivudine 60/30mg, dispersible tablets, 60 Tabs",Nigeria,Air,2015-09-02,0.10144927536231885,750,0,67145.0,Not computed
ASN-33750,CIPLA LIMITED,"Abacavir/Lamivudine 60/30mg, dispersible tablets, 60 Tabs",Nigeria,Air,2015-09-02,0.10144927536231885,751,0,32120.0,Not computed
DN-4344,SCMS from RDC,"Zidovudine 300mg, tablets, 60 Tabs",Nigeria,Air,2015-12-31,0.10144927536231885,752,0,30492.93,Not computed
DN-3788,SCMS from RDC,"Lamivudine/Nevirapine/Zidovudine 150/200/300mg, tablets, 60 Tabs",Rwanda,Truck,2014-10-30,0.07654582548796338,753,0,697524.88,Not computed
DN-3579,SCMS from RDC,"Efavirenz/Lamivudine/Tenofovir Disoproxil Fumarate 600/300/300mg, tablets, 30 Tabs",Rwanda,Truck,2014-03-28,0.07653661525353037,754,0,1449621.58,Not computed
ASN-23200,"CHEMBIO DIAGNOSTIC SYSTEMS, INC.","HIV 1/2, Stat-Pak HIV, Kit, 20 Tests",Nigeria,Air,2014-01-03,0.046153846153846156,755,0,106784.0,Not computed
ASN-23353,Aurobindo Pharma Limited,"Nevirapine 50mg, dispersible tablets (tablets for oral suspension), 30 Tabs",Côte d'Ivoire,Air,2014-01-03,0.046153846153846156,756,0,8125.0,Not computed
ASN-23448,Aurobindo Pharma Limited,"Nevirapine 50mg, dispersible tablets (tablets for oral suspension), 30 Tabs",Côte d'Ivoire,Air,2014-01-03,0.046153846153846156,757,0,10550.0,Not computed
ASN-23339,Aurobindo Pharma Limited,"Efavirenz/Lamivudine/Tenofovir Disoproxil Fumarate 600/300/300mg, tablets, 30 Tabs",Cameroon,Air,2014-01-08,0.046153846153846156,758,0,17070.65,Not computed
ASN-23388,ABBVIE LOGISTICS (FORMERLY ABBOTT LOGISTICS BV),"Lopinavir/Ritonavir 100/25mg [Aluvia], tablets, 60 Tabs",Côte d'Ivoire,Air,2014-01-10,0.046153846153846156,759,0,26136.0,Not computed
ASN-22938,Aurobindo Pharma Limited,"Lamivudine 150mg, tablets, 60 Tabs",Zambia,Air,2014-01-13,0.046153846153846156,760,0,43000.0,Not computed
ASN-23875,S. BUYS WHOLESALER,"Lamivudine/Zidovudine 150/300mg, tablets, 60 Tabs",South Africa,Truck,2014-01-13,0.046153846153846156,761,0,156533.26,Not computed
ASN-21267,ABBVIE LOGISTICS (FORMERLY ABBOTT LOGISTICS BV),"Lopinavir/Ritonavir 100/25mg [Aluvia], tablets, 60 Tabs","Congo, DRC",Air,2014-01-15,0.046153846153846156,762,0,1805.76,Not computed
ASN-23225,CIPLA LIMITED,"Lamivudine/Nevirapine/Zidovudine 30/50/60mg, dispersible tablets, 60 Tabs",Uganda,Air,2014-01-17,0.046153846153846156,763,0,24800.0,Not computed
ASN-23308,Aurobindo Pharma Limited,"Nevirapine 50mg, dispersible tablets (tablets for oral suspension), 30 Tabs",Uganda,Air,2014-01-17,0.046153846153846156,764,0,11313.75,Not computed
DN-3453,SCMS from RDC,"Efavirenz/Lamivudine/Tenofovir Disoproxil Fumarate 600/300/300mg, tablets, 30 Tabs",Rwanda,Truck,2014-01-17,0.046153846153846156,765,0,719175.0,Not computed
DN-3471,SCMS from RDC,"Lamivudine/Tenofovir Disoproxil Fumarate 300/300mg, tablets, 30 Tabs",Côte d'Ivoire,Air,2014-01-17,0.046153846153846156,766,0,45796.8,Not computed
ASN-22850,MYLAN LABORATORIES LTD (FORMERLY MATRIX LABORATORIES),"Abacavir/Lamivudine 600/300mg, tablets, 30 Tabs",Zimbabwe,Air,2014-01-21,0.046153846153846156,767,0,132336.9,Not computed
ASN-23606,ABBVIE LOGISTICS (FORMERLY ABBOTT LOGISTICS BV),"Lopinavir/Ritonavir 100/25mg [Aluvia], tablets, 60 Tabs",Rwanda,Air,2014-01-22,0.046153846153846156,768,0,2970.0,Not computed
ASN-23737,"Orgenics, Ltd","HIV 1/2, Determine Complete HIV Kit, 100 Tests",Côte d'Ivoire,Air,2014-01-22,0.046153846153846156,769,0,352000.0,Not computed
ASN-23016,ABBVIE LOGISTICS (FORMERLY ABBOTT LOGISTICS BV),"Lopinavir/Ritonavir 200/50mg [Aluvia], tablets, 120 Tabs",Haiti,Air,2014-01-23,0.046153846153846156,770,0,12480.72,Not computed
ASN-23392,"Orgenics, Ltd","HIV 1/2, Determine Complete HIV Kit, 100 Tests",Côte d'Ivoire,Air,2014-01-23,0.046153846153846156,771,0,112000.0,Not computed
ASN-23441,"Trinity Biotech, Plc","HIV 1/2, Uni-Gold HIV Kit, 20 Tests",Nigeria,Air,2014-01-24,0.046153846153846156,772,0,1018944.0,Not computed
ASN-23397,Aurobindo Pharma Limited,"Efavirenz 50mg, capsule, 30 Caps",Tanzania,Air,2014-01-28,0.046153846153846156,773,0,18582.72,Not computed
DN-3454,SCMS from RDC,"Efavirenz/Lamivudine/Tenofovir Disoproxil Fumarate 600/300/300mg, tablets, 30 Tabs",Tanzania,Truck,2014-01-31,0.046153846153846156,774,0,828366.9500000001,Not computed
DN-3532,SCMS from RDC,"Efavirenz/Lamivudine/Tenofovir Disoproxil Fumarate 600/300/300mg, tablets, 30 Tabs",Tanzania,Truck,2014-01-31,0.046153846153846156,775,0,500737.42,Not computed
ASN-24149,ABBVIE LOGISTICS (FORMERLY ABBOTT LOGISTICS BV),"Lopinavir/Ritonavir 100/25mg [Aluvia], tablets, 60 Tabs",Côte d'Ivoire,Air,2014-02-07,0.046153846153846156,776,0,27324.0,Not computed
ASN-24433,S. BUYS WHOLESALER,"Tenofovir Disoproxil Fumarate 300mg, tablets, 30 Tabs",South Africa,Truck,2014-02-07,0.046153846153846156,777,0,40927.21,Not computed
ASN-24094,"Standard Diagnostics, Inc.","HIV 1/2, Bioline 3.0 Kit, Lancets, Capillary pipets, Alcohol swabs included, 25 Tests",Côte d'Ivoire,Air,2014-02-11,0.046153846153846156,778,0,75850.0,Not computed
ASN-24164,Aurobindo Pharma Limited,"Didanosine 200mg, delayed-release capsules, 30 Caps",Côte d'Ivoire,Air,2014-02-14,0.046153846153846156,779,0,9097.0,Not computed
ASN-23156,"Orgenics, Ltd","HIV 1/2, Determine Complete HIV Kit, 100 Tests",South Sudan,Air,2014-02-27,0.046153846153846156,780,0,61766.0,Not computed
ASN-24339,Aurobindo Pharma Limited,"Nevirapine 50mg, dispersible tablets (tablets for oral suspension), 30 Tabs",Uganda,Air,2014-02-27,0.046153846153846156,781,0,1500.0,Not computed
DN-3548,SCMS from RDC,"Lamivudine/Zidovudine 30/60mg, tablets, 60 Tabs",Côte d'Ivoire,Air,2014-02-28,0.046153846153846156,782,0,32250.0,Not computed
ASN-24044,Aurobindo Pharma Limited,"Didanosine 400mg, delayed-release capsules, 30 Caps",Mozambique,Air,2014-03-02,0.046153846153846156,783,0,16000.0,Not computed
ASN-23223,ABBVIE LOGISTICS (FORMERLY ABBOTT LOGISTICS BV),"Lopinavir/Ritonavir 80/20mg/ml [Kaletra], oral solution, cool, Bottle 5 x 60 ml",Uganda,Air,2014-03-04,0.046153846153846156,784,0,5794.16,Not computed
ASN-24897,"Standard Diagnostics, Inc.","HIV 1/2, Bioline 3.0 Kit, Lancets, Capillary pipets, Alcohol swabs included, 25 Tests",Côte d'Ivoire,Air,2014-03-17,0.046153846153846156,785,0,55350.0,Not computed
ASN-24418,"Trinity Biotech, Plc","HIV 1/2, Uni-Gold HIV Kit, 20 Tests",Nigeria,Air,2014-03-19,0.046153846153846156,786,0,776000.0,Not computed
ASN-24416,CIPLA LIMITED,"Lamivudine/Nevirapine/Zidovudine 30/50/60mg, dispersible tablets, 60 Tabs",Uganda,Air,2014-03-21,0.046153846153846156,787,0,60084.0,Not computed
ASN-24417,CIPLA LIMITED,"Lamivudine/Zidovudine 30/60mg, dispersible tablets, 60 Tabs",Uganda,Air,2014-03-21,0.046153846153846156,788,0,16676.8,Not computed
ASN-24301,Aurobindo Pharma Limited,"Efavirenz 50mg, capsule, 30 Caps",Tanzania,Air,2014-03-22,0.046153846153846156,789,0,9243.0,Not computed
ASN-24302,Aurobindo Pharma Limited,"Efavirenz 50mg, capsule, 30 Caps",Tanzania,Air,2014-03-22,0.046153846153846156,790,0,32552.52,Not computed
ASN-24711,"CHEMBIO DIAGNOSTIC SYSTEMS, INC.","HIV 1/2, Stat-Pak Dipstick Assay Kit, 30 Tests",Burundi,Air,2014-03-24,0.046153846153846156,791,0,9522.0,Not computed
ASN-24573,"Orgenics, Ltd","HIV 1/2, ImmunoComb II BiSpot EIA Kit, 36 Tests",Mali,Air,2014-03-25,0.046153846153846156,792,0,4930.0,Not computed
DN-3565,SCMS from RDC,"Lamivudine 150mg, tablets, 60 Tabs",Zambia,Truck,2014-03-25,0.046153846153846156,793,0,24996.07,Not computed
DN-3564,SCMS from RDC,"Efavirenz/Lamivudine/Tenofovir Disoproxil Fumarate 600/300/300mg, tablets, 30 Tabs",Mozambique,Truck,2014-03-28,0.046153846153846156,794,0,1958708.78,Not computed
ASN-24648,"Orgenics, Ltd","HIV 1/2, Clearview Complete Kit, 25 Tests",Mali,Air,2014-03-31,0.046153846153846156,795,0,14630.0,Not computed
DN-3605,SCMS from RDC,"Nevirapine 200mg, tablets, 60 Tabs",Uganda,Truck,2014-03-31,0.046153846153846156,796,0,49186.64,Not computed
ASN-24564,Aurobindo Pharma Limited,"Zidovudine 300mg, tablets, 60 Tabs",Tanzania,Air,2014-04-11,0.046153846153846156,797,0,171197.04,Not computed
ASN-25625,ABBVIE LOGISTICS (FORMERLY ABBOTT LOGISTICS BV),"Lopinavir/Ritonavir 100/25mg [Aluvia], tablets, 60 Tabs",Uganda,Air,2014-04-25,0.046153846153846156,798,0,5940.0,Not computed
DN-3642,SCMS from RDC,"Lamivudine/Tenofovir Disoproxil Fumarate 300/300mg, tablets, 30 Tabs",Rwanda,Truck,2014-05-05,0.046153846153846156,799,0,336657.74000000005,Not computed
DN-3658,SCMS from RDC,"Lamivudine/Tenofovir Disoproxil Fumarate 300/300mg, tablets, 30 Tabs",Rwanda,Truck,2014-05-05,0.046153846153846156,800,0,452952.16,Not computed
DN-3648,SCMS from RDC,"Lamivudine/Tenofovir Disoproxil Fumarate 300/300mg, tablets, 30 Tabs",Zambia,Truck,2014-05-06,0.046153846153846156,801,0,899167.0399999999,Not computed
ASN-25539,"Trinity Biotech, Plc","HIV 1/2, Uni-Gold HIV Kit, 20 Tests",Lesotho,Air,2014-05-07,0.046153846153846156,802,0,80000.0,Not computed
ASN-24370,Aurobindo Pharma Limited,"Nevirapine 10mg/ml, oral suspension w/syringe, Bottle, 240 ml",Haiti,Ocean,2014-05-09,0.046153846153846156,803,0,3080.4,Not computed
ASN-24371,Aurobindo Pharma Limited,"Efavirenz 50mg, capsule, 30 Caps",Haiti,Ocean,2014-05-09,0.046153846153846156,804,0,4193.28,Not computed
DN-3616,SCMS from RDC,"Lamivudine 150mg, tablets, 60 Tabs",Zambia,Truck,2014-05-19,0.046153846153846156,805,0,23171.93,Not computed
ASN-24983,"Orgenics, Ltd","HIV 1/2, Determine Complete HIV Kit, 100 Tests",Tanzania,Air,2014-05-24,0.046153846153846156,806,0,28000.0,Not computed
ASN-25567,MYLAN LABORATORIES LTD (FORMERLY MATRIX LABORATORIES),"Lamivudine/Nevirapine/Zidovudine 30/50/60mg, dispersible tablets, 60 Tabs",Tanzania,Ocean,2014-05-27,0.046153846153846156,807,0,824900.0,Not computed
DN-3688,SCMS from RDC,"Efavirenz/Lamivudine/Tenofovir Disoproxil Fumarate 600/300/300mg, tablets, 30 Tabs",Tanzania,Truck,2014-06-01,0.046153846153846156,808,0,1590708.16,Not computed
ASN-25570,Aurobindo Pharma Limited,"Abacavir 20mg/ml, oral solution w/syringe, Bottle, 240 ml",Haiti,Air,2014-06-03,0.046153846153846156,809,0,3073.5,Not computed
DN-3637,SCMS from RDC,"Lamivudine/Zidovudine 30/60mg, tablets, 60 Tabs",Rwanda,Air,2014-06-04,0.046153846153846156,810,0,746.0,Not computed
ASN-25785,EMCURE PHARMACEUTICALS LTD,"Nevirapine 200mg, tablets, 60 Tabs",Vietnam,Air,2014-06-07,0.046153846153846156,811,0,16244.9,Not computed
ASN-25803,Aurobindo Pharma Limited,"Nevirapine 200mg, tablets, 60 Tabs",Vietnam,Air,2014-06-07,0.046153846153846156,812,0,16650.0,Not computed
ASN-25986,"Orgenics, Ltd","HIV 1/2, Determine Complete HIV Kit, 100 Tests",Cameroon,Air,2014-06-10,0.046153846153846156,813,0,400000.0,Not computed
ASN-25953,MICRO LABS LIMITED,"Nevirapine 200mg, tablets, 60 Tabs",Zimbabwe,Air Charter,2014-06-14,0.046153846153846156,814,0,114400.0,Not computed
ASN-26091,"CHEMBIO DIAGNOSTIC SYSTEMS, INC.","HIV 1/2, Stat-Pak Dipstick Assay Kit, 30 Tests",Uganda,Air,2014-06-14,0.046153846153846156,815,0,149702.4,Not computed
ASN-26338,Aurobindo Pharma Limited,"Didanosine 250mg, delayed-release capsules, 30 Caps",Côte d'Ivoire,Air,2014-06-20,0.046153846153846156,816,0,15160.0,Not computed
ASN-26329,BIO-RAD LABORATORIES (FRANCE),"HIV 1/2, Genie III Kit, 50 Tests",Uganda,Air,2014-06-26,0.046153846153846156,817,0,2982.0,Not computed
ASN-26424,"CHEMBIO DIAGNOSTIC SYSTEMS, INC.","HIV 1/2, Stat-Pak Dipstick Assay Kit, 30 Tests",Burundi,Air,2014-06-26,0.046153846153846156,818,0,14876.4,Not computed
DN-3624,SCMS from RDC,"Lamivudine/Tenofovir Disoproxil Fumarate 300/300mg, tablets, 30 Tabs",Mozambique,Truck,2014-06-30,0.046153846153846156,819,0,16280.8,Not computed
DN-3756,SCMS from RDC,"Lamivudine/Stavudine 150/30mg, tablets, 60 Tabs",Zambia,Truck,2014-06-30,0.046153846153846156,820,0,13027.68,Not computed
DN-3766,SCMS from RDC,"Lopinavir/Ritonavir 200/50mg [Aluvia], tablets, 120 Tabs",Uganda,Air,2014-06-30,0.046153846153846156,821,0,1587.6,Not computed
DN-3800,SCMS from RDC,"Abacavir/Lamivudine 600/300mg, tablets, 30 Tabs",Côte d'Ivoire,Truck,2014-06-30,0.046153846153846156,822,0,35152.0,Not computed
ASN-27044,S. BUYS WHOLESALER,"Ritonavir 100mg [Norvir], capsules, cool, 84 Caps",South Africa,Truck,2014-07-04,0.046153846153846156,823,0,19.05,Not computed
DN-3651,SCMS from RDC,"Lamivudine 150mg, tablets, 60 Tabs",Mozambique,Truck,2014-07-04,0.046153846153846156,824,0,765.6,Not computed
ASN-26559,Aurobindo Pharma Limited,"Abacavir 20mg/ml, oral solution, Bottle, 240 ml",Haiti,Air,2014-07-18,0.046153846153846156,825,0,5608.75,Not computed
ASN-26465,Aurobindo Pharma Limited,"Nevirapine 200mg, tablets, 60 Tabs",Zambia,Air,2014-07-20,0.046153846153846156,826,0,88047.0,Not computed
ASN-26466,Aurobindo Pharma Limited,"Nevirapine 200mg, tablets, 60 Tabs",Zambia,Air,2014-07-20,0.046153846153846156,827,0,88202.25,Not computed
ASN-26467,Aurobindo Pharma Limited,"Nevirapine 200mg, tablets, 60 Tabs",Zambia,Air,2014-07-20,0.046153846153846156,828,0,87612.75,Not computed
ASN-26468,Aurobindo Pharma Limited,"Nevirapine 200mg, tablets, 60 Tabs",Zambia,Air,2014-07-20,0.046153846153846156,829,0,96329.25,Not computed
ASN-27243,"CHEMBIO DIAGNOSTIC SYSTEMS, INC.","HIV 1/2, Stat-Pak HIV, Kit, 20 Tests",Ethiopia,Air,2014-07-29,0.046153846153846156,830,0,22067.5,Not computed
ASN-27095,MYLAN LABORATORIES LTD (FORMERLY MATRIX LABORATORIES),"Lamivudine/Zidovudine 30/60mg, tablets, 60 Tabs",Zimbabwe,Air,2014-07-30,0.046153846153846156,831,0,95772.73,Not computed
DN-3857,SCMS from RDC,"Lamivudine/Nevirapine/Zidovudine 30/50/60mg, dispersible tablets, 60 Tabs",Rwanda,Air,2014-07-30,0.046153846153846156,832,0,8527.5,Not computed
DN-3806,SCMS from RDC,"Efavirenz/Lamivudine/Tenofovir Disoproxil Fumarate 600/300/300mg, tablets, 30 Tabs",Zambia,Truck,2014-07-31,0.046153846153846156,833,0,686642.88,Not computed
DN-3860,SCMS from RDC,"Abacavir 300mg, tablets, 60 Tabs",Zambia,Truck,2014-07-31,0.046153846153846156,834,0,61001.36,Not computed
ASN-26456,CIPLA LIMITED,"Lamivudine/Nevirapine/Zidovudine 30/50/60mg, dispersible tablets, 60 Tabs",Haiti,Air,2014-08-01,0.046153846153846156,835,0,9338.4,Not computed
DN-3742,SCMS from RDC,"Lamivudine/Nevirapine/Stavudine 150/200/30mg, tablets, 60 Tabs",Mozambique,Truck,2014-08-15,0.046153846153846156,836,0,24071.04,Not computed
ASN-27131,ABBVIE LOGISTICS (FORMERLY ABBOTT LOGISTICS BV),"Lopinavir/Ritonavir 200/50mg [Aluvia], tablets, 120 Tabs",Vietnam,Air,2014-08-16,0.046153846153846156,837,0,316264.0,Not computed
ASN-27544,EMCURE PHARMACEUTICALS LTD,"Atazanavir 200mg, capsules, 60 Caps",Rwanda,Air,2014-08-22,0.046153846153846156,838,0,46563.0,Not computed
ASN-27004,HETERO LABS LIMITED,"Nevirapine 200mg, tablets, 60 Tabs",Haiti,Air,2014-08-25,0.046153846153846156,839,0,21909.0,Not computed
ASN-27005,MYLAN LABORATORIES LTD (FORMERLY MATRIX LABORATORIES),"Tenofovir Disoproxil Fumarate 300mg, tablets, 30 Tabs",Haiti,Air,2014-08-25,0.046153846153846156,840,0,232.0,Not computed
DN-3813,SCMS from RDC,"Lamivudine/Zidovudine 30/60mg, tablets, 60 Tabs",Tanzania,Truck,2014-08-29,0.046153846153846156,841,0,31121.61,Not computed
DN-3833,SCMS from RDC,"Lamivudine/Tenofovir Disoproxil Fumarate 300/300mg, tablets, 30 Tabs",Zambia,Truck,2014-08-29,0.046153846153846156,842,0,778222.1000000001,Not computed
DN-3888,SCMS from RDC,"Lamivudine/Tenofovir Disoproxil Fumarate 300/300mg, tablets, 30 Tabs",Zambia,Truck,2014-08-29,0.046153846153846156,843,0,82418.63,Not computed
DN-3842,SCMS from RDC,"Lamivudine/Zidovudine 150/300mg, tablets, 60 Tabs",South Sudan,Air,2014-09-01,0.046153846153846156,844,0,30463.34,Not computed
DN-3821,SCMS from RDC,"Lamivudine/Zidovudine 150/300mg, tablets, 60 Tabs",Zambia,Truck,2014-09-04,0.046153846153846156,845,0,240275.04,Not computed
DN-3838,SCMS from RDC,"Lamivudine/Zidovudine 150/300mg, tablets, 60 Tabs",Zambia,Truck,2014-09-04,0.046153846153846156,846,0,96709.8,Not computed
DN-3877,SCMS from RDC,"Lamivudine/Zidovudine 150/300mg, tablets, 60 Tabs",Zambia,Truck,2014-09-04,0.046153846153846156,847,0,316448.2,Not computed
ASN-27821,"Trinity Biotech, Plc","HIV 1/2, Uni-Gold HIV Kit, 20 Tests",Mozambique,Air,2014-09-08,0.046153846153846156,848,0,264352.0,Not computed
ASN-26692,ABBVIE LOGISTICS (FORMERLY ABBOTT LOGISTICS BV),"Lopinavir/Ritonavir 100/25mg [Aluvia], tablets, 60 Tabs",Haiti,Air,2014-09-09,0.046153846153846156,849,0,3088.8,Not computed
ASN-26572,"Orgenics, Ltd","HIV 1/2, Determine Complete HIV Kit, 100 Tests",Zambia,Air,2014-09-12,0.046153846153846156,850,0,480000.0,Not computed
ASN-27422,CIPLA LIMITED,"Zidovudine 10mg/ml, oral solution, Bottle, 240 ml",Haiti,Air,2014-09-12,0.046153846153846156,851,0,1825.2,Not computed
ASN-27423,CIPLA LIMITED,"Zidovudine 10mg/ml, oral solution, Bottle, 240 ml",Haiti,Air,2014-09-12,0.046153846153846156,852,0,1684.8,Not computed
DN-3892,SCMS from RDC,"Abacavir/Lamivudine 60/30mg, dispersible tablets, 60 Tabs",Ethiopia,Air,2014-09-15,0.046153846153846156,853,0,2415.27,Not computed
DN-3902,SCMS from RDC,"Zidovudine 10mg/ml, oral solution w/syringe, Bottle, 240 ml",Rwanda,Air,2014-09-15,0.046153846153846156,854,0,4462.5,Not computed
ASN-28008,"Orgenics, Ltd","HIV 1/2, Determine Complete HIV Kit, 100 Tests",Guyana,Air,2014-09-24,0.046153846153846156,855,0,60500.0,Not computed
DN-3915,SCMS from RDC,"Efavirenz 200mg, scored tablets, 90 Tabs",Nigeria,Air Charter,2014-09-30,0.046153846153846156,856,0,5905.5,Not computed
DN-3936,SCMS from RDC,"Abacavir/Lamivudine 600/300mg, tablets, 30 Tabs",Uganda,Air,2014-09-30,0.046153846153846156,857,0,49690.96,Not computed
DN-3938,SCMS from RDC,"Lamivudine/Zidovudine 150/300mg, tablets, 60 Tabs",Guyana,Air,2014-09-30,0.046153846153846156,858,0,1504.8,Not computed
DN-3891,SCMS from RDC,"Efavirenz/Lamivudine/Tenofovir Disoproxil Fumarate 600/300/300mg, tablets, 30 Tabs",South Sudan,Air,2014-10-02,0.046153846153846156,859,0,98102.4,Not computed
ASN-28629,PHARMACY DIRECT,"Etravirine 100mg [Intelence], tablets, 120 Tabs",South Africa,Truck,2014-10-03,0.046153846153846156,860,0,7741.28,Not computed
ASN-28293,ABBVIE LOGISTICS (FORMERLY ABBOTT LOGISTICS BV),"Lopinavir/Ritonavir 80/20mg/ml [Kaletra], oral solution, cool, Bottle 5 x 60 ml",Zimbabwe,Air,2014-10-09,0.046153846153846156,861,0,116931.08,Not computed
ASN-27793,CIPLA LIMITED,"Lamivudine/Nevirapine/Zidovudine 30/50/60mg, dispersible tablets, 60 Tabs",Haiti,Air,2014-10-14,0.046153846153846156,862,0,6933.6,Not computed
ASN-27794,CIPLA LIMITED,"Lamivudine/Zidovudine 30/60mg, dispersible tablets, 60 Tabs",Haiti,Air,2014-10-14,0.046153846153846156,863,0,6336.16,Not computed
ASN-27796,CIPLA LIMITED,"Lamivudine/Nevirapine/Zidovudine 150/200/300mg, tablets, 60 Tabs",Haiti,Air,2014-10-14,0.046153846153846156,864,0,160663.5,Not computed
DN-3948,SCMS from RDC,"Abacavir/Lamivudine 60/30mg, dispersible tablets, 60 Tabs",Rwanda,Air,2014-10-15,0.046153846153846156,865,0,45570.77,Not computed
ASN-26826,Aurobindo Pharma Limited,"Nevirapine 10mg/ml, oral suspension w/syringe, Bottle, 240 ml",Haiti,Ocean,2014-10-20,0.046153846153846156,866,0,1955.45,Not computed
ASN-26906,Aurobindo Pharma Limited,"Nevirapine 10mg/ml, oral suspension, Bottle, 240 ml",Haiti,Ocean,2014-10-20,0.046153846153846156,867,0,7342.5,Not computed
ASN-27659,Aurobindo Pharma Limited,"Zidovudine 10mg/ml, oral solution, Bottle, 240 ml",Haiti,Ocean,2014-10-28,0.046153846153846156,868,0,6439.5,Not computed
DN-3929,SCMS from RDC,"Lamivudine/Zidovudine 30/60mg, dispersible tablets, 60 Tabs",Tanzania,Truck,2014-10-30,0.046153846153846156,869,0,38657.0,Not computed
DN-3851,SCMS from RDC,"Abacavir/Lamivudine 600/300mg, tablets, 30 Tabs",Côte d'Ivoire,Truck,2014-10-31,0.046153846153846156,870,0,37261.12,Not computed
DN-3916,SCMS from RDC,"Efavirenz 600mg, tablets, 30 Tabs",Nigeria,Air Charter,2014-10-31,0.046153846153846156,871,0,39293.61,Not computed
DN-3950,SCMS from RDC,"Lamivudine/Zidovudine 150/300mg, tablets, 60 Tabs",Zambia,Truck,2014-10-31,0.046153846153846156,872,0,527432.4,Not computed
DN-3978,SCMS from RDC,"Lamivudine/Tenofovir Disoproxil Fumarate 300/300mg, tablets, 30 Tabs",Zambia,Truck,2014-10-31,0.046153846153846156,873,0,93910.74,Not computed
DN-3995,SCMS from RDC,"Lamivudine/Zidovudine 150/300mg, tablets, 60 Tabs",Nigeria,Air Charter,2014-10-31,0.046153846153846156,874,0,500944.64,Not computed
ASN-28998,Orasure Technologies Inc.,"HIV 1/2, OraQuick Advance HIV Rapid Antibody Kit, 100 Tests",Cameroon,Air,2014-11-03,0.046153846153846156,875,0,10500.0,Not computed
ASN-29074,ABBVIE LOGISTICS (FORMERLY ABBOTT LOGISTICS BV),"Lopinavir/Ritonavir 80/20mg/ml [Kaletra], oral solution, cool, Bottle 5 x 60 ml",Côte d'Ivoire,Air,2014-11-03,0.046153846153846156,876,0,15410.0,Not computed
DN-3926,SCMS from RDC,"Abacavir 300mg, tablets, 60 Tabs",Tanzania,Truck,2014-11-03,0.046153846153846156,877,0,27726.87,Not computed
ASN-28234,ABBVIE LOGISTICS (FORMERLY ABBOTT LOGISTICS BV),"Lopinavir/Ritonavir 80/20mg/ml [Kaletra], oral solution, cool, Bottle 5 x 60 ml",Guyana,Air,2014-11-05,0.046153846153846156,878,0,729.84,Not computed
ASN-28715,MYLAN LABORATORIES LTD (FORMERLY MATRIX LABORATORIES),"Efavirenz/Lamivudine/Tenofovir Disoproxil Fumarate 600/300/300mg, tablets, 30 Tabs",Ghana,Air,2014-11-21,0.046153846153846156,879,0,412770.42,Not computed
DN-3964,SCMS from RDC,"Lamivudine/Zidovudine 30/60mg, dispersible tablets, 60 Tabs",Tanzania,Truck,2014-11-28,0.046153846153846156,880,0,73904.1,Not computed
DN-4000,SCMS from RDC,"Zidovudine 300mg, tablets, 60 Tabs",Nigeria,Air Charter,2014-11-28,0.046153846153846156,881,0,41393.0,Not computed
DN-3999,SCMS from RDC,"Lamivudine/Nevirapine/Zidovudine 150/200/300mg, tablets, 60 Tabs",Nigeria,Air Charter,2014-11-30,0.046153846153846156,882,0,1178439.77,Not computed
ASN-29764,S. BUYS WHOLESALER,"Nevirapine 200mg, tablets, 60 Tabs",South Africa,Truck,2014-12-10,0.046153846153846156,883,0,45176.32,Not computed
ASN-28024,Aurobindo Pharma Limited,"Didanosine 200mg, delayed-release capsules, 30 Caps","Congo, DRC",Air,2014-12-19,0.046153846153846156,884,0,6050.0,Not computed
DN-3814,SCMS from RDC,"Abacavir 20mg/ml, oral solution w/syringe, Bottle, 240 ml",Rwanda,Truck,2014-12-31,0.046153846153846156,885,0,6800.0,Not computed
DN-3818,SCMS from RDC,"Lamivudine/Nevirapine/Stavudine 150/200/30mg, tablets, 60 Tabs",Mozambique,Truck,2014-12-31,0.046153846153846156,886,0,24917.76,Not computed
DN-3977,SCMS from RDC,"Lopinavir/Ritonavir 200/50mg, tablets, 120 Tabs",Guyana,Air,2014-12-31,0.046153846153846156,887,0,35761.54,Not computed
DN-3979,SCMS from RDC,"Zidovudine 300mg, tablets, 60 Tabs",Zambia,Truck,2014-12-31,0.046153846153846156,888,0,74439.87,Not computed
ASN-29540,ABBVIE LOGISTICS (FORMERLY ABBOTT LOGISTICS BV),"Lopinavir/Ritonavir 100/25mg [Aluvia], tablets, 60 Tabs",Zimbabwe,Air,2015-01-12,0.046153846153846156,889,0,54962.82,Not computed
ASN-29854,"Trinity Biotech, Plc","HIV 1/2, Uni-Gold HIV Kit, 20 Tests",Mozambique,Air,2015-01-13,0.046153846153846156,890,0,864.0,Not computed
ASN-29891,Aurobindo Pharma Limited,"Lopinavir/Ritonavir 100/25mg, tablets, 60 Tabs",Rwanda,Air,2015-01-15,0.046153846153846156,891,0,12799.68,Not computed
ASN-29892,Aurobindo Pharma Limited,"Lopinavir/Ritonavir 100/25mg, tablets, 60 Tabs",Rwanda,Air,2015-01-15,0.046153846153846156,892,0,4880.28,Not computed
ASN-29640,STRIDES ARCOLAB LIMITED,"Efavirenz 200mg, capsule, 90 Caps",Haiti,Air,2015-01-20,0.046153846153846156,893,0,22692.0,Not computed
DN-4053,SCMS from RDC,"Abacavir/Lamivudine 600/300mg, tablets, 30 Tabs",Nigeria,Air Charter,2015-01-26,0.046153846153846156,894,0,7544.16,Not computed
DN-4009,SCMS from RDC,"Lamivudine/Nevirapine/Zidovudine 150/200/300mg, tablets, 60 Tabs",Rwanda,Truck,2015-01-30,0.046153846153846156,895,0,113629.21,Not computed
DN-4018,SCMS from RDC,"Zidovudine 300mg, tablets, 60 Tabs",Zambia,Truck,2015-01-30,0.046153846153846156,896,0,29045.5,Not computed
DN-4045,SCMS from RDC,"Lamivudine/Tenofovir Disoproxil Fumarate 300/300mg, tablets, 30 Tabs",Zambia,Truck,2015-01-30,0.046153846153846156,897,0,85225.14,Not computed
DN-4093,SCMS from RDC,"Lamivudine/Tenofovir Disoproxil Fumarate 300/300mg, tablets, 30 Tabs",Côte d'Ivoire,Truck,2015-01-30,0.046153846153846156,898,0,92600.0,Not computed
DN-4094,SCMS from RDC,"Lamivudine/Tenofovir Disoproxil Fumarate 300/300mg, tablets, 30 Tabs",Côte d'Ivoire,Truck,2015-02-16,0.046153846153846156,899,0,138900.0,Not computed
DN-4114,SCMS from RDC,"Efavirenz 200mg, capsule, 90 Caps",Zimbabwe,Truck,2015-02-16,0.046153846153846156,900,0,17542.98,Not computed
ASN-30019,"Orgenics, Ltd","HIV 1/2, Determine Complete HIV Kit, 100 Tests",Côte d'Ivoire,Air,2015-02-18,0.046153846153846156,901,0,520000.0,Not computed
ASN-30792,PHARMACY DIRECT,"Abacavir 300mg, tablets, 60 Tabs",South Africa,Truck,2015-02-19,0.046153846153846156,902,0,1530.39,Not computed
ASN-30327,HETERO LABS LIMITED,"Tenofovir Disoproxil Fumarate 300mg, tablets, 30 Tabs",Haiti,Air,2015-02-24,0.046153846153846156,903,0,1363.2,Not computed
ASN-30383,"Orgenics, Ltd","HIV 1/2, Determine Complete HIV Kit, 100 Tests",Rwanda,Air,2015-02-25,0.046153846153846156,904,0,91520.0,Not computed
ASN-30492,"Orgenics, Ltd","HIV 1/2, Determine Complete HIV Kit, 100 Tests",Uganda,Air,2015-02-27,0.046153846153846156,905,0,389760.0,Not computed
DN-4088,SCMS from RDC,"Nevirapine 200mg, tablets, 60 Tabs",Rwanda,Truck,2015-02-27,0.046153846153846156,906,0,347107.02,Not computed
DN-4101,SCMS from RDC,"Lamivudine/Tenofovir Disoproxil Fumarate 300/300mg, tablets, 30 Tabs",Uganda,Truck,2015-02-27,0.046153846153846156,907,0,133791.72,Not computed
DN-4125,SCMS from RDC,"Efavirenz 200mg, scored tablets, 90 Tabs",Rwanda,Truck,2015-02-27,0.046153846153846156,908,0,18795.3,Not computed
DN-4144,SCMS from RDC,"Lamivudine/Tenofovir Disoproxil Fumarate 300/300mg, tablets, 30 Tabs",Burundi,Air,2015-02-27,0.046153846153846156,909,0,114104.35,Not computed
DN-4132,SCMS from RDC,"Lamivudine/Tenofovir Disoproxil Fumarate 300/300mg, tablets, 30 Tabs",Nigeria,Air Charter,2015-03-02,0.046153846153846156,910,0,443570.08,Not computed
ASN-29093,"Orgenics, Ltd","HIV 1/2, Determine Complete HIV Kit, 100 Tests",Zambia,Air,2015-03-11,0.046153846153846156,911,0,505760.0,Not computed
ASN-29094,"Orgenics, Ltd","HIV 1/2, Determine Complete HIV Kit, 100 Tests",Zambia,Air,2015-03-11,0.046153846153846156,912,0,505120.0,Not computed
DN-4158,SCMS from RDC,"Lamivudine/Zidovudine 150/300mg, tablets, 60 Tabs",Zimbabwe,Truck,2015-03-16,0.046153846153846156,913,0,130400.0,Not computed
DN-4051,SCMS from RDC,"Lamivudine/Nevirapine/Stavudine 150/200/30mg, tablets, 60 Tabs",Mozambique,Truck,2015-03-23,0.046153846153846156,914,0,202875.84,Not computed
ASN-30812,HETERO LABS LIMITED,"Lamivudine 150mg, tablets, 60 Tabs",Haiti,Air,2015-03-26,0.046153846153846156,915,0,6480.0,Not computed
ASN-30674,ABBVIE LOGISTICS (FORMERLY ABBOTT LOGISTICS BV),"Lopinavir/Ritonavir 200/50mg [Aluvia], tablets, 120 Tabs",Vietnam,Air,2015-03-31,0.046153846153846156,916,0,560504.72,Not computed
DN-4149,SCMS from RDC,"Lamivudine/Tenofovir Disoproxil Fumarate 300/300mg, tablets, 30 Tabs",Rwanda,Truck,2015-03-31,0.046153846153846156,917,0,175471.99,Not computed
DN-4163,SCMS from RDC,"Lamivudine/Tenofovir Disoproxil Fumarate 300/300mg, tablets, 30 Tabs",Uganda,Truck,2015-03-31,0.046153846153846156,918,0,125605.35,Not computed
ASN-31045,ABBVIE LOGISTICS (FORMERLY ABBOTT LOGISTICS BV),"Lopinavir/Ritonavir 80/20mg/ml [Kaletra], oral solution, cool, Bottle 5 x 60 ml",Rwanda,Air,2015-04-02,0.046153846153846156,919,0,7766.64,Not computed
ASN-31155,Aurobindo Pharma Limited,"Lopinavir/Ritonavir 100/25mg, tablets, 60 Tabs",Uganda,Air,2015-04-08,0.046153846153846156,920,0,18773.4,Not computed
ASN-31156,Aurobindo Pharma Limited,"Lopinavir/Ritonavir 100/25mg, tablets, 60 Tabs",Uganda,Air,2015-04-08,0.046153846153846156,921,0,34170.0,Not computed
ASN-31157,Aurobindo Pharma Limited,"Lopinavir/Ritonavir 100/25mg, tablets, 60 Tabs",Uganda,Air,2015-04-08,0.046153846153846156,922,0,12542.4,Not computed
ASN-31187,EMCURE PHARMACEUTICALS LTD,"Atazanavir/Ritonavir 300/100mg, tablets, 30 Tabs",Uganda,Air,2015-04-08,0.046153846153846156,923,0,31968.0,Not computed
ASN-30463,HETERO LABS LIMITED,"Lamivudine/Tenofovir Disoproxil Fumarate 300/300mg, tablets, 30 Tabs",Haiti,Ocean,2015-04-09,0.046153846153846156,924,0,1107149.43,Not computed
ASN-30880,"CHEMBIO DIAGNOSTIC SYSTEMS, INC.","HIV 1/2, Stat-Pak HIV, Kit, 20 Tests",Côte d'Ivoire,Air,2015-04-09,0.046153846153846156,925,0,74400.0,Not computed
ASN-30907,"CHEMBIO DIAGNOSTIC SYSTEMS, INC.","HIV 1/2, Stat-Pak HIV, Kit, 20 Tests",Côte d'Ivoire,Air,2015-04-09,0.046153846153846156,926,0,38130.0,Not computed
ASN-30499,MYLAN LABORATORIES LTD (FORMERLY MATRIX LABORATORIES),"Lamivudine/Zidovudine 30/60mg, dispersible tablets, 60 Tabs",Ghana,Air,2015-04-10,0.046153846153846156,927,0,44894.4,Not computed
ASN-31318,"Trinity Biotech, Plc","HIV 1/2, Uni-Gold HIV Kit, 20 Tests",Nigeria,Air,2015-04-15,0.046153846153846156,928,0,214528.0,Not computed
ASN-31141,ABBVIE LOGISTICS (FORMERLY ABBOTT LOGISTICS BV),"Lopinavir/Ritonavir 80/20mg/ml [Kaletra], oral solution, cool, Bottle 5 x 60 ml",Haiti,Air,2015-04-24,0.046153846153846156,929,0,18800.2,Not computed
DN-4176,SCMS from RDC,"Tenofovir Disoproxil Fumarate 300mg, tablets, 30 Tabs",Rwanda,Air,2015-04-24,0.046153846153846156,930,0,710.0,Not computed
ASN-31638,ABBVIE LOGISTICS (FORMERLY ABBOTT LOGISTICS BV),"Lopinavir/Ritonavir 80/20mg/ml [Kaletra], oral solution, cool, Bottle 5 x 60 ml",Zambia,Air,2015-04-25,0.046153846153846156,931,0,69807.3,Not computed
ASN-31720,"CHEMBIO DIAGNOSTIC SYSTEMS, INC.","HIV 1/2, Stat-Pak HIV, Kit, 20 Tests",Ethiopia,Air,2015-04-27,0.046153846153846156,932,0,11700.0,Not computed
ASN-31704,"CHEMBIO DIAGNOSTIC SYSTEMS, INC.","HIV 1/2, Stat-Pak HIV, Kit, 20 Tests",Uganda,Air,2015-04-28,0.046153846153846156,933,0,192200.0,Not computed
ASN-31768,"CHEMBIO DIAGNOSTIC SYSTEMS, INC.","HIV 1/2, Stat-Pak HIV, Kit, 20 Tests",Nigeria,Air,2015-04-30,0.046153846153846156,934,0,51840.0,Not computed
DN-4213,SCMS from RDC,"Abacavir/Lamivudine 600/300mg, tablets, 30 Tabs",Rwanda,Truck,2015-04-30,0.046153846153846156,935,0,668901.05,Not computed
ASN-31603,EMCURE PHARMACEUTICALS LTD,"Atazanavir/Ritonavir 300/100mg, tablets, 30 Tabs",Rwanda,Air,2015-05-04,0.046153846153846156,936,0,248814.0,Not computed
ASN-31572,Aurobindo Pharma Limited,"Lamivudine/Nevirapine/Zidovudine 150/200/300mg, tablets, 60 Tabs",Haiti,Air,2015-05-11,0.046153846153846156,937,0,332111.99,Not computed
ASN-31164,"Orgenics, Ltd","HIV 1/2, Determine Complete HIV Kit, 100 Tests",Zambia,Air,2015-05-12,0.046153846153846156,938,0,502400.0,Not computed
ASN-31165,"Orgenics, Ltd","HIV 1/2, Determine Complete HIV Kit, 100 Tests",Zambia,Air,2015-05-12,0.046153846153846156,939,0,443040.0,Not computed
ASN-31132,"Orgenics, Ltd","HIV 1/2, Determine Complete HIV Kit, 100 Tests",Zimbabwe,Air,2015-05-14,0.046153846153846156,940,0,177500.0,Not computed
ASN-31929,"Trinity Biotech, Plc","HIV 1/2, Uni-Gold HIV Kit, 20 Tests",Sierra Leone,Air,2015-05-20,0.046153846153846156,941,0,12800.0,Not computed
ASN-31105,CIPLA LIMITED,"Efavirenz 600mg, tablets, 30 Tabs",Haiti,Ocean,2015-05-25,0.046153846153846156,942,0,140321.16,Not computed
ASN-31106,CIPLA LIMITED,"Efavirenz 600mg, tablets, 30 Tabs",Haiti,Ocean,2015-05-25,0.046153846153846156,943,0,68697.72,Not computed
ASN-32047,EMCURE PHARMACEUTICALS LTD,"Atazanavir/Ritonavir 300/100mg, tablets, 30 Tabs",Uganda,Air,2015-05-26,0.046153846153846156,944,0,18000.0,Not computed
ASN-32156,EMCURE PHARMACEUTICALS LTD,"Atazanavir/Ritonavir 300/100mg, tablets, 30 Tabs",Rwanda,Air,2015-05-27,0.046153846153846156,945,0,144000.0,Not computed
ASN-32057,EMCURE PHARMACEUTICALS LTD,"Atazanavir/Ritonavir 300/100mg, tablets, 30 Tabs",Haiti,Air,2015-05-28,0.046153846153846156,946,0,18000.0,Not computed
DN-4236,SCMS from RDC,"Lamivudine/Tenofovir Disoproxil Fumarate 300/300mg, tablets, 30 Tabs",Mozambique,Truck,2015-05-29,0.046153846153846156,947,0,73467.54,Not computed
DN-4256,SCMS from RDC,"Nevirapine 200mg, tablets, 60 Tabs",Zambia,Truck,2015-05-29,0.046153846153846156,948,0,8558.68,Not computed
ASN-32010,ABBVIE LOGISTICS (FORMERLY ABBOTT LOGISTICS BV),"Lopinavir/Ritonavir 80/20mg/ml [Kaletra], oral solution, cool, Bottle 5 x 60 ml",Nigeria,Air,2015-06-02,0.046153846153846156,949,0,24316.98,Not computed
ASN-32118,EMCURE PHARMACEUTICALS LTD,"Atazanavir/Ritonavir 300/100mg, tablets, 30 Tabs",Nigeria,Air,2015-06-02,0.046153846153846156,950,0,192906.0,Not computed
ASN-31321,"Orgenics, Ltd","HIV 1/2, Determine Complete HIV Kit, 100 Tests",South Sudan,Air,2015-06-03,0.046153846153846156,951,0,8595.0,Not computed
ASN-31323,"Orgenics, Ltd","HIV 1/2, Determine Complete HIV Kit, 100 Tests",South Sudan,Air,2015-06-03,0.046153846153846156,952,0,6490.0,Not computed
ASN-31331,"Orgenics, Ltd","HIV 1/2, Determine Complete HIV Kit, 100 Tests",South Sudan,Air,2015-06-03,0.046153846153846156,953,0,9550.0,Not computed
ASN-32234,"Trinity Biotech, Plc","HIV 1/2, Uni-Gold HIV Kit, 20 Tests",Nigeria,Air,2015-06-12,0.046153846153846156,954,0,399520.0,Not computed
ASN-32534,EMCURE PHARMACEUTICALS LTD,"Atazanavir/Ritonavir 300/100mg, tablets, 30 Tabs",Uganda,Air,2015-06-15,0.046153846153846156,955,0,166230.0,Not computed
ASN-31730,HETERO LABS LIMITED,"Emtricitabine/Tenofovir Disoproxil Fumarate 200/300mg, tablets, 30 Tabs",Guyana,Air,2015-06-16,0.046153846153846156,956,0,20766.85,Not computed
ASN-32540,HETERO LABS LIMITED,"Lamivudine 300mg, tablets, 30 Tabs",Cameroon,Air,2015-06-16,0.046153846153846156,957,0,2160.0,Not computed
DN-4211,SCMS from RDC,"Lamivudine/Tenofovir Disoproxil Fumarate 300/300mg, tablets, 30 Tabs",Côte d'Ivoire,Truck,2015-06-19,0.046153846153846156,958,0,37867.5,Not computed
DN-4230,SCMS from RDC,"Lamivudine/Nevirapine/Zidovudine 30/50/60mg, dispersible tablets, 60 Tabs",Nigeria,Air Charter,2015-06-30,0.046153846153846156,959,0,3283.2,Not computed
ASN-32716,ABBVIE LOGISTICS (FORMERLY ABBOTT LOGISTICS BV),"Lopinavir/Ritonavir 100/25mg [Aluvia], tablets, 60 Tabs",Haiti,Air,2015-07-07,0.046153846153846156,960,0,127763.68,Not computed
DN-4283,SCMS from RDC,"Lamivudine/Nevirapine/Zidovudine 150/200/300mg, tablets, 60 Tabs","Congo, DRC",Air,2015-07-08,0.046153846153846156,961,0,689092.0,Not computed
ASN-33116,MYLAN LABORATORIES LTD (FORMERLY MATRIX LABORATORIES),"Atazanavir/Ritonavir 300/100mg, tablets, 30 Tabs",Cameroon,Air,2015-07-18,0.046153846153846156,962,0,138606.0,Not computed
ASN-32854,EMCURE PHARMACEUTICALS LTD,"Atazanavir/Ritonavir 300/100mg, tablets, 30 Tabs",Haiti,Air,2015-07-21,0.046153846153846156,963,0,144000.0,Not computed
ASN-32231,"Orgenics, Ltd","HIV 1/2, Determine Complete HIV Kit, 100 Tests","Congo, DRC",Air,2015-07-23,0.046153846153846156,964,0,260720.0,Not computed
ASN-33189,Orasure Technologies Inc.,"HIV 1/2, OraQuick Advance HIV Rapid Antibody Kit, 100 Tests",Cameroon,Air,2015-07-23,0.046153846153846156,965,0,8750.0,Not computed
ASN-33470,PHARMACY DIRECT,"Emtricitabine/Tenofovir Disoproxil Fumarate 200/300mg, tablets, 30 Tabs",South Africa,Truck,2015-07-24,0.046153846153846156,966,0,5868.610000000001,Not computed
ASN-33477,PHARMACY DIRECT,"Didanosine 250mg, delayed-release capsules, 30 Caps",South Africa,Truck,2015-07-24,0.046153846153846156,967,0,4365.38,Not computed
DN-4287,SCMS from RDC,"Efavirenz/Lamivudine/Tenofovir Disoproxil Fumarate 600/300/300mg, tablets, 30 Tabs",South Sudan,Air,2015-07-28,0.046153846153846156,968,0,541440.0,Not computed
DN-4310,SCMS from RDC,"Lamivudine/Zidovudine 150/300mg, tablets, 60 Tabs",Uganda,Truck,2015-07-31,0.046153846153846156,969,0,1543196.07,Not computed
DN-4313,SCMS from RDC,"Lamivudine/Tenofovir Disoproxil Fumarate 300/300mg, tablets, 30 Tabs",Côte d'Ivoire,Truck,2015-07-31,0.046153846153846156,970,0,291985.0,Not computed
ASN-33458,ABBVIE LOGISTICS (FORMERLY ABBOTT LOGISTICS BV),"Ritonavir 100mg [Norvir], film coated tablets, 60 Tabs",Burkina Faso,Air,2015-08-04,0.046153846153846156,971,0,171.25,Not computed
ASN-33362,"Orgenics, Ltd","HIV 1/2, Determine Complete HIV Kit, 100 Tests",Zambia,Air,2015-08-06,0.046153846153846156,972,0,42400.0,Not computed
ASN-33289,HETERO LABS LIMITED,"Lamivudine 10mg/ml, oral solution, Bottle, 240 ml",Haiti,Air,2015-08-10,0.046153846153846156,973,0,3506.76,Not computed
DN-4315,SCMS from RDC,"Efavirenz/Lamivudine/Tenofovir Disoproxil Fumarate 600/300/300mg, tablets, 30 Tabs",Zambia,Truck,2015-08-15,0.046153846153846156,974,0,2162216.85,Not computed
DN-4328,SCMS from RDC,"Abacavir 300mg, tablets, 60 Tabs",Zambia,Truck,2015-08-17,0.046153846153846156,975,0,1109000.0,Not computed
DN-4323,SCMS from RDC,"Tenofovir Disoproxil Fumarate 300mg, tablets, 30 Tabs",Rwanda,Air,2015-08-18,0.046153846153846156,976,0,1366.75,Not computed
DN-4327,SCMS from RDC,"Lamivudine/Nevirapine/Zidovudine 150/200/300mg, tablets, 60 Tabs",Rwanda,Air,2015-08-18,0.046153846153846156,977,0,84968.47,Not computed
ASN-33357,"Orgenics, Ltd","HIV 1/2, Determine Complete HIV Kit, 100 Tests",Tanzania,Air,2015-08-24,0.046153846153846156,978,0,152000.0,Not computed
ASN-33851,PHARMACY DIRECT,"Efavirenz 600mg, tablets, 30 Tabs",South Africa,Truck,2015-08-24,0.046153846153846156,979,0,9655.55,Not computed
ASN-33852,PHARMACY DIRECT,"Didanosine 250mg, delayed-release capsules, 30 Caps",South Africa,Truck,2015-08-24,0.046153846153846156,980,0,9314.46,Not computed
ASN-33568,"Orgenics, Ltd","HIV 1/2, Determine Complete HIV Kit, 100 Tests",Guyana,Air,2015-08-28,0.046153846153846156,981,0,30500.0,Not computed
ASN-33764,CIPLA LIMITED,"Abacavir 60mg, dispersible tablets, 60 Tabs",Nigeria,Air,2015-08-31,0.046153846153846156,982,0,3600.0,Not computed
DN-4347,SCMS from RDC,"Lamivudine/Nevirapine/Zidovudine 30/50/60mg, dispersible tablets, 60 Tabs",Rwanda,Air,2015-09-08,0.046153846153846156,983,0,12098.4,Not computed
DN-4334,SCMS from RDC,"Lamivudine/Zidovudine 150/300mg, tablets, 60 Tabs",Zimbabwe,Truck,2015-09-09,0.046153846153846156,984,0,113871.8,Not computed
DN-4330,SCMS from RDC,"Abacavir/Lamivudine 60/30mg, dispersible tablets, 60 Tabs",Rwanda,Air,2015-09-30,0.046153846153846156,985,0,145685.98,Not computed
DN-4335,SCMS from RDC,"Efavirenz 200mg, scored tablets, 90 Tabs",Zimbabwe,Truck,2015-12-31,0.046153846153846156,986,0,13782.6,Not computed
ASN-27581,HETERO LABS LIMITED,"Lamivudine/Tenofovir Disoproxil Fumarate 300/300mg, tablets, 30 Tabs",Zimbabwe,Air Charter,2014-09-17,0.017567366248575682,987,0,217768.32,Not computed
ASN-23138,ABBVIE LOGISTICS (FORMERLY ABBOTT LOGISTICS BV),"Ritonavir 100mg [Norvir], film coated tablets, 30 Tabs",Vietnam,Air,2014-01-06,0.0,988,0,1884.06,Not computed
ASN-23139,ABBVIE LOGISTICS (FORMERLY ABBOTT LOGISTICS BV),"Lopinavir/Ritonavir 200/50mg [Aluvia], tablets, 120 Tabs",Vietnam,Air,2014-01-06,0.0,989,0,245287.06,Not computed
ASN-23208,HETERO LABS LIMITED,"Tenofovir Disoproxil Fumarate 300mg, tablets, 30 Tabs",Vietnam,Air,2014-01-07,0.0,990,0,47239.85,Not computed
ASN-23174,HETERO LABS LIMITED,"Tenofovir Disoproxil Fumarate 300mg, tablets, 30 Tabs",Vietnam,Air,2014-01-08,0.0,991,0,45060.15,Not computed
ASN-23182,ABBVIE LOGISTICS (FORMERLY ABBOTT LOGISTICS BV),"Ritonavir 100mg [Norvir], film coated tablets, 30 Tabs",Vietnam,Air,2014-01-08,0.0,992,0,437234.88,Not computed
ASN-23215,MYLAN LABORATORIES LTD (FORMERLY MATRIX LABORATORIES),"Lamivudine/Zidovudine 150/300mg, tablets, 60 Tabs",Vietnam,Air,2014-01-09,0.0,993,0,74871.0,Not computed
ASN-23661,"Trinity Biotech, Plc","HIV 1/2, Uni-Gold HIV Kit, 20 Tests",Ethiopia,Air,2014-01-14,0.0,994,0,352.0,Not computed
ASN-23076,MYLAN LABORATORIES LTD (FORMERLY MATRIX LABORATORIES),"Atazanavir/Ritonavir 300/100mg, tablets, 30 Tabs",Uganda,Air,2014-01-15,0.0,995,0,120000.0,Not computed
ASN-23668,HETERO LABS LIMITED,"Efavirenz 600mg, tablets, 30 Tabs",Vietnam,Air,2014-01-21,0.0,996,0,37315.08,Not computed
ASN-23622,Aurobindo Pharma Limited,"Lamivudine/Nevirapine/Zidovudine 150/200/300mg, tablets, 60 Tabs",Vietnam,Air,2014-01-22,0.0,997,0,216773.7,Not computed
ASN-23667,HETERO LABS LIMITED,"Efavirenz 600mg, tablets, 30 Tabs",Vietnam,Air,2014-01-22,0.0,998,0,3184.92,Not computed
ASN-24026,MYLAN LABORATORIES LTD (FORMERLY MATRIX LABORATORIES),"Abacavir/Lamivudine 600/300mg, tablets, 30 Tabs",Uganda,Air,2014-01-22,0.0,999,0,110820.35,Not computed
ASN-22712,MYLAN LABORATORIES LTD (FORMERLY MATRIX LABORATORIES),"Atazanavir/Ritonavir 300/100mg, tablets, 30 Tabs",Haiti,Air,2014-01-24,0.0,1000,0,178100.0,Not computed
ASN-22749,"Orgenics, Ltd","Capillary Tubes, for Determine, EDTA, 50uL,100 Pcs",South Sudan,Air,2014-01-24,0.0,1001,0,32870.0,Not computed
ASN-23812,ABBVIE LOGISTICS (FORMERLY ABBOTT LOGISTICS BV),"Lopinavir/Ritonavir 80/20mg/ml [Kaletra], oral solution, cool, Bottle 5 x 60 ml",Côte d'Ivoire,Air,2014-01-24,0.0,1002,0,10478.8,Not computed
ASN-23213,MYLAN LABORATORIES LTD (FORMERLY MATRIX LABORATORIES),"Abacavir 300mg, tablets, 60 Tabs",Tanzania,Air,2014-01-28,0.0,1003,0,223800.0,Not computed
ASN-23656,MYLAN LABORATORIES LTD (FORMERLY MATRIX LABORATORIES),"Abacavir/Lamivudine 600/300mg, tablets, 30 Tabs",Rwanda,Air,2014-01-31,0.0,1004,0,549110.45,Not computed
ASN-23834,"CHEMBIO DIAGNOSTIC SYSTEMS, INC.","HIV 1/2, Stat-Pak HIV, Kit, 20 Tests",Côte d'Ivoire,Air,2014-01-31,0.0,1005,0,55100.0,Not computed
ASN-23979,"Standard Diagnostics, Inc.","HIV 1/2, Bioline 3.0 Kit, Lancets, Capillary pipets, Alcohol swabs included, 25 Tests",Côte d'Ivoire,Air,2014-01-31,0.0,1006,0,49200.0,Not computed
ASN-24162,"CHEMBIO DIAGNOSTIC SYSTEMS, INC.","HIV 1/2, Stat-Pak HIV, Kit, 20 Tests",Nigeria,Air,2014-02-06,0.0,1007,0,111584.0,Not computed
ASN-24415,S. BUYS WHOLESALER,"Nevirapine 200mg, tablets, 60 Tabs",South Africa,Truck,2014-02-06,0.0,1008,0,278842.32,Not computed
ASN-23390,ABBVIE LOGISTICS (FORMERLY ABBOTT LOGISTICS BV),"Lopinavir/Ritonavir 80/20mg/ml [Kaletra], oral solution, cool, Bottle 5 x 60 ml",Zambia,Air,2014-02-07,0.0,1009,0,79176.58,Not computed
ASN-23970,ABBVIE LOGISTICS (FORMERLY ABBOTT LOGISTICS BV),"Lopinavir/Ritonavir 80/20mg/ml [Kaletra], oral solution, cool, Bottle 5 x 60 ml",Côte d'Ivoire,Air,2014-02-07,0.0,1010,0,16642.8,Not computed
ASN-22955,"Trinity Biotech, Plc","HIV 1/2, Uni-Gold HIV Kit, 20 Tests",South Sudan,Air,2014-02-11,0.0,1011,0,16896.0,Not computed
ASN-23739,CIPLA LIMITED,"Abacavir 60mg, dispersible tablets, 60 Tabs",Nigeria,Air,2014-02-11,0.0,1012,0,36625.0,Not computed
ASN-23851,MERCK SHARP & DOHME IDEA GMBH (FORMALLY MERCK SHARP & DOHME B.V.),"Raltegravir 400mg [Isentress], tablets, 60 Tabs",Haiti,Air,2014-02-12,0.0,1013,0,943.5,Not computed
ASN-23686,MYLAN LABORATORIES LTD (FORMERLY MATRIX LABORATORIES),"Emtricitabine/Tenofovir Disoproxil Fumarate 200/300mg, tablets, 30 Tabs",Zambia,Air,2014-02-14,0.0,1014,0,1722000.0,Not computed
ASN-24256,MYLAN LABORATORIES LTD (FORMERLY MATRIX LABORATORIES),"Zidovudine 300mg, tablets, 60 Tabs",Zambia,Air,2014-02-14,0.0,1015,0,40040.0,Not computed
ASN-24273,ASPEN PHARMACARE,"Darunavir 300mg [Prezista], tablets, 120 Tabs",Uganda,Air,2014-02-14,0.0,1016,0,30236.4,Not computed
ASN-23666,MYLAN LABORATORIES LTD (FORMERLY MATRIX LABORATORIES),"Efavirenz/Lamivudine/Tenofovir Disoproxil Fumarate 600/300/300mg, tablets, 30 Tabs",Vietnam,Air,2014-02-17,0.0,1017,0,452611.95,Not computed
ASN-23840,STRIDES ARCOLAB LIMITED,"Efavirenz 600mg, tablets, 30 Tabs",Haiti,Air,2014-02-17,0.0,1018,0,89575.2,Not computed
ASN-22956,"Trinity Biotech, Plc","HIV 1/2, Uni-Gold HIV Kit, 20 Tests",South Sudan,Air,2014-02-20,0.0,1019,0,14208.0,Not computed
ASN-24629,ETHNOR DEL ISTMO S.A.,"Darunavir 300mg [Prezista], tablets, 120 Tabs",Haiti,Air,2014-02-24,0.0,1020,0,1465.2,Not computed
ASN-24432,Aurobindo Pharma Limited,"Nevirapine 50mg, dispersible tablets (tablets for oral suspension), 30 Tabs",Côte d'Ivoire,Air,2014-02-27,0.0,1021,0,10550.0,Not computed
ASN-23820,ABBVIE LOGISTICS (FORMERLY ABBOTT LOGISTICS BV),"Lopinavir/Ritonavir 80/20mg/ml [Kaletra], oral solution, cool, Bottle 5 x 60 ml",Haiti,Air,2014-02-28,0.0,1022,0,308.2,Not computed
DN-3545,SCMS from RDC,"Lamivudine/Tenofovir Disoproxil Fumarate 300/300mg, tablets, 30 Tabs",Côte d'Ivoire,Air,2014-02-28,0.0,1023,0,34902.2,Not computed
ASN-22978,ABBVIE LOGISTICS (FORMERLY ABBOTT LOGISTICS BV),"Lopinavir/Ritonavir 80/20mg/ml [Kaletra], oral solution, cool, Bottle 5 x 60 ml",Guyana,Air,2014-03-03,0.0,1024,0,1398.86,Not computed
ASN-24449,MYLAN LABORATORIES LTD (FORMERLY MATRIX LABORATORIES),"Atazanavir/Ritonavir 300/100mg, tablets, 30 Tabs",Côte d'Ivoire,Air,2014-03-03,0.0,1025,0,42000.0,Not computed
ASN-23916,Aurobindo Pharma Limited,"Zidovudine 300mg, tablets, 60 Tabs",Tanzania,Air,2014-03-07,0.0,1026,0,109533.96,Not computed
ASN-23967,ABBVIE LOGISTICS (FORMERLY ABBOTT LOGISTICS BV),"Lopinavir/Ritonavir 100/25mg [Aluvia], tablets, 60 Tabs",Tanzania,Air,2014-03-07,0.0,1027,0,10347.48,Not computed
ASN-24545,ABBVIE LOGISTICS (FORMERLY ABBOTT LOGISTICS BV),"Ritonavir 100mg [Norvir], film coated tablets, 60 Tabs",Mozambique,Air,2014-03-07,0.0,1028,0,822.0,Not computed
ASN-24393,LAWRENCE LABORATORIES (SUBSIDIARY OF BRISTOL MYERS SQUIBB),"Didanosine 25mg [Videx], chewable tablets, 60 Tabs",Zimbabwe,Air,2014-03-13,0.0,1029,0,7098.0,Not computed
ASN-23519,INVERNESS MEDICAL INNOVATIONS HONG KONG LTD,"HIV 1/2, Determine Complete HIV Kit, 100 Tests",Pakistan,Air,2014-03-17,0.0,1030,0,358720.0,Not computed
ASN-24431,Aurobindo Pharma Limited,"Nevirapine 200mg, tablets, 60 Tabs",Vietnam,Air,2014-03-20,0.0,1031,0,13500.0,Not computed
ASN-24413,CIPLA LIMITED,"Abacavir 60mg, dispersible tablets, 60 Tabs",Haiti,Air,2014-03-25,0.0,1032,0,3705.0,Not computed
ASN-24439,"SHANGHAI KEHUA BIOENGINEERING CO.,LTD.  (KHB)","HIV 1/2, SKB Colloidal Gold, Diagnostic Kit, Antibody, 50 Tests",Rwanda,Air,2014-03-27,0.0,1033,0,73206.0,Not computed
ASN-24715,"SHANGHAI KEHUA BIOENGINEERING CO.,LTD.  (KHB)","HIV 1/2, SKB Colloidal Gold, Diagnostic Kit, Antibody, 50 Tests",Rwanda,Air,2014-03-27,0.0,1034,0,73206.0,Not computed
ASN-24716,"SHANGHAI KEHUA BIOENGINEERING CO.,LTD.  (KHB)","HIV 1/2, SKB Colloidal Gold, Diagnostic Kit, Antibody, 50 Tests",Rwanda,Air,2014-03-27,0.0,1035,0,73206.0,Not computed
ASN-24717,"SHANGHAI KEHUA BIOENGINEERING CO.,LTD.  (KHB)","HIV 1/2, SKB Colloidal Gold, Diagnostic Kit, Antibody, 50 Tests",Rwanda,Air,2014-03-27,0.0,1036,0,73206.0,Not computed
ASN-24718,"SHANGHAI KEHUA BIOENGINEERING CO.,LTD.  (KHB)","HIV 1/2, SKB Colloidal Gold, Diagnostic Kit, Antibody, 50 Tests",Rwanda,Air,2014-03-27,0.0,1037,0,73206.0,Not computed
ASN-24719,"SHANGHAI KEHUA BIOENGINEERING CO.,LTD.  (KHB)","HIV 1/2, SKB Colloidal Gold, Diagnostic Kit, Antibody, 50 Tests",Rwanda,Air,2014-03-27,0.0,1038,0,73206.0,Not computed
ASN-24720,"SHANGHAI KEHUA BIOENGINEERING CO.,LTD.  (KHB)","HIV 1/2, SKB Colloidal Gold, Diagnostic Kit, Antibody, 50 Tests",Rwanda,Air,2014-03-27,0.0,1039,0,50764.0,Not computed
ASN-24884,HETERO LABS LIMITED,"Lamivudine/Stavudine 150/30mg, tablets, 60 Tabs",Haiti,Air,2014-03-28,0.0,1040,0,717.12,Not computed
ASN-24474,"Trinity Biotech, Plc","HIV 1/2, Uni-Gold HIV Kit, 20 Tests",Mozambique,Air,2014-04-02,0.0,1041,0,181536.0,Not computed
ASN-24721,"Trinity Biotech, Plc","HIV 1/2, Uni-Gold HIV Kit, 20 Tests","Congo, DRC",Air,2014-04-04,0.0,1042,0,8000.0,Not computed
ASN-24764,ABBVIE LOGISTICS (FORMERLY ABBOTT LOGISTICS BV),"Lopinavir/Ritonavir 200/50mg [Aluvia], tablets, 120 Tabs",Vietnam,Air,2014-04-04,0.0,1043,0,119754.58,Not computed
ASN-24765,ABBVIE LOGISTICS (FORMERLY ABBOTT LOGISTICS BV),"Ritonavir 100mg [Norvir], film coated tablets, 30 Tabs",Vietnam,Air,2014-04-04,0.0,1044,0,2326.0,Not computed
ASN-24931,MICRO LABS LIMITED,"Efavirenz 50mg, capsule, 30 Caps",Rwanda,Air,2014-04-04,0.0,1045,0,1755.6,Not computed
ASN-24696,ABBVIE LOGISTICS (FORMERLY ABBOTT LOGISTICS BV),"Lopinavir/Ritonavir 200/50mg [Aluvia], tablets, 120 Tabs",Vietnam,Air,2014-04-07,0.0,1046,0,427625.42,Not computed
ASN-24697,ABBVIE LOGISTICS (FORMERLY ABBOTT LOGISTICS BV),"Ritonavir 100mg [Norvir], film coated tablets, 30 Tabs",Vietnam,Air,2014-04-07,0.0,1047,0,9304.0,Not computed
ASN-24994,CIPLA LIMITED,"Nevirapine 50mg, dispersible tablets, 60 Tabs",Côte d'Ivoire,Air,2014-04-07,0.0,1048,0,7215.0,Not computed
ASN-25795,WAGENIA,"Chase Buffer, Determine, 100 Tests, 2.5ml x 1 Vial","Congo, DRC",Truck,2014-04-07,0.0,1049,0,306750.0,Not computed
ASN-25280,"Trinity Biotech, Plc","HIV 1/2, Uni-Gold HIV Kit, 20 Tests",Dominican Republic,Air,2014-04-11,0.0,1050,0,16000.0,Not computed
ASN-24982,"SHANGHAI KEHUA BIOENGINEERING CO.,LTD.  (KHB)","HIV 1/2, SKB Colloidal Gold, Diagnostic Kit, Antibody, 50 Tests",Haiti,Air,2014-04-14,0.0,1051,0,8575.0,Not computed
ASN-24569,HETERO LABS LIMITED,"Efavirenz/Lamivudine/Tenofovir Disoproxil Fumarate 600/300/300mg, tablets, 30 Tabs",Vietnam,Air,2014-04-21,0.0,1052,0,257838.0,Not computed
ASN-24570,HETERO LABS LIMITED,"Efavirenz/Lamivudine/Tenofovir Disoproxil Fumarate 600/300/300mg, tablets, 30 Tabs",Vietnam,Air,2014-04-22,0.0,1053,0,254016.0,Not computed
ASN-24571,HETERO LABS LIMITED,"Efavirenz/Lamivudine/Tenofovir Disoproxil Fumarate 600/300/300mg, tablets, 30 Tabs",Vietnam,Air,2014-04-22,0.0,1054,0,223146.0,Not computed
ASN-24394,HETERO LABS LIMITED,"Lamivudine 150mg, tablets, 60 Tabs",Vietnam,Air,2014-04-23,0.0,1055,0,74904.64,Not computed
ASN-24398,HETERO LABS LIMITED,"Abacavir 300mg, tablets, 60 Tabs",Vietnam,Air,2014-04-23,0.0,1056,0,120715.36,Not computed
ASN-24662,HETERO LABS LIMITED,"Zidovudine 300mg, tablets, 60 Tabs",Tanzania,Air,2014-04-25,0.0,1057,0,347600.0,Not computed
ASN-25670,ABBVIE LOGISTICS (FORMERLY ABBOTT LOGISTICS BV),"Ritonavir 100mg [Norvir], film coated tablets, 60 Tabs",Côte d'Ivoire,Air,2014-04-25,0.0,1058,0,20550.0,Not computed
ASN-25540,"SHANGHAI KEHUA BIOENGINEERING CO.,LTD.  (KHB)","HIV 1/2, SKB Colloidal Gold, Diagnostic Kit, Antibody, 50 Tests",Rwanda,Air,2014-04-28,0.0,1059,0,146853.0,Not computed
ASN-25541,"SHANGHAI KEHUA BIOENGINEERING CO.,LTD.  (KHB)","HIV 1/2, SKB Colloidal Gold, Diagnostic Kit, Antibody, 50 Tests",Rwanda,Air,2014-04-28,0.0,1060,0,146853.0,Not computed
ASN-25542,"SHANGHAI KEHUA BIOENGINEERING CO.,LTD.  (KHB)","HIV 1/2, SKB Colloidal Gold, Diagnostic Kit, Antibody, 50 Tests",Rwanda,Air,2014-04-28,0.0,1061,0,146853.0,Not computed
ASN-25543,"SHANGHAI KEHUA BIOENGINEERING CO.,LTD.  (KHB)","HIV 1/2, SKB Colloidal Gold, Diagnostic Kit, Antibody, 50 Tests",Rwanda,Air,2014-04-28,0.0,1062,0,99666.0,Not computed
ASN-25924,"SHANGHAI KEHUA BIOENGINEERING CO.,LTD.  (KHB)","HIV 1/2, SKB Colloidal Gold, Diagnostic Kit, Antibody, 50 Tests",Rwanda,Air,2014-04-28,0.0,1063,0,103635.0,Not computed
ASN-25925,"SHANGHAI KEHUA BIOENGINEERING CO.,LTD.  (KHB)","HIV 1/2, SKB Colloidal Gold, Diagnostic Kit, Antibody, 50 Tests",Rwanda,Air,2014-04-28,0.0,1064,0,101822.0,Not computed
ASN-25596,"Standard Diagnostics, Inc.","HIV 1/2, Bioline 3.0 Kit, Lancets, Capillary pipets, Alcohol swabs included, 25 Tests",Côte d'Ivoire,Air,2014-04-30,0.0,1065,0,28700.0,Not computed
ASN-25451,HETERO LABS LIMITED,"Lamivudine/Nevirapine/Zidovudine 150/200/300mg, tablets, 60 Tabs",Mozambique,Air,2014-05-02,0.0,1066,0,284952.96,Not computed
ASN-25452,HETERO LABS LIMITED,"Lamivudine/Nevirapine/Zidovudine 150/200/300mg, tablets, 60 Tabs",Mozambique,Air,2014-05-02,0.0,1067,0,274053.12,Not computed
ASN-25453,HETERO LABS LIMITED,"Lamivudine/Nevirapine/Zidovudine 150/200/300mg, tablets, 60 Tabs",Mozambique,Air,2014-05-02,0.0,1068,0,269381.76,Not computed
ASN-25454,HETERO LABS LIMITED,"Lamivudine/Nevirapine/Zidovudine 150/200/300mg, tablets, 60 Tabs",Mozambique,Air,2014-05-02,0.0,1069,0,186854.4,Not computed
ASN-25455,HETERO LABS LIMITED,"Lamivudine/Nevirapine/Zidovudine 150/200/300mg, tablets, 60 Tabs",Mozambique,Air,2014-05-02,0.0,1070,0,201257.76,Not computed
ASN-25566,"Orgenics, Ltd","HIV 1/2, Determine Kit without Lancets, Buffer or Caplillary Tubes, 100 Tests",Mozambique,Air,2014-05-02,0.0,1071,0,17667.35,Not computed
ASN-25268,Aurobindo Pharma Limited,"Nevirapine 10mg/ml, oral suspension w/syringe, Bottle, 240 ml",Rwanda,Air,2014-05-06,0.0,1072,0,10299.71,Not computed
ASN-25269,Aurobindo Pharma Limited,"Nevirapine 10mg/ml, oral suspension w/syringe, Bottle, 240 ml",Rwanda,Air,2014-05-06,0.0,1073,0,14677.2,Not computed
ASN-23855,CIPLA LIMITED,"Lamivudine/Tenofovir Disoproxil Fumarate 300/300mg, tablets, 30 Tabs",Haiti,Ocean,2014-05-09,0.0,1074,0,19209.6,Not computed
ASN-24369,Aurobindo Pharma Limited,"Nevirapine 50mg, dispersible tablets (tablets for oral suspension), 30 Tabs",Haiti,Ocean,2014-05-09,0.0,1075,0,2866.25,Not computed
ASN-24373,MYLAN LABORATORIES LTD (FORMERLY MATRIX LABORATORIES),"Lamivudine/Nevirapine/Zidovudine 30/50/60mg, dispersible tablets, 60 Tabs",Haiti,Ocean,2014-05-09,0.0,1076,0,7466.4,Not computed
ASN-24412,HETERO LABS LIMITED,"Efavirenz/Lamivudine/Tenofovir Disoproxil Fumarate 600/300/300mg, tablets, 30 Tabs",Haiti,Ocean,2014-05-09,0.0,1077,0,439395.0,Not computed
ASN-25464,"Trinity Biotech, Plc","HIV 1/2, Uni-Gold HIV Kit, 20 Tests",Uganda,Air,2014-05-13,0.0,1078,0,79392.0,Not computed
ASN-25800,LAWRENCE LABORATORIES (SUBSIDIARY OF BRISTOL MYERS SQUIBB),"Didanosine 25mg [Videx], chewable tablets, 60 Tabs",Côte d'Ivoire,Air,2014-05-13,0.0,1079,0,10605.0,Not computed
ASN-25327,MYLAN LABORATORIES LTD (FORMERLY MATRIX LABORATORIES),"Lamivudine/Nevirapine/Zidovudine 150/200/300mg, tablets, 60 Tabs",Vietnam,Air,2014-05-15,0.0,1080,0,40338.0,Not computed
ASN-25755,Orasure Technologies Inc.,"HIV 1/2, OraQuick Rapid Antibody Kit, 100 Tests",Cameroon,Air,2014-05-15,0.0,1081,0,350000.0,Not computed
ASN-25073,HETERO LABS LIMITED,"Nevirapine 200mg, tablets, 60 Tabs",Tanzania,Air,2014-05-19,0.0,1082,0,209716.0,Not computed
ASN-25604,MYLAN LABORATORIES LTD (FORMERLY MATRIX LABORATORIES),"Atazanavir/Ritonavir 300/100mg, tablets, 30 Tabs",Tanzania,Air,2014-05-27,0.0,1083,0,211300.0,Not computed
ASN-24041,MYLAN LABORATORIES LTD (FORMERLY MATRIX LABORATORIES),"Lamivudine/Zidovudine 150/300mg, tablets, 60 Tabs",Vietnam,Air,2014-05-30,0.0,1084,0,114075.75,Not computed
ASN-26131,"Trinity Biotech, Plc","HIV 1/2, Uni-Gold HIV Kit, 20 Tests",Mozambique,Air,2014-06-02,0.0,1085,0,126784.0,Not computed
ASN-25784,EMCURE PHARMACEUTICALS LTD,"Nevirapine 200mg, tablets, 60 Tabs",Vietnam,Air,2014-06-06,0.0,1086,0,29755.1,Not computed
ASN-25786,Aurobindo Pharma Limited,"Nevirapine 200mg, tablets, 60 Tabs",Vietnam,Air,2014-06-06,0.0,1087,0,14850.0,Not computed
ASN-25990,BIO-RAD LABORATORIES (FRANCE),"HIV, Multispot HIV-1/HIV-2 Rapid Test Kit, 50 Tests",Uganda,Air,2014-06-10,0.0,1088,0,99402.4,Not computed
ASN-23647,MYLAN LABORATORIES LTD (FORMERLY MATRIX LABORATORIES),"Efavirenz/Lamivudine/Tenofovir Disoproxil Fumarate 600/300/300mg, tablets, 30 Tabs",Vietnam,Air,2014-06-13,0.0,1089,0,155063.05,Not computed
ASN-23648,MYLAN LABORATORIES LTD (FORMERLY MATRIX LABORATORIES),"Efavirenz/Lamivudine/Tenofovir Disoproxil Fumarate 600/300/300mg, tablets, 30 Tabs",Vietnam,Air,2014-06-13,0.0,1090,0,172825.0,Not computed
ASN-25195,"Trinity Biotech, Plc","HIV 1/2, Uni-Gold HIV Kit, 20 Tests",Mozambique,Air,2014-06-13,0.0,1091,0,9152.0,Not computed
DN-3739,SCMS from RDC,"Lamivudine/Zidovudine 150/300mg, tablets, 60 Tabs",Burundi,Air,2014-06-16,0.0,1092,0,9197.65,Not computed
ASN-24368,MYLAN LABORATORIES LTD (FORMERLY MATRIX LABORATORIES),"Lamivudine/Zidovudine 150/300mg, tablets, 60 Tabs",Haiti,Air,2014-06-17,0.0,1093,0,155915.76,Not computed
ASN-25828,"SHANGHAI KEHUA BIOENGINEERING CO.,LTD.  (KHB)","HIV 1/2, SKB Colloidal Gold, Diagnostic Kit, Antibody, 50 Tests",Haiti,Air,2014-06-23,0.0,1094,0,8575.0,Not computed
ASN-26068,MYLAN LABORATORIES LTD (FORMERLY MATRIX LABORATORIES),"Abacavir/Lamivudine 60/30mg, tablets, 60 Tabs",Haiti,Air,2014-06-23,0.0,1095,0,11944.8,Not computed
ASN-25332,MYLAN LABORATORIES LTD (FORMERLY MATRIX LABORATORIES),"Abacavir 300mg, tablets, 60 Tabs",Tanzania,Air,2014-06-24,0.0,1096,0,221800.0,Not computed
ASN-25337,MYLAN LABORATORIES LTD (FORMERLY MATRIX LABORATORIES),"Emtricitabine/Tenofovir Disoproxil Fumarate 200/300mg, tablets, 30 Tabs",Tanzania,Air,2014-06-24,0.0,1097,0,28700.0,Not computed
ASN-25559,MYLAN LABORATORIES LTD (FORMERLY MATRIX LABORATORIES),"Lamivudine/Nevirapine/Zidovudine 30/50/60mg, dispersible tablets, 60 Tabs",Tanzania,Air,2014-06-24,0.0,1098,0,129600.0,Not computed
ASN-25839,ABBVIE LOGISTICS (FORMERLY ABBOTT LOGISTICS BV),"Lopinavir/Ritonavir 100/25mg [Aluvia], tablets, 60 Tabs",Tanzania,Air,2014-06-24,0.0,1099,0,11618.64,Not computed
ASN-25903,STRIDES ARCOLAB LIMITED,"Efavirenz 200mg, scored tablets, 90 Tabs",Tanzania,Air,2014-06-24,0.0,1100,0,92618.7,Not computed
ASN-25904,STRIDES ARCOLAB LIMITED,"Efavirenz 200mg, scored tablets, 90 Tabs",Tanzania,Air,2014-06-24,0.0,1101,0,139881.3,Not computed
ASN-26594,MYLAN LABORATORIES LTD (FORMERLY MATRIX LABORATORIES),"Atazanavir/Ritonavir 300/100mg, tablets, 30 Tabs",Uganda,Air,2014-06-26,0.0,1102,0,36020.0,Not computed
ASN-26608,"Trinity Biotech, Plc","HIV 1/2, Uni-Gold HIV Kit, 20 Tests",Uganda,Air,2014-06-26,0.0,1103,0,24000.0,Not computed
ASN-26596,MYLAN LABORATORIES LTD (FORMERLY MATRIX LABORATORIES),"Atazanavir/Ritonavir 300/100mg, tablets, 30 Tabs",Côte d'Ivoire,Air,2014-06-30,0.0,1104,0,42000.0,Not computed
ASN-26347,ABBVIE LOGISTICS (FORMERLY ABBOTT LOGISTICS BV),"Ritonavir 100mg [Norvir], film coated tablets, 30 Tabs",Vietnam,Air,2014-07-02,0.0,1105,0,10467.0,Not computed
ASN-26833,"Standard Diagnostics, Inc.","HIV 1/2, Bioline 3.0 Kit, Lancets, Capillary pipets, Alcohol swabs included, 25 Tests",Côte d'Ivoire,Air,2014-07-08,0.0,1106,0,8200.0,Not computed
ASN-26834,"Standard Diagnostics, Inc.","HIV 1/2, Bioline 3.0 Kit, Lancets, Capillary pipets, Alcohol swabs included, 25 Tests",Côte d'Ivoire,Air,2014-07-08,0.0,1107,0,28700.0,Not computed
DN-3650,SCMS from RDC,"Lamivudine 150mg, tablets, 60 Tabs",Mozambique,Truck,2014-07-08,0.0,1108,0,1127.52,Not computed
DN-3798,SCMS from RDC,"Abacavir/Lamivudine 600/300mg, tablets, 30 Tabs",Côte d'Ivoire,Truck,2014-07-09,0.0,1109,0,959.92,Not computed
ASN-27209,S. BUYS WHOLESALER,"Atazanavir 150mg [Reyataz], capsules, 60 Caps",South Africa,Truck,2014-07-11,0.0,1110,0,51.37,Not computed
ASN-27210,S. BUYS WHOLESALER,"Atazanavir 150mg [Reyataz], capsules, 60 Caps",South Africa,Truck,2014-07-11,0.0,1111,0,51.37,Not computed
ASN-27211,S. BUYS WHOLESALER,"Atazanavir 150mg [Reyataz], capsules, 60 Caps",South Africa,Truck,2014-07-11,0.0,1112,0,51.37,Not computed
ASN-27212,S. BUYS WHOLESALER,"Atazanavir 150mg [Reyataz], capsules, 60 Caps",South Africa,Truck,2014-07-11,0.0,1113,0,25.69,Not computed
ASN-25988,"Orgenics, Ltd","HIV 1/2, Determine Complete HIV Kit, 100 Tests",Tanzania,Air,2014-07-15,0.0,1114,0,28000.0,Not computed
ASN-26077,"Orgenics, Ltd","HIV 1/2, Determine Complete HIV Kit, 100 Tests",Tanzania,Air,2014-07-15,0.0,1115,0,8000.0,Not computed
ASN-26124,"Trinity Biotech, Plc","HIV 1/2, Uni-Gold HIV Kit, 20 Tests",Tanzania,Air,2014-07-15,0.0,1116,0,11808.0,Not computed
ASN-26847,B&C GROUP S.A.,"Etravirine 100mg [Intelence], tablets, 120 Tabs",Uganda,Air,2014-07-16,0.0,1117,0,18072.0,Not computed
ASN-26864,ABBVIE LOGISTICS (FORMERLY ABBOTT LOGISTICS BV),"Lopinavir/Ritonavir 80/20mg/ml [Kaletra], oral solution, cool, Bottle 5 x 60 ml",Rwanda,Air,2014-07-16,0.0,1118,0,9739.12,Not computed
ASN-26932,LAWRENCE LABORATORIES (SUBSIDIARY OF BRISTOL MYERS SQUIBB),"Atazanavir 150mg [Reyataz], capsules, 60 Caps",Rwanda,Air,2014-07-16,0.0,1119,0,7040.8,Not computed
ASN-26891,"CHEMBIO DIAGNOSTIC SYSTEMS, INC.","HIV 1/2, Stat-Pak HIV, Kit, 20 Tests",Côte d'Ivoire,Air,2014-07-17,0.0,1120,0,18600.0,Not computed
DN-3810,SCMS from RDC,"Lamivudine/Zidovudine 30/60mg, tablets, 60 Tabs",Rwanda,Air,2014-07-17,0.0,1121,0,720.38,Not computed
ASN-26863,STRIDES ARCOLAB LIMITED,"Nevirapine 200mg, tablets, 60 Tabs",Zimbabwe,Air,2014-07-18,0.0,1122,0,77000.0,Not computed
ASN-26209,CIPLA LIMITED,"Efavirenz/Lamivudine/Tenofovir Disoproxil Fumarate 600/300/300mg, tablets, 30 Tabs",Haiti,Ocean,2014-07-19,0.0,1123,0,630000.0,Not computed
ASN-26469,Aurobindo Pharma Limited,"Nevirapine 200mg, tablets, 60 Tabs",Zambia,Air,2014-07-20,0.0,1124,0,27956.25,Not computed
ASN-26472,Aurobindo Pharma Limited,"Nevirapine 200mg, tablets, 60 Tabs",Zambia,Air,2014-07-20,0.0,1125,0,76871.25,Not computed
ASN-26755,MYLAN LABORATORIES LTD (FORMERLY MATRIX LABORATORIES),"Atazanavir/Ritonavir 300/100mg, tablets, 30 Tabs",Rwanda,Air,2014-07-24,0.0,1126,0,360000.0,Not computed
ASN-26391,"Trinity Biotech, Plc","HIV 1/2, Uni-Gold HIV Kit, 20 Tests",Zambia,Air,2014-07-28,0.0,1127,0,304000.0,Not computed
ASN-26923,HETERO LABS LIMITED,"Efavirenz 600mg, tablets, 30 Tabs",Vietnam,Air,2014-07-29,0.0,1128,0,164449.0,Not computed
ASN-26924,HETERO LABS LIMITED,"Efavirenz/Lamivudine/Tenofovir Disoproxil Fumarate 600/300/300mg, tablets, 30 Tabs",Vietnam,Air,2014-07-29,0.0,1129,0,238896.0,Not computed
ASN-27173,"SHANGHAI KEHUA BIOENGINEERING CO.,LTD.  (KHB)","HIV 1/2, SKB Colloidal Gold, Diagnostic Kit, Antibody, 50 Tests",Ethiopia,Air,2014-07-29,0.0,1130,0,184411.5,Not computed
ASN-27170,MERCK SHARP & DOHME IDEA GMBH (FORMALLY MERCK SHARP & DOHME B.V.),"Raltegravir 400mg [Isentress], tablets, 60 Tabs",Uganda,Air,2014-07-30,0.0,1131,0,72150.0,Not computed
ASN-27175,"CHEMBIO DIAGNOSTIC SYSTEMS, INC.","HIV 1/2, Stat-Pak HIV, Kit, 20 Tests",Uganda,Air,2014-07-30,0.0,1132,0,74028.0,Not computed
ASN-27114,MYLAN LABORATORIES LTD (FORMERLY MATRIX LABORATORIES),"Atazanavir/Ritonavir 300/100mg, tablets, 30 Tabs",Côte d'Ivoire,Air,2014-07-31,0.0,1133,0,64000.0,Not computed
DN-3861,SCMS from RDC,"Lopinavir/Ritonavir 200/50mg, tablets, 120 Tabs",Zambia,Truck,2014-07-31,0.0,1134,0,6149.52,Not computed
ASN-26987,STRIDES ARCOLAB LIMITED,"Efavirenz 600mg, tablets, 30 Tabs",Uganda,Air,2014-08-01,0.0,1135,0,195068.5,Not computed
ASN-26443,"Trinity Biotech, Plc","HIV 1/2, Uni-Gold HIV Kit, 20 Tests",Tanzania,Air,2014-08-08,0.0,1136,0,10752.0,Not computed
ASN-26388,ABBVIE LOGISTICS (FORMERLY ABBOTT LOGISTICS BV),"Lopinavir/Ritonavir 80/20mg/ml [Kaletra], oral solution, cool, Bottle 5 x 60 ml",Guyana,Air,2014-08-11,0.0,1137,0,1033.94,Not computed
ASN-26927,HETERO LABS LIMITED,"Lamivudine 150mg, tablets, 60 Tabs",Vietnam,Air,2014-08-13,0.0,1138,0,97297.5,Not computed
ASN-26928,HETERO LABS LIMITED,"Efavirenz/Lamivudine/Tenofovir Disoproxil Fumarate 600/300/300mg, tablets, 30 Tabs",Vietnam,Air,2014-08-13,0.0,1139,0,206559.0,Not computed
ASN-26929,HETERO LABS LIMITED,"Efavirenz/Lamivudine/Tenofovir Disoproxil Fumarate 600/300/300mg, tablets, 30 Tabs",Vietnam,Air,2014-08-13,0.0,1140,0,238896.0,Not computed
ASN-27132,MYLAN LABORATORIES LTD (FORMERLY MATRIX LABORATORIES),"Lamivudine/Nevirapine/Zidovudine 150/200/300mg, tablets, 60 Tabs",Vietnam,Air,2014-08-16,0.0,1141,0,225990.0,Not computed
ASN-27098,ABBVIE LOGISTICS (FORMERLY ABBOTT LOGISTICS BV),"Lopinavir/Ritonavir 200/50mg [Aluvia], tablets, 120 Tabs",Vietnam,Air,2014-08-18,0.0,1142,0,291936.0,Not computed
ASN-27099,ABBVIE LOGISTICS (FORMERLY ABBOTT LOGISTICS BV),"Ritonavir 100mg [Norvir], film coated tablets, 30 Tabs",Vietnam,Air,2014-08-18,0.0,1143,0,6978.0,Not computed
ASN-27101,MYLAN LABORATORIES LTD (FORMERLY MATRIX LABORATORIES),"Lamivudine/Nevirapine/Zidovudine 150/200/300mg, tablets, 60 Tabs",Vietnam,Air,2014-08-18,0.0,1144,0,98010.0,Not computed
ASN-27336,MYLAN LABORATORIES LTD (FORMERLY MATRIX LABORATORIES),"Atazanavir/Ritonavir 300/100mg, tablets, 30 Tabs",Rwanda,Air,2014-08-22,0.0,1145,0,60000.0,Not computed
ASN-27538,BIO-RAD LABORATORIES (FRANCE),"HIV, Multispot HIV-1/HIV-2 Rapid Test Kit, 50 Tests",Uganda,Air,2014-08-22,0.0,1146,0,55913.85,Not computed
ASN-27662,ABBVIE LOGISTICS (FORMERLY ABBOTT LOGISTICS BV),"Ritonavir 100mg [Norvir], film coated tablets, 60 Tabs",Rwanda,Air,2014-08-22,0.0,1147,0,23975.0,Not computed
ASN-27693,LAWRENCE LABORATORIES (SUBSIDIARY OF BRISTOL MYERS SQUIBB),"Atazanavir 150mg [Reyataz], capsules, 60 Caps",Rwanda,Air,2014-08-22,0.0,1148,0,7311.6,Not computed
ASN-27232,CIPLA LIMITED,"Abacavir 60mg, dispersible tablets, 60 Tabs",Haiti,Air,2014-08-25,0.0,1149,0,2410.0,Not computed
ASN-26767,ABBVIE LOGISTICS (FORMERLY ABBOTT LOGISTICS BV),"Lopinavir/Ritonavir 80/20mg/ml [Kaletra], oral solution, cool, Bottle 5 x 60 ml",Tanzania,Air,2014-08-26,0.0,1150,0,8259.76,Not computed
ASN-27379,ABBVIE LOGISTICS (FORMERLY ABBOTT LOGISTICS BV),"Ritonavir 100mg [Norvir], film coated tablets, 60 Tabs",Uganda,Air,2014-08-26,0.0,1151,0,3966.15,Not computed
ASN-27237,"SHANGHAI KEHUA BIOENGINEERING CO.,LTD.  (KHB)","HIV 1/2, SKB Colloidal Gold, Diagnostic Kit, Antibody, 50 Tests",Haiti,Air,2014-08-28,0.0,1152,0,11025.0,Not computed
ASN-26517,"Orgenics, Ltd","HIV 1/2, Determine Complete HIV Kit, 100 Tests",Tanzania,Air,2014-08-29,0.0,1153,0,53760.0,Not computed
ASN-27200,ABBVIE LOGISTICS (FORMERLY ABBOTT LOGISTICS BV),"Lopinavir/Ritonavir 80/20mg/ml [Kaletra], oral solution, cool, Bottle 5 x 60 ml",Haiti,Air,2014-08-29,0.0,1154,0,1232.8,Not computed
DN-3876,SCMS from RDC,"Lamivudine/Tenofovir Disoproxil Fumarate 300/300mg, tablets, 30 Tabs",Zambia,Truck,2014-08-29,0.0,1155,0,65074.65,Not computed
ASN-27927,MYLAN LABORATORIES LTD (FORMERLY MATRIX LABORATORIES),"Lamivudine/Nevirapine/Zidovudine 30/50/60mg, dispersible tablets, 60 Tabs",Zimbabwe,Air,2014-09-04,0.0,1156,0,593820.0,Not computed
ASN-27955,"Standard Diagnostics, Inc.","HIV 1/2, Bioline 3.0 Kit, Lancets, Capillary pipets, Alcohol swabs included, 25 Tests",Côte d'Ivoire,Air,2014-09-04,0.0,1157,0,7175.0,Not computed
ASN-26738,"Trinity Biotech, Plc","HIV 1/2, Uni-Gold HIV Kit, 20 Tests","Congo, DRC",Air,2014-09-05,0.0,1158,0,10080.0,Not computed
ASN-27716,MICRO LABS LIMITED,"Efavirenz 600mg, tablets, 30 Tabs",Haiti,Air,2014-09-12,0.0,1159,0,89125.84,Not computed
ASN-28019,ASPEN PHARMACARE,"Darunavir 300mg [Prezista], tablets, 120 Tabs",Uganda,Air,2014-09-12,0.0,1160,0,53746.2,Not computed
ASN-27809,HETERO LABS LIMITED,"Tenofovir Disoproxil Fumarate 300mg, tablets, 30 Tabs",Vietnam,Air,2014-09-16,0.0,1161,0,96178.0,Not computed
ASN-27810,HETERO LABS LIMITED,"Efavirenz/Lamivudine/Tenofovir Disoproxil Fumarate 600/300/300mg, tablets, 30 Tabs",Vietnam,Air,2014-09-16,0.0,1162,0,180474.0,Not computed
ASN-27811,HETERO LABS LIMITED,"Efavirenz/Lamivudine/Tenofovir Disoproxil Fumarate 600/300/300mg, tablets, 30 Tabs",Vietnam,Air,2014-09-16,0.0,1163,0,147168.0,Not computed
ASN-27963,ABBVIE LOGISTICS (FORMERLY ABBOTT LOGISTICS BV),"Ritonavir 100mg [Norvir], film coated tablets, 60 Tabs",Rwanda,Air,2014-09-16,0.0,1164,0,10370.9,Not computed
ASN-27582,HETERO LABS LIMITED,"Lamivudine/Tenofovir Disoproxil Fumarate 300/300mg, tablets, 30 Tabs",Zimbabwe,Air Charter,2014-09-17,0.0,1165,0,195148.8,Not computed
ASN-27583,HETERO LABS LIMITED,"Lamivudine/Tenofovir Disoproxil Fumarate 300/300mg, tablets, 30 Tabs",Zimbabwe,Air Charter,2014-09-17,0.0,1166,0,195148.8,Not computed
ASN-27584,HETERO LABS LIMITED,"Lamivudine/Tenofovir Disoproxil Fumarate 300/300mg, tablets, 30 Tabs",Zimbabwe,Air Charter,2014-09-17,0.0,1167,0,195592.32,Not computed
ASN-27585,HETERO LABS LIMITED,"Lamivudine/Tenofovir Disoproxil Fumarate 300/300mg, tablets, 30 Tabs",Zimbabwe,Air Charter,2014-09-17,0.0,1168,0,194187.84,Not computed
ASN-27586,HETERO LABS LIMITED,"Lamivudine/Tenofovir Disoproxil Fumarate 300/300mg, tablets, 30 Tabs",Zimbabwe,Air Charter,2014-09-17,0.0,1169,0,194927.04,Not computed
ASN-27587,HETERO LABS LIMITED,"Lamivudine/Tenofovir Disoproxil Fumarate 300/300mg, tablets, 30 Tabs",Zimbabwe,Air Charter,2014-09-17,0.0,1170,0,73980.06,Not computed
ASN-28009,"Trinity Biotech, Plc","HIV 1/2, Uni-Gold HIV Kit, 20 Tests",Guyana,Air,2014-09-17,0.0,1171,0,84896.0,Not computed
DN-3887,SCMS from RDC,"Abacavir 300mg, tablets, 60 Tabs",Zambia,Truck,2014-09-18,0.0,1172,0,3627.29,Not computed
ASN-27812,HETERO LABS LIMITED,"Tenofovir Disoproxil Fumarate 300mg, tablets, 30 Tabs",Vietnam,Air,2014-09-22,0.0,1173,0,121295.0,Not computed
ASN-27813,HETERO LABS LIMITED,"Efavirenz/Lamivudine/Tenofovir Disoproxil Fumarate 600/300/300mg, tablets, 30 Tabs",Vietnam,Air,2014-09-22,0.0,1174,0,155190.0,Not computed
ASN-27814,HETERO LABS LIMITED,"Efavirenz/Lamivudine/Tenofovir Disoproxil Fumarate 600/300/300mg, tablets, 30 Tabs",Vietnam,Air,2014-09-22,0.0,1175,0,181440.0,Not computed
ASN-27804,ABBVIE LOGISTICS (FORMERLY ABBOTT LOGISTICS BV),"Lopinavir/Ritonavir 80/20mg/ml [Kaletra], oral solution, cool, Bottle 5 x 60 ml",Uganda,Air,2014-09-23,0.0,1176,0,2311.5,Not computed
ASN-27824,ABBVIE LOGISTICS (FORMERLY ABBOTT LOGISTICS BV),"Lopinavir/Ritonavir 200/50mg [Aluvia], tablets, 120 Tabs",Haiti,Air,2014-09-26,0.0,1177,0,26650.08,Not computed
ASN-28054,"CHEMBIO DIAGNOSTIC SYSTEMS, INC.","HIV 1/2, Stat-Pak Dipstick Assay Kit, 30 Tests",Burundi,Air,2014-09-26,0.0,1178,0,11426.4,Not computed
ASN-26903,Aurobindo Pharma Limited,"Nevirapine 50mg, dispersible tablets (tablets for oral suspension), 30 Tabs",South Sudan,Air,2014-09-29,0.0,1179,0,3172.5,Not computed
ASN-27241,"Trinity Biotech, Plc","HIV 1/2, Uni-Gold HIV Kit, 20 Tests",South Sudan,Air,2014-09-29,0.0,1180,0,16896.0,Not computed
ASN-27961,MYLAN LABORATORIES LTD (FORMERLY MATRIX LABORATORIES),"Efavirenz/Emtricitabine/Tenofovir Disoproxil Fumarate 600/200/300mg, tablets, 30 Tabs",Namibia,Air,2014-09-29,0.0,1181,0,378000.0,Not computed
ASN-26381,ABBVIE LOGISTICS (FORMERLY ABBOTT LOGISTICS BV),"Lopinavir/Ritonavir 80/20mg/ml [Kaletra], oral solution, cool, Bottle 5 x 60 ml",Tanzania,Air,2014-09-30,0.0,1182,0,9369.28,Not computed
ASN-27483,STRIDES ARCOLAB LIMITED,"Lamivudine/Nevirapine/Zidovudine 150/200/300mg, tablets, 60 Tabs","Congo, DRC",Air,2014-09-30,0.0,1183,0,7947.8,Not computed
DN-3941,SCMS from RDC,"Lamivudine/Tenofovir Disoproxil Fumarate 300/300mg, tablets, 30 Tabs",Zambia,Truck,2014-09-30,0.0,1184,0,54219.2,Not computed
ASN-27372,BIO-RAD LABORATORIES (FRANCE),"HIV, Multispot HIV-1/HIV-2 Rapid Test Kit, 50 Tests",Mozambique,Air,2014-10-01,0.0,1185,0,99402.4,Not computed
ASN-27436,B&C GROUP S.A.,"Darunavir 600mg [Prezista], tablets, 60 Tabs",Mozambique,Air,2014-10-01,0.0,1186,0,5328.0,Not computed
ASN-27557,HETERO LABS LIMITED,"Nevirapine 200mg, tablets, 60 Tabs",Zambia,Air,2014-10-01,0.0,1187,0,218000.0,Not computed
ASN-28050,ABBVIE LOGISTICS (FORMERLY ABBOTT LOGISTICS BV),"Ritonavir 100mg [Norvir], film coated tablets, 30 Tabs",Vietnam,Air,2014-10-01,0.0,1188,0,9304.0,Not computed
ASN-27718,ABBVIE LOGISTICS (FORMERLY ABBOTT LOGISTICS BV),"Lopinavir/Ritonavir 100/25mg [Aluvia], tablets, 60 Tabs",Tanzania,Air,2014-10-02,0.0,1189,0,34564.86,Not computed
ASN-27328,"Orgenics, Ltd","Capillary Tubes, for Determine, EDTA, 50uL,100 Pcs",South Sudan,Air,2014-10-03,0.0,1190,0,32870.0,Not computed
ASN-28049,ABBVIE LOGISTICS (FORMERLY ABBOTT LOGISTICS BV),"Ritonavir 100mg [Norvir], film coated tablets, 30 Tabs",Vietnam,Air,2014-10-07,0.0,1191,0,2326.0,Not computed
ASN-28330,"Orgenics, Ltd","HIV 1/2, Determine Complete HIV Kit, 100 Tests",Côte d'Ivoire,Air,2014-10-07,0.0,1192,0,117600.0,Not computed
ASN-26540,AMSTELFARMA B.V.,"Sulfadoxine/Pyrimethamine 500/25mg, tablets, 1000 Tabs","Congo, DRC",Air,2014-10-09,0.0,1193,0,25680.0,Not computed
ASN-28398,HETERO LABS LIMITED,"Efavirenz 600mg, tablets, 30 Tabs",Namibia,Air,2014-10-13,0.0,1194,0,73675.0,Not computed
ASN-28479,"CHEMBIO DIAGNOSTIC SYSTEMS, INC.","HIV 1/2, Stat-Pak HIV, Kit, 20 Tests",Côte d'Ivoire,Air,2014-10-13,0.0,1195,0,16430.0,Not computed
ASN-27795,CIPLA LIMITED,"Lamivudine/Tenofovir Disoproxil Fumarate 300/300mg, tablets, 30 Tabs",Haiti,Air,2014-10-14,0.0,1196,0,40419.54,Not computed
ASN-28350,"Trinity Biotech, Plc","HIV 1/2, Uni-Gold HIV Kit, 20 Tests",Uganda,Air,2014-10-14,0.0,1197,0,60896.0,Not computed
ASN-28591,"CHEMBIO DIAGNOSTIC SYSTEMS, INC.","HIV 1/2, Stat-Pak Dipstick Assay Kit, 30 Tests",Uganda,Air,2014-10-14,0.0,1198,0,22080.0,Not computed
ASN-28331,"Orgenics, Ltd","HIV 1/2, Determine Complete HIV Kit, 100 Tests",Rwanda,Air,2014-10-17,0.0,1199,0,151280.0,Not computed
ASN-26905,Aurobindo Pharma Limited,"Efavirenz/Lamivudine/Tenofovir Disoproxil Fumarate 600/300/300mg, tablets, 30 Tabs",Haiti,Ocean,2014-10-20,0.0,1200,0,165276.8,Not computed
ASN-26977,MICRO LABS LIMITED,"Efavirenz 600mg, tablets, 30 Tabs",Haiti,Ocean,2014-10-20,0.0,1201,0,9714.8,Not computed
ASN-27086,HETERO LABS LIMITED,"Lamivudine/Zidovudine 150/300mg, tablets, 60 Tabs",Haiti,Ocean,2014-10-20,0.0,1202,0,60990.47,Not computed
ASN-27545,MYLAN LABORATORIES LTD (FORMERLY MATRIX LABORATORIES),"Efavirenz/Lamivudine/Tenofovir Disoproxil Fumarate 600/300/300mg, tablets, 30 Tabs",Haiti,Ocean,2014-10-20,0.0,1203,0,507942.0,Not computed
ASN-28449,MERCK SHARP & DOHME IDEA GMBH (FORMALLY MERCK SHARP & DOHME B.V.),"Raltegravir 400mg [Isentress], tablets, 60 Tabs",Mozambique,Air,2014-10-21,0.0,1204,0,5550.0,Not computed
ASN-28217,ABBVIE LOGISTICS (FORMERLY ABBOTT LOGISTICS BV),"Lopinavir/Ritonavir 200/50mg [Aluvia], tablets, 120 Tabs",Vietnam,Air,2014-10-22,0.0,1205,0,121640.0,Not computed
ASN-28481,HETERO LABS LIMITED,"Lamivudine/Tenofovir Disoproxil Fumarate 300/300mg, tablets, 30 Tabs",Namibia,Air,2014-10-22,0.0,1206,0,111323.52,Not computed
ASN-28482,HETERO LABS LIMITED,"Lamivudine/Tenofovir Disoproxil Fumarate 300/300mg, tablets, 30 Tabs",Namibia,Air,2014-10-22,0.0,1207,0,113984.64,Not computed
ASN-28483,HETERO LABS LIMITED,"Lamivudine/Tenofovir Disoproxil Fumarate 300/300mg, tablets, 30 Tabs",Namibia,Air,2014-10-22,0.0,1208,0,107747.64,Not computed
ASN-28484,HETERO LABS LIMITED,"Lamivudine/Tenofovir Disoproxil Fumarate 300/300mg, tablets, 30 Tabs",Namibia,Air,2014-10-22,0.0,1209,0,13444.2,Not computed
ASN-28275,"Trinity Biotech, Plc","HIV 1/2, Uni-Gold HIV Kit, 20 Tests",Tanzania,Air,2014-10-25,0.0,1210,0,8064.0,Not computed
ASN-27939,MYLAN LABORATORIES LTD (FORMERLY MATRIX LABORATORIES),"Lamivudine/Zidovudine 150/300mg, tablets, 60 Tabs",Vietnam,Air,2014-10-27,0.0,1211,0,51920.0,Not computed
ASN-27709,CIPLA LIMITED,"Lamivudine/Tenofovir Disoproxil Fumarate 300/300mg, tablets, 30 Tabs",Haiti,Ocean,2014-10-28,0.0,1212,0,51380.46,Not computed
ASN-27710,CIPLA LIMITED,"Lamivudine/Nevirapine/Zidovudine 150/200/300mg, tablets, 60 Tabs",Haiti,Ocean,2014-10-28,0.0,1213,0,133123.5,Not computed
ASN-28239,MYLAN LABORATORIES LTD (FORMERLY MATRIX LABORATORIES),"Atazanavir/Ritonavir 300/100mg, tablets, 30 Tabs",Uganda,Air,2014-10-28,0.0,1214,0,62300.0,Not computed
ASN-28662,MERCK SHARP & DOHME IDEA GMBH (FORMALLY MERCK SHARP & DOHME B.V.),"Raltegravir 400mg [Isentress], tablets, 60 Tabs",Uganda,Air,2014-10-28,0.0,1215,0,72094.5,Not computed
ASN-27349,HETERO LABS LIMITED,"Lamivudine/Zidovudine 150/300mg, tablets, 60 Tabs",Haiti,Air,2014-10-29,0.0,1216,0,195887.35,Not computed
ASN-28220,ABBVIE LOGISTICS (FORMERLY ABBOTT LOGISTICS BV),"Lopinavir/Ritonavir 200/50mg [Aluvia], tablets, 120 Tabs",Vietnam,Air,2014-10-29,0.0,1217,0,425740.0,Not computed
ASN-27525,HETERO LABS LIMITED,"Lamivudine/Tenofovir Disoproxil Fumarate 300/300mg, tablets, 30 Tabs",Haiti,Ocean,2014-10-30,0.0,1218,0,1128034.32,Not computed
ASN-27943,MYLAN LABORATORIES LTD (FORMERLY MATRIX LABORATORIES),"Lamivudine/Zidovudine 150/300mg, tablets, 60 Tabs",Vietnam,Air,2014-10-30,0.0,1219,0,144602.0,Not computed
DN-3807,SCMS from RDC,"Lamivudine/Tenofovir Disoproxil Fumarate 300/300mg, tablets, 30 Tabs",Nigeria,Air Charter,2014-10-31,0.0,1220,0,57322.56,Not computed
DN-3931,SCMS from RDC,"Lamivudine/Nevirapine/Zidovudine 30/50/60mg, dispersible tablets, 60 Tabs",Rwanda,Air,2014-10-31,0.0,1221,0,8235.0,Not computed
DN-3934,SCMS from RDC,"Abacavir/Lamivudine 600/300mg, tablets, 30 Tabs",Mozambique,Truck,2014-10-31,0.0,1222,0,51281.36,Not computed
DN-3935,SCMS from RDC,"Abacavir/Lamivudine 600/300mg, tablets, 30 Tabs",Mozambique,Truck,2014-10-31,0.0,1223,0,26147.68,Not computed
DN-3994,SCMS from RDC,"Efavirenz 600mg, tablets, 30 Tabs",Nigeria,Air Charter,2014-10-31,0.0,1224,0,21141.12,Not computed
ASN-29067,JANSSEN SCIENCES IRELAND UC (FORMERLY JANSSEN R&D IRELAND),"Etravirine 100mg [Intelence], tablets, 120 Tabs",Uganda,Air,2014-11-01,0.0,1225,0,18036.0,Not computed
ASN-27940,MYLAN LABORATORIES LTD (FORMERLY MATRIX LABORATORIES),"Lamivudine/Nevirapine/Zidovudine 30/50/60mg, dispersible tablets, 60 Tabs",Zimbabwe,Ocean,2014-11-03,0.0,1226,0,736966.8,Not computed
ASN-27964,MYLAN LABORATORIES LTD (FORMERLY MATRIX LABORATORIES),"Lamivudine/Zidovudine 150/300mg, tablets, 60 Tabs",Vietnam,Air,2014-11-03,0.0,1227,0,129800.0,Not computed
ASN-28248,MYLAN LABORATORIES LTD (FORMERLY MATRIX LABORATORIES),"Lamivudine/Nevirapine/Zidovudine 150/200/300mg, tablets, 60 Tabs",Vietnam,Air,2014-11-03,0.0,1228,0,267040.65,Not computed
ASN-28600,"SHANGHAI KEHUA BIOENGINEERING CO.,LTD.  (KHB)","HIV 1/2, SKB Colloidal Gold, Diagnostic Kit, Antibody, 50 Tests",Haiti,Air,2014-11-03,0.0,1229,0,9800.0,Not computed
ASN-28279,"Trinity Biotech, Plc","HIV 1/2, Uni-Gold HIV Kit, 20 Tests","Congo, DRC",Air,2014-11-04,0.0,1230,0,49568.0,Not computed
ASN-28699,ABBVIE LOGISTICS (FORMERLY ABBOTT LOGISTICS BV),"Lopinavir/Ritonavir 100/25mg [Aluvia], tablets, 60 Tabs",Uganda,Air,2014-11-06,0.0,1231,0,4300.56,Not computed
ASN-28731,"Orgenics, Ltd","HIV 1/2, Determine Complete HIV Kit, 100 Tests",Haiti,Air,2014-11-06,0.0,1232,0,400000.0,Not computed
ASN-28062,MICRO LABS LIMITED,"Nevirapine 200mg, tablets, 60 Tabs",Vietnam,Air,2014-11-07,0.0,1233,0,30428.0,Not computed
ASN-28465,"Orgenics, Ltd","HIV 1/2, Determine Complete HIV Kit, 100 Tests",Zimbabwe,Air,2014-11-07,0.0,1234,0,578640.0,Not computed
ASN-29012,ABBVIE LOGISTICS (FORMERLY ABBOTT LOGISTICS BV),"Ritonavir 100mg [Norvir], film coated tablets, 60 Tabs",Uganda,Air,2014-11-08,0.0,1235,0,3966.15,Not computed
ASN-27917,Aurobindo Pharma Limited,"Lamivudine/Tenofovir Disoproxil Fumarate 300/300mg, tablets, 30 Tabs",Rwanda,Ocean,2014-11-12,0.0,1236,0,483600.0,Not computed
ASN-29216,ABBVIE LOGISTICS (FORMERLY ABBOTT LOGISTICS BV),"Lopinavir/Ritonavir 80/20mg/ml [Kaletra], oral solution, cool, Bottle 5 x 60 ml",Uganda,Air,2014-11-14,0.0,1237,0,2465.6,Not computed
ASN-28245,MYLAN LABORATORIES LTD (FORMERLY MATRIX LABORATORIES),"Lamivudine/Zidovudine 30/60mg, dispersible tablets, 60 Tabs",Haiti,Ocean,2014-11-17,0.0,1238,0,5074.5,Not computed
ASN-28246,MYLAN LABORATORIES LTD (FORMERLY MATRIX LABORATORIES),"Lamivudine/Nevirapine/Zidovudine 150/200/300mg, tablets, 60 Tabs",Haiti,Ocean,2014-11-17,0.0,1239,0,276501.60000000003,Not computed
ASN-28571,"Trinity Biotech, Plc","HIV 1/2, Uni-Gold HIV Kit, 20 Tests",Ethiopia,Air,2014-11-17,0.0,1240,0,17280.0,Not computed
ASN-29095,HETERO LABS LIMITED,"Lamivudine/Nevirapine/Zidovudine 150/200/300mg, tablets, 60 Tabs",Namibia,Air,2014-11-19,0.0,1241,0,279339.84,Not computed
ASN-29096,HETERO LABS LIMITED,"Lamivudine/Nevirapine/Zidovudine 150/200/300mg, tablets, 60 Tabs",Namibia,Air,2014-11-19,0.0,1242,0,277847.64,Not computed
ASN-29097,HETERO LABS LIMITED,"Lamivudine/Zidovudine 150/300mg, tablets, 60 Tabs",Namibia,Air,2014-11-19,0.0,1243,0,282254.95,Not computed
ASN-29450,S. BUYS WHOLESALER,"Darunavir 300mg [Prezista], tablets, 120 Tabs",South Africa,Truck,2014-11-19,0.0,1244,0,17568.09,Not computed
ASN-28229,MYLAN LABORATORIES LTD (FORMERLY MATRIX LABORATORIES),"Lamivudine/Zidovudine 150/300mg, tablets, 60 Tabs",Ghana,Air,2014-11-21,0.0,1245,0,166708.63,Not computed
ASN-29098,JANSSEN SCIENCES IRELAND UC (FORMERLY JANSSEN R&D IRELAND),"Darunavir 600mg [Prezista], tablets, 60 Tabs",Mozambique,Air,2014-11-21,0.0,1246,0,2700.0,Not computed
ASN-29195,MERCK SHARP & DOHME IDEA GMBH (FORMALLY MERCK SHARP & DOHME B.V.),"Raltegravir 400mg [Isentress], tablets, 60 Tabs",Haiti,Air,2014-11-24,0.0,1247,0,8935.5,Not computed
ASN-29183,MYLAN LABORATORIES LTD (FORMERLY MATRIX LABORATORIES),"Efavirenz/Emtricitabine/Tenofovir Disoproxil Fumarate 600/200/300mg, tablets, 30 Tabs",Namibia,Air,2014-11-25,0.0,1248,0,321720.0,Not computed
ASN-29184,MYLAN LABORATORIES LTD (FORMERLY MATRIX LABORATORIES),"Efavirenz/Emtricitabine/Tenofovir Disoproxil Fumarate 600/200/300mg, tablets, 30 Tabs",Namibia,Air,2014-11-25,0.0,1249,0,306180.0,Not computed
ASN-28777,MICRO LABS LIMITED,"Efavirenz 600mg, tablets, 30 Tabs",Vietnam,Air,2014-11-26,0.0,1250,0,104992.0,Not computed
ASN-29006,MICRO LABS LIMITED,"Efavirenz 200mg, capsule, 90 Caps",Zimbabwe,Air,2014-11-28,0.0,1251,0,23386.22,Not computed
ASN-28530,MYLAN LABORATORIES LTD (FORMERLY MATRIX LABORATORIES),"Lamivudine/Zidovudine 30/60mg, dispersible tablets, 60 Tabs",Zambia,Air,2014-12-01,0.0,1252,0,19900.0,Not computed
ASN-29261,MYLAN LABORATORIES LTD (FORMERLY MATRIX LABORATORIES),"Atazanavir/Ritonavir 300/100mg, tablets, 30 Tabs",Côte d'Ivoire,Air,2014-12-01,0.0,1253,0,20000.0,Not computed
ASN-29421,"Orgenics, Ltd","HIV 1/2, Determine Complete HIV Kit, 100 Tests",Cameroon,Air,2014-12-02,0.0,1254,0,9600.0,Not computed
ASN-29320,MYLAN LABORATORIES LTD (FORMERLY MATRIX LABORATORIES),"Atazanavir/Ritonavir 300/100mg, tablets, 30 Tabs",Côte d'Ivoire,Air,2014-12-04,0.0,1255,0,50000.0,Not computed
ASN-28430,"Orgenics, Ltd","HIV 1/2, Determine Complete HIV Kit, 100 Tests",Tanzania,Air,2014-12-10,0.0,1256,0,40320.0,Not computed
ASN-29130,HETERO LABS LIMITED,"Emtricitabine/Tenofovir Disoproxil Fumarate 200/300mg, tablets, 30 Tabs",Guyana,Air,2014-12-10,0.0,1257,0,12158.25,Not computed
ASN-29497,ABBVIE LOGISTICS (FORMERLY ABBOTT LOGISTICS BV),"Ritonavir 100mg [Norvir], film coated tablets, 60 Tabs",Haiti,Air,2014-12-10,0.0,1258,0,1863.2,Not computed
ASN-29499,JANSSEN SCIENCES IRELAND UC (FORMERLY JANSSEN R&D IRELAND),"Darunavir 600mg [Prezista], tablets, 60 Tabs",Haiti,Air,2014-12-10,0.0,1259,0,5994.0,Not computed
ASN-29167,CIPLA LIMITED,"Lamivudine/Zidovudine 30/60mg, dispersible tablets, 60 Tabs",South Sudan,Air,2014-12-11,0.0,1260,0,1206.5,Not computed
ASN-29372,HETERO LABS LIMITED,"Efavirenz/Lamivudine/Tenofovir Disoproxil Fumarate 600/300/300mg, tablets, 30 Tabs",Vietnam,Air,2014-12-17,0.0,1261,0,183820.0,Not computed
ASN-29373,HETERO LABS LIMITED,"Efavirenz/Lamivudine/Tenofovir Disoproxil Fumarate 600/300/300mg, tablets, 30 Tabs",Vietnam,Air,2014-12-17,0.0,1262,0,201600.0,Not computed
ASN-29374,HETERO LABS LIMITED,"Efavirenz/Lamivudine/Tenofovir Disoproxil Fumarate 600/300/300mg, tablets, 30 Tabs",Vietnam,Air,2014-12-17,0.0,1263,0,218988.0,Not computed
ASN-29375,HETERO LABS LIMITED,"Efavirenz/Lamivudine/Tenofovir Disoproxil Fumarate 600/300/300mg, tablets, 30 Tabs",Vietnam,Air,2014-12-17,0.0,1264,0,201600.0,Not computed
ASN-29376,HETERO LABS LIMITED,"Tenofovir Disoproxil Fumarate 300mg, tablets, 30 Tabs",Vietnam,Air,2014-12-17,0.0,1265,0,139192.0,Not computed
ASN-28850,MYLAN LABORATORIES LTD (FORMERLY MATRIX LABORATORIES),"Atazanavir/Ritonavir 300/100mg, tablets, 30 Tabs",Rwanda,Ocean,2014-12-19,0.0,1266,0,577380.0,Not computed
ASN-29338,"Orgenics, Ltd","HIV 1/2, Determine Complete HIV Kit, 100 Tests",Uganda,Air,2014-12-19,0.0,1267,0,200000.0,Not computed
ASN-29409,"Orgenics, Ltd","Chase Buffer, Determine, 100 Tests, 2.5ml x 1 Vial",South Sudan,Air,2014-12-22,0.0,1268,0,32870.0,Not computed
ASN-29384,HETERO LABS LIMITED,"Tenofovir Disoproxil Fumarate 300mg, tablets, 30 Tabs",Vietnam,Air,2014-12-24,0.0,1269,0,187620.0,Not computed
ASN-29385,HETERO LABS LIMITED,"Efavirenz/Lamivudine/Tenofovir Disoproxil Fumarate 600/300/300mg, tablets, 30 Tabs",Vietnam,Air,2014-12-24,0.0,1270,0,198240.0,Not computed
ASN-29386,HETERO LABS LIMITED,"Efavirenz/Lamivudine/Tenofovir Disoproxil Fumarate 600/300/300mg, tablets, 30 Tabs",Vietnam,Air,2014-12-24,0.0,1271,0,90440.0,Not computed
DN-3855,SCMS from RDC,"Lamivudine/Stavudine 150/30mg, tablets, 60 Tabs",Mozambique,Truck,2014-12-31,0.0,1272,0,7976.8,Not computed
ASN-28761,MICRO LABS LIMITED,"Lamivudine 150mg, tablets, 60 Tabs",Haiti,Ocean,2015-01-09,0.0,1273,0,225144.9,Not computed
ASN-29503,"Trinity Biotech, Plc","HIV 1/2, Uni-Gold HIV Kit, 20 Tests",South Sudan,Air,2015-01-09,0.0,1274,0,16896.0,Not computed
ASN-29588,ABBVIE LOGISTICS (FORMERLY ABBOTT LOGISTICS BV),"Lopinavir/Ritonavir 200/50mg [Aluvia], tablets, 120 Tabs",Vietnam,Air,2015-01-15,0.0,1275,0,267608.0,Not computed
ASN-29589,ABBVIE LOGISTICS (FORMERLY ABBOTT LOGISTICS BV),"Ritonavir 100mg [Norvir], film coated tablets, 30 Tabs",Vietnam,Air,2015-01-15,0.0,1276,0,4652.0,Not computed
ASN-29770,MYLAN LABORATORIES LTD (FORMERLY MATRIX LABORATORIES),"Lamivudine/Nevirapine/Zidovudine 150/200/300mg, tablets, 60 Tabs",Vietnam,Air,2015-01-15,0.0,1277,0,56700.0,Not computed
ASN-29771,MYLAN LABORATORIES LTD (FORMERLY MATRIX LABORATORIES),"Abacavir 300mg, tablets, 60 Tabs",Vietnam,Air,2015-01-15,0.0,1278,0,13308.0,Not computed
ASN-29592,ABBVIE LOGISTICS (FORMERLY ABBOTT LOGISTICS BV),"Lopinavir/Ritonavir 200/50mg [Aluvia], tablets, 120 Tabs",Vietnam,Air,2015-01-16,0.0,1279,0,340592.0,Not computed
ASN-29593,ABBVIE LOGISTICS (FORMERLY ABBOTT LOGISTICS BV),"Ritonavir 100mg [Norvir], film coated tablets, 30 Tabs",Vietnam,Air,2015-01-16,0.0,1280,0,4652.0,Not computed
ASN-30197,MERCK SHARP & DOHME IDEA GMBH (FORMALLY MERCK SHARP & DOHME B.V.),"Raltegravir 400mg [Isentress], tablets, 60 Tabs",Mozambique,Air,2015-01-20,0.0,1281,0,2220.0,Not computed
ASN-29944,"Trinity Biotech, Plc","HIV 1/2, Uni-Gold HIV Kit, 20 Tests",Zambia,Air,2015-01-21,0.0,1282,0,96000.0,Not computed
ASN-29971,"CHEMBIO DIAGNOSTIC SYSTEMS, INC.","HIV 1/2, Stat-Pak HIV, Kit, 20 Tests",Côte d'Ivoire,Air,2015-01-23,0.0,1283,0,65720.0,Not computed
ASN-29972,"Standard Diagnostics, Inc.","HIV 1/2, Bioline 3.0 Kit, Lancets, Capillary pipets, Alcohol swabs included, 25 Tests",Côte d'Ivoire,Air,2015-01-23,0.0,1284,0,28700.0,Not computed
ASN-29876,"CHEMBIO DIAGNOSTIC SYSTEMS, INC.","HIV 1/2, Stat-Pak Dipstick Assay Kit, 30 Tests",Burundi,Air,2015-01-26,0.0,1285,0,11426.4,Not computed
DN-4071,SCMS from RDC,"Lamivudine/Tenofovir Disoproxil Fumarate 300/300mg, tablets, 30 Tabs",Uganda,Truck,2015-02-02,0.0,1286,0,66764.6,Not computed
ASN-29746,MYLAN LABORATORIES LTD (FORMERLY MATRIX LABORATORIES),"Lamivudine/Nevirapine/Zidovudine 30/50/60mg, dispersible tablets, 60 Tabs",Zimbabwe,Air,2015-02-03,0.0,1287,0,0.01,Not computed
ASN-29747,MYLAN LABORATORIES LTD (FORMERLY MATRIX LABORATORIES),"Lamivudine/Nevirapine/Zidovudine 30/50/60mg, dispersible tablets, 60 Tabs",Zimbabwe,Air,2015-02-03,0.0,1288,0,2845.5,Not computed
ASN-27786,IMRES B.V.,"Sulfadoxine/Pyrimethamine 500/25mg, tablets, 1000 Tabs","Congo, DRC",Air,2015-02-05,0.0,1289,0,37401.0,Not computed
ASN-29768,MYLAN LABORATORIES LTD (FORMERLY MATRIX LABORATORIES),"Lamivudine/Nevirapine/Zidovudine 150/200/300mg, tablets, 60 Tabs",Vietnam,Air,2015-02-05,0.0,1290,0,170200.0,Not computed
ASN-29769,MYLAN LABORATORIES LTD (FORMERLY MATRIX LABORATORIES),"Abacavir 300mg, tablets, 60 Tabs",Vietnam,Air,2015-02-05,0.0,1291,0,9981.0,Not computed
ASN-30231,HETERO LABS LIMITED,"Lamivudine 150mg, tablets, 60 Tabs",Haiti,Air,2015-02-06,0.0,1292,0,2592.0,Not computed
ASN-30261,"Orgenics, Ltd","Chase Buffer, Determine, 100 Tests, 2.5ml x 1 Vial",Mozambique,Air,2015-02-10,0.0,1293,0,1598.7,Not computed
ASN-29533,MICRO LABS LIMITED,"Lamivudine 150mg, tablets, 60 Tabs","Congo, DRC",Air,2015-02-12,0.0,1294,0,6835.28,Not computed
ASN-30093,HETERO LABS LIMITED,"Lamivudine/Zidovudine 150/300mg, tablets, 60 Tabs",Haiti,Air,2015-02-12,0.0,1295,0,334095.84,Not computed
ASN-29946,"Orgenics, Ltd","HIV 1/2, Determine Complete HIV Kit, 100 Tests",Côte d'Ivoire,Air,2015-02-16,0.0,1296,0,380000.0,Not computed
ASN-30569,JANSSEN SCIENCES IRELAND UC (FORMERLY JANSSEN R&D IRELAND),"Darunavir 600mg [Prezista], tablets, 60 Tabs",Mozambique,Air,2015-02-16,0.0,1297,0,14904.0,Not computed
ASN-30276,"Trinity Biotech, Plc","HIV 1/2, Uni-Gold HIV Kit, 20 Tests",Rwanda,Air,2015-02-18,0.0,1298,0,11808.0,Not computed
ASN-30384,"CHEMBIO DIAGNOSTIC SYSTEMS, INC.","HIV 1/2, Stat-Pak Dipstick Assay Kit, 30 Tests",Burundi,Air,2015-02-18,0.0,1299,0,16422.0,Not computed
ASN-30481,"SHANGHAI KEHUA BIOENGINEERING CO.,LTD.  (KHB)","HIV 1/2, SKB Colloidal Gold, Diagnostic Kit, Antibody, 50 Tests",Rwanda,Air,2015-02-18,0.0,1300,0,98343.0,Not computed
ASN-30485,"SHANGHAI KEHUA BIOENGINEERING CO.,LTD.  (KHB)","HIV 1/2, SKB Colloidal Gold, Diagnostic Kit, Antibody, 50 Tests",Rwanda,Air,2015-02-18,0.0,1301,0,98784.0,Not computed
ASN-30487,"SHANGHAI KEHUA BIOENGINEERING CO.,LTD.  (KHB)","HIV 1/2, SKB Colloidal Gold, Diagnostic Kit, Antibody, 50 Tests",Rwanda,Air,2015-02-18,0.0,1302,0,99225.0,Not computed
ASN-30488,"SHANGHAI KEHUA BIOENGINEERING CO.,LTD.  (KHB)","HIV 1/2, SKB Colloidal Gold, Diagnostic Kit, Antibody, 50 Tests",Rwanda,Air,2015-02-18,0.0,1303,0,100425.5,Not computed
ASN-29141,"Orgenics, Ltd","HIV 1/2, Determine Complete HIV Kit, 100 Tests",Swaziland,Air,2015-02-19,0.0,1304,0,3315.0,Not computed
ASN-30187,"SHANGHAI KEHUA BIOENGINEERING CO.,LTD.  (KHB)","HIV 1/2, SKB Colloidal Gold, Diagnostic Kit, Antibody, 50 Tests",Haiti,Air,2015-02-20,0.0,1305,0,9800.0,Not computed
ASN-30382,"Standard Diagnostics, Inc.","HIV 1/2, Bioline 3.0 Kit, Lancets, Capillary pipets, Alcohol swabs included, 25 Tests",Côte d'Ivoire,Air,2015-02-20,0.0,1306,0,28700.0,Not computed
ASN-30570,"CHEMBIO DIAGNOSTIC SYSTEMS, INC.","HIV 1/2, Stat-Pak HIV, Kit, 20 Tests",Côte d'Ivoire,Air,2015-02-20,0.0,1307,0,65720.0,Not computed
ASN-29855,"Trinity Biotech, Plc","HIV 1/2, Uni-Gold HIV Kit, 20 Tests",Tanzania,Air,2015-02-23,0.0,1308,0,5376.0,Not computed
ASN-30328,"Orgenics, Ltd","HIV 1/2, Determine Complete HIV Kit, 100 Tests",Haiti,Air,2015-02-26,0.0,1309,0,450000.0,Not computed
ASN-30367,HETERO LABS LIMITED,"Efavirenz 600mg, tablets, 30 Tabs",Haiti,Air,2015-02-26,0.0,1310,0,197232.0,Not computed
DN-4154,SCMS from RDC,"Lamivudine/Zidovudine 150/300mg, tablets, 60 Tabs",Zambia,Truck,2015-02-27,0.0,1311,0,939895.2,Not computed
DN-4110,SCMS from RDC,"Lamivudine/Zidovudine 30/60mg, dispersible tablets, 60 Tabs",Zambia,Truck,2015-02-28,0.0,1312,0,7960.0,Not computed
ASN-30320,HETERO LABS LIMITED,"Lamivudine 150mg, tablets, 60 Tabs",Vietnam,Air,2015-03-10,0.0,1313,0,19368.0,Not computed
ASN-30737,ABBVIE LOGISTICS (FORMERLY ABBOTT LOGISTICS BV),"Lopinavir/Ritonavir 80/20mg/ml [Kaletra], oral solution, cool, Bottle 5 x 60 ml",Côte d'Ivoire,Air,2015-03-10,0.0,1314,0,15410.0,Not computed
ASN-29092,"Orgenics, Ltd","HIV 1/2, Determine Complete HIV Kit, 100 Tests",Zambia,Air,2015-03-11,0.0,1315,0,109120.0,Not computed
ASN-30066,MYLAN LABORATORIES LTD (FORMERLY MATRIX LABORATORIES),"Efavirenz/Lamivudine/Tenofovir Disoproxil Fumarate 600/300/300mg, tablets, 30 Tabs",Haiti,Air,2015-03-11,0.0,1316,0,768000.0,Not computed
ASN-30803,MYLAN LABORATORIES LTD (FORMERLY MATRIX LABORATORIES),"Atazanavir/Ritonavir 300/100mg, tablets, 30 Tabs",Haiti,Air,2015-03-12,0.0,1317,0,39000.0,Not computed
ASN-30067,MYLAN LABORATORIES LTD (FORMERLY MATRIX LABORATORIES),"Efavirenz/Lamivudine/Tenofovir Disoproxil Fumarate 600/300/300mg, tablets, 30 Tabs",Haiti,Ocean,2015-03-13,0.0,1318,0,256000.0,Not computed
ASN-30567,MYLAN LABORATORIES LTD (FORMERLY MATRIX LABORATORIES),"Abacavir 300mg, tablets, 60 Tabs",Haiti,Air,2015-03-13,0.0,1319,0,51433.2,Not computed
ASN-30164,MYLAN LABORATORIES LTD (FORMERLY MATRIX LABORATORIES),"Lamivudine/Nevirapine/Zidovudine 150/200/300mg, tablets, 60 Tabs",Vietnam,Air,2015-03-19,0.0,1320,0,72900.0,Not computed
ASN-30672,ABBVIE LOGISTICS (FORMERLY ABBOTT LOGISTICS BV),"Ritonavir 100mg [Norvir], film coated tablets, 30 Tabs",Vietnam,Air,2015-03-19,0.0,1321,0,306977.28,Not computed
ASN-30994,ABBVIE LOGISTICS (FORMERLY ABBOTT LOGISTICS BV),"Lopinavir/Ritonavir 80/20mg/ml [Kaletra], oral solution, cool, Bottle 5 x 60 ml",Uganda,Air,2015-03-20,0.0,1322,0,4623.0,Not computed
ASN-30166,MYLAN LABORATORIES LTD (FORMERLY MATRIX LABORATORIES),"Lamivudine/Nevirapine/Zidovudine 150/200/300mg, tablets, 60 Tabs",Vietnam,Air,2015-03-23,0.0,1323,0,24300.0,Not computed
ASN-30553,MYLAN LABORATORIES LTD (FORMERLY MATRIX LABORATORIES),"Efavirenz/Lamivudine/Tenofovir Disoproxil Fumarate 600/300/300mg, tablets, 30 Tabs",Vietnam,Air,2015-03-23,0.0,1324,0,217047.6,Not computed
ASN-30554,MYLAN LABORATORIES LTD (FORMERLY MATRIX LABORATORIES),"Efavirenz/Lamivudine/Tenofovir Disoproxil Fumarate 600/300/300mg, tablets, 30 Tabs",Vietnam,Air,2015-03-23,0.0,1325,0,217047.6,Not computed
ASN-30555,MYLAN LABORATORIES LTD (FORMERLY MATRIX LABORATORIES),"Efavirenz/Lamivudine/Tenofovir Disoproxil Fumarate 600/300/300mg, tablets, 30 Tabs",Vietnam,Air,2015-03-23,0.0,1326,0,225654.8,Not computed
ASN-28820,"Trinity Biotech, Plc","HIV 1/2, Uni-Gold HIV Kit, 20 Tests",Zambia,Air,2015-03-26,0.0,1327,0,96000.0,Not computed
ASN-30556,MYLAN LABORATORIES LTD (FORMERLY MATRIX LABORATORIES),"Lamivudine/Zidovudine 150/300mg, tablets, 60 Tabs",Vietnam,Air,2015-03-26,0.0,1328,0,36993.0,Not computed
ASN-30811,HETERO LABS LIMITED,"Zidovudine 300mg, tablets, 60 Tabs",Haiti,Air,2015-03-26,0.0,1329,0,5445.0,Not computed
ASN-31240,ABBVIE LOGISTICS (FORMERLY ABBOTT LOGISTICS BV),"Lopinavir/Ritonavir 80/20mg/ml [Kaletra], oral solution, cool, Bottle 5 x 60 ml",Rwanda,Air,2015-03-26,0.0,1330,0,2650.52,Not computed
ASN-30809,MYLAN LABORATORIES LTD (FORMERLY MATRIX LABORATORIES),"Lamivudine/Nevirapine/Zidovudine 150/200/300mg, tablets, 60 Tabs",Haiti,Air,2015-03-27,0.0,1331,0,202435.2,Not computed
ASN-30810,MYLAN LABORATORIES LTD (FORMERLY MATRIX LABORATORIES),"Lamivudine/Nevirapine/Zidovudine 150/200/300mg, tablets, 60 Tabs",Haiti,Air,2015-03-27,0.0,1332,0,215524.8,Not computed
ASN-30364,MYLAN LABORATORIES LTD (FORMERLY MATRIX LABORATORIES),"Lamivudine/Zidovudine 150/300mg, tablets, 60 Tabs",Haiti,Ocean,2015-03-31,0.0,1333,0,492045.84,Not computed
ASN-30940,HETERO LABS LIMITED,"Lamivudine 150mg, tablets, 60 Tabs",Vietnam,Air,2015-03-31,0.0,1334,0,33552.0,Not computed
ASN-30941,HETERO LABS LIMITED,"Efavirenz 600mg, tablets, 30 Tabs",Vietnam,Air,2015-03-31,0.0,1335,0,47160.0,Not computed
DN-4150,SCMS from RDC,"Lamivudine/Zidovudine 30/60mg, dispersible tablets, 60 Tabs",Rwanda,Air,2015-03-31,0.0,1336,0,3315.0,Not computed
ASN-30748,AMSTELFARMA B.V.,"Sulfadoxine/Pyrimethamine 500/25mg, tablets, 1000 Tabs","Congo, DRC",Air,2015-04-03,0.0,1337,0,19198.0,Not computed
ASN-30196,HETERO LABS LIMITED,"Efavirenz/Lamivudine/Tenofovir Disoproxil Fumarate 600/300/300mg, tablets, 30 Tabs",Haiti,Ocean,2015-04-09,0.0,1338,0,579125.0,Not computed
ASN-31173,ABBVIE LOGISTICS (FORMERLY ABBOTT LOGISTICS BV),"Lopinavir/Ritonavir 80/20mg/ml [Kaletra], oral solution, cool, Bottle 5 x 60 ml",Côte d'Ivoire,Air,2015-04-09,0.0,1339,0,22960.9,Not computed
ASN-30942,HETERO LABS LIMITED,"Abacavir 300mg, tablets, 60 Tabs",Vietnam,Air,2015-04-14,0.0,1340,0,113680.0,Not computed
ASN-31352,BIO-RAD LABORATORIES (FRANCE),"HIV, Multispot HIV-1/HIV-2 Rapid Test Kit, 50 Tests",Mozambique,Air,2015-04-14,0.0,1341,0,107651.2,Not computed
ASN-31553,ABBVIE LOGISTICS (FORMERLY ABBOTT LOGISTICS BV),"Ritonavir 100mg [Norvir], film coated tablets, 60 Tabs",Mozambique,Air,2015-04-15,0.0,1342,0,2740.0,Not computed
ASN-31555,BIO-RAD LABORATORIES (FRANCE),"HIV 1/2, Genie III Kit, 50 Tests",Uganda,Air,2015-04-17,0.0,1343,0,2982.0,Not computed
ASN-30566,HETERO LABS LIMITED,"Lamivudine/Tenofovir Disoproxil Fumarate 300/300mg, tablets, 30 Tabs",Haiti,Ocean,2015-04-20,0.0,1344,0,84421.26,Not computed
ASN-31235,"SHANGHAI KEHUA BIOENGINEERING CO.,LTD.  (KHB)","HIV 1/2, SKB Colloidal Gold, Diagnostic Kit, Antibody, 50 Tests",Haiti,Air,2015-04-21,0.0,1345,0,39200.0,Not computed
ASN-31408,"CHEMBIO DIAGNOSTIC SYSTEMS, INC.","HIV 1/2, Stat-Pak Dipstick Assay Kit, 30 Tests",Burundi,Air,2015-04-21,0.0,1346,0,14269.2,Not computed
ASN-31313,"Trinity Biotech, Plc","HIV 1/2, Uni-Gold HIV Kit, 20 Tests",Nigeria,Air,2015-04-22,0.0,1347,0,214560.0,Not computed
ASN-31631,ABBVIE LOGISTICS (FORMERLY ABBOTT LOGISTICS BV),"Lopinavir/Ritonavir 80/20mg/ml [Kaletra], oral solution, cool, Bottle 5 x 60 ml",Zambia,Air,2015-04-23,0.0,1348,0,69838.12,Not computed
ASN-31454,SWORDS LABORATORIES,"Atazanavir 150mg [Reyataz], capsules, 60 Caps",Rwanda,Air,2015-04-27,0.0,1349,0,4468.2,Not computed
ASN-30243,"Orgenics, Ltd","HIV 1/2, Determine Complete HIV Kit, 100 Tests",Tanzania,Air,2015-04-28,0.0,1350,0,26880.0,Not computed
ASN-31018,"Trinity Biotech, Plc","HIV 1/2, Uni-Gold HIV Kit, 20 Tests",Tanzania,Air,2015-04-28,0.0,1351,0,2688.0,Not computed
ASN-31133,"Orgenics, Ltd","HIV 1/2, Determine Complete HIV Kit, 100 Tests",Tanzania,Air,2015-04-28,0.0,1352,0,13440.0,Not computed
ASN-31624,"SHANGHAI KEHUA BIOENGINEERING CO.,LTD.  (KHB)","HIV 1/2, SKB Colloidal Gold, Diagnostic Kit, Antibody, 50 Tests",Ethiopia,Air,2015-04-28,0.0,1353,0,98000.0,Not computed
DN-4180,SCMS from RDC,"Lamivudine/Zidovudine 30/60mg, dispersible tablets, 60 Tabs",Rwanda,Air,2015-04-30,0.0,1354,0,7435.35,Not computed
DN-4214,SCMS from RDC,"Lamivudine/Tenofovir Disoproxil Fumarate 300/300mg, tablets, 30 Tabs",Uganda,Truck,2015-04-30,0.0,1355,0,62189.91,Not computed
DN-4215,SCMS from RDC,"Lamivudine/Nevirapine/Zidovudine 150/200/300mg, tablets, 60 Tabs",Uganda,Truck,2015-04-30,0.0,1356,0,507736.68,Not computed
DN-4216,SCMS from RDC,"Lamivudine/Zidovudine 30/60mg, dispersible tablets, 60 Tabs",Uganda,Truck,2015-04-30,0.0,1357,0,989760.0,Not computed
ASN-30242,"Orgenics, Ltd","HIV 1/2, Determine Complete HIV Kit, 100 Tests",Zambia,Air,2015-05-05,0.0,1358,0,490960.0,Not computed
ASN-30244,"Orgenics, Ltd","HIV 1/2, Determine Complete HIV Kit, 100 Tests",Zambia,Air,2015-05-05,0.0,1359,0,229040.0,Not computed
ASN-31456,ABBVIE LOGISTICS (FORMERLY ABBOTT LOGISTICS BV),"Ritonavir 100mg [Norvir], film coated tablets, 60 Tabs",Mozambique,Air,2015-05-06,0.0,1360,0,822.0,Not computed
ASN-31861,JANSSEN SCIENCES IRELAND UC (FORMERLY JANSSEN R&D IRELAND),"Darunavir 600mg [Prezista], tablets, 60 Tabs",Mozambique,Air,2015-05-06,0.0,1361,0,5400.0,Not computed
ASN-31129,"Trinity Biotech, Plc","HIV 1/2, Uni-Gold HIV Kit, 20 Tests",South Sudan,Air,2015-05-08,0.0,1362,0,18816.0,Not computed
ASN-31739,SWORDS LABORATORIES,"Atazanavir 200mg [Reyataz], capsules, 60 Caps",Rwanda,Air,2015-05-08,0.0,1363,0,18928.92,Not computed
ASN-31573,Aurobindo Pharma Limited,"Lamivudine/Zidovudine 150/300mg, tablets, 60 Tabs",Haiti,Air,2015-05-11,0.0,1364,0,8239.09,Not computed
ASN-31756,ABBVIE LOGISTICS (FORMERLY ABBOTT LOGISTICS BV),"Lopinavir/Ritonavir 100/25mg [Aluvia], tablets, 60 Tabs",Rwanda,Air,2015-05-11,0.0,1365,0,3813.48,Not computed
ASN-31166,"Orgenics, Ltd","HIV 1/2, Determine Complete HIV Kit, 100 Tests",Zambia,Air,2015-05-12,0.0,1366,0,254560.0,Not computed
ASN-31659,SWORDS LABORATORIES,"Atazanavir 200mg [Reyataz], capsules, 60 Caps",Rwanda,Air,2015-05-12,0.0,1367,0,43869.6,Not computed
ASN-31163,"Orgenics, Ltd","HIV 1/2, ImmunoComb TriSpot Ag - Ab Kit, 36 Tests",Mali,Air,2015-05-13,0.0,1368,0,8125.0,Not computed
ASN-31590,JANSSEN SCIENCES IRELAND UC (FORMERLY JANSSEN R&D IRELAND),"Darunavir 600mg [Prezista], tablets, 60 Tabs",Haiti,Air,2015-05-13,0.0,1369,0,32400.0,Not computed
ASN-31775,JANSSEN SCIENCES IRELAND UC (FORMERLY JANSSEN R&D IRELAND),"Etravirine 100mg [Intelence], tablets, 120 Tabs",Haiti,Air,2015-05-13,0.0,1370,0,5040.0,Not computed
ASN-31818,"Trinity Biotech, Plc","HIV 1/2, Uni-Gold HIV Kit, 20 Tests",Uganda,Air,2015-05-14,0.0,1371,0,83200.0,Not computed
ASN-31640,ABBVIE LOGISTICS (FORMERLY ABBOTT LOGISTICS BV),"Lopinavir/Ritonavir 80/20mg/ml [Kaletra], oral solution, cool, Bottle 5 x 60 ml",Zambia,Air,2015-05-18,0.0,1372,0,69807.3,Not computed
ASN-29481,"Orgenics, Ltd","HIV 1/2, DoubleCheck Gold Kit, 20 Tests","Congo, DRC",Air,2015-05-19,0.0,1373,0,19720.8,Not computed
ASN-31431,Orasure Technologies Inc.,"HIV, OraQuick Controls Kit, 3 Vials",Mali,Air,2015-05-20,0.0,1374,0,500.0,Not computed
ASN-31432,Orasure Technologies Inc.,"HIV, OraQuick Controls Kit, 3 Vials",Mali,Air,2015-05-20,0.0,1375,0,825.0,Not computed
ASN-30989,CIPLA LIMITED,"Efavirenz/Lamivudine/Tenofovir Disoproxil Fumarate 600/300/300mg, tablets, 30 Tabs",Haiti,Ocean,2015-05-25,0.0,1376,0,394932.5,Not computed
ASN-30881,"Trinity Biotech, Plc","HIV 1/2, Uni-Gold HIV Kit, 20 Tests",Zambia,Air,2015-05-29,0.0,1377,0,256000.0,Not computed
ASN-31646,MYLAN LABORATORIES LTD (FORMERLY MATRIX LABORATORIES),"Lamivudine/Zidovudine 150/300mg, tablets, 60 Tabs",Vietnam,Air,2015-06-01,0.0,1378,0,109032.0,Not computed
ASN-31647,MYLAN LABORATORIES LTD (FORMERLY MATRIX LABORATORIES),"Efavirenz/Lamivudine/Tenofovir Disoproxil Fumarate 600/300/300mg, tablets, 30 Tabs",Vietnam,Air,2015-06-01,0.0,1379,0,217047.6,Not computed
ASN-31648,MYLAN LABORATORIES LTD (FORMERLY MATRIX LABORATORIES),"Efavirenz/Lamivudine/Tenofovir Disoproxil Fumarate 600/300/300mg, tablets, 30 Tabs",Vietnam,Air,2015-06-01,0.0,1380,0,188952.4,Not computed
ASN-31335,"Orgenics, Ltd","Chase Buffer, Determine, 100 Tests, 2.5ml x 1 Vial",South Sudan,Air,2015-06-03,0.0,1381,0,2865.0,Not computed
ASN-31337,"Orgenics, Ltd","Chase Buffer, Determine, 100 Tests, 2.5ml x 1 Vial",South Sudan,Air,2015-06-03,0.0,1382,0,8235.0,Not computed
ASN-31338,"Orgenics, Ltd","Chase Buffer, Determine, 100 Tests, 2.5ml x 1 Vial",South Sudan,Air,2015-06-03,0.0,1383,0,19100.0,Not computed
ASN-31866,ABBVIE LOGISTICS (FORMERLY ABBOTT LOGISTICS BV),"Lopinavir/Ritonavir 80/20mg/ml [Kaletra], oral solution, cool, Bottle 5 x 60 ml",Haiti,Air,2015-06-05,0.0,1384,0,12944.4,Not computed
ASN-31639,ABBVIE LOGISTICS (FORMERLY ABBOTT LOGISTICS BV),"Lopinavir/Ritonavir 80/20mg/ml [Kaletra], oral solution, cool, Bottle 5 x 60 ml",Zambia,Air,2015-06-09,0.0,1385,0,69838.12,Not computed
ASN-32420,MERCK SHARP & DOHME IDEA GMBH (FORMALLY MERCK SHARP & DOHME B.V.),"Raltegravir 400mg [Isentress], tablets, 60 Tabs",Mozambique,Air,2015-06-09,0.0,1386,0,17427.0,Not computed
ASN-31571,MYLAN LABORATORIES LTD (FORMERLY MATRIX LABORATORIES),"Lamivudine/Zidovudine 150/300mg, tablets, 60 Tabs",Haiti,Ocean,2015-06-17,0.0,1387,0,344034.9,Not computed
ASN-32498,MYLAN LABORATORIES LTD (FORMERLY MATRIX LABORATORIES),"Atazanavir/Ritonavir 300/100mg, tablets, 30 Tabs",Uganda,Air,2015-06-20,0.0,1388,0,241215.0,Not computed
ASN-32557,"Trinity Biotech, Plc","HIV 1/2, Uni-Gold HIV Kit, 20 Tests",Ethiopia,Air,2015-06-24,0.0,1389,0,5440.0,Not computed
DN-4286,SCMS from RDC,"Efavirenz/Lamivudine/Tenofovir Disoproxil Fumarate 600/300/300mg, tablets, 30 Tabs",Rwanda,Truck,2015-06-30,0.0,1390,0,2826230.4,Not computed
DN-4299,SCMS from RDC,"Lamivudine/Zidovudine 150/300mg, tablets, 60 Tabs",Rwanda,Truck,2015-06-30,0.0,1391,0,227274.16,Not computed
ASN-31750,"Trinity Biotech, Plc","HIV 1/2, Uni-Gold HIV Kit, 20 Tests","Congo, DRC",Air,2015-07-02,0.0,1392,0,50848.0,Not computed
ASN-31958,"Orgenics, Ltd","Chase Buffer, Determine, 100 Tests, 2.5ml x 1 Vial",South Sudan,Air,2015-07-02,0.0,1393,0,8595.0,Not computed
ASN-32106,"Orgenics, Ltd","HIV 1/2, Determine Complete HIV Kit, 100 Tests",South Sudan,Air,2015-07-02,0.0,1394,0,6490.0,Not computed
ASN-32107,"Orgenics, Ltd","HIV 1/2, Determine Complete HIV Kit, 100 Tests",South Sudan,Air,2015-07-02,0.0,1395,0,9550.0,Not computed
ASN-32108,"Orgenics, Ltd","Chase Buffer, Determine, 100 Tests, 2.5ml x 1 Vial",South Sudan,Air,2015-07-02,0.0,1396,0,2865.0,Not computed
ASN-32109,"Orgenics, Ltd","Chase Buffer, Determine, 100 Tests, 2.5ml x 1 Vial",South Sudan,Air,2015-07-02,0.0,1397,0,8235.0,Not computed
ASN-31820,MYLAN LABORATORIES LTD (FORMERLY MATRIX LABORATORIES),"Abacavir/Lamivudine 60/30mg, tablets, 60 Tabs",Haiti,Ocean,2015-07-03,0.0,1398,0,1164891.0,Not computed
ASN-31821,MYLAN LABORATORIES LTD (FORMERLY MATRIX LABORATORIES),"Lamivudine/Zidovudine 30/60mg, tablets, 60 Tabs",Haiti,Ocean,2015-07-03,0.0,1399,0,11940.0,Not computed
ASN-31822,MYLAN LABORATORIES LTD (FORMERLY MATRIX LABORATORIES),"Lamivudine/Nevirapine/Zidovudine 30/50/60mg, dispersible tablets, 60 Tabs",Haiti,Ocean,2015-07-03,0.0,1400,0,22750.0,Not computed
ASN-32560,"CHEMBIO DIAGNOSTIC SYSTEMS, INC.","HIV 1/2, Stat-Pak Dipstick Assay Kit, 30 Tests",Burundi,Air,2015-07-06,0.0,1401,0,16394.4,Not computed
ASN-32442,HETERO LABS LIMITED,"Tenofovir Disoproxil Fumarate 300mg, tablets, 30 Tabs",Vietnam,Air,2015-07-07,0.0,1402,0,54495.0,Not computed
ASN-32676,ABBVIE LOGISTICS (FORMERLY ABBOTT LOGISTICS BV),"Ritonavir 100mg [Norvir], film coated tablets, 60 Tabs",Haiti,Air,2015-07-07,0.0,1403,0,2397.5,Not computed
ASN-32256,ABBVIE LOGISTICS (FORMERLY ABBOTT LOGISTICS BV),"Ritonavir 100mg [Norvir], film coated tablets, 30 Tabs",Vietnam,Air,2015-07-09,0.0,1404,0,6978.0,Not computed
ASN-32265,HETERO LABS LIMITED,"Efavirenz/Lamivudine/Tenofovir Disoproxil Fumarate 600/300/300mg, tablets, 30 Tabs",Vietnam,Air,2015-07-10,0.0,1405,0,128130.0,Not computed
ASN-32266,HETERO LABS LIMITED,"Efavirenz/Lamivudine/Tenofovir Disoproxil Fumarate 600/300/300mg, tablets, 30 Tabs",Vietnam,Air,2015-07-10,0.0,1406,0,177600.0,Not computed
ASN-32267,HETERO LABS LIMITED,"Efavirenz/Lamivudine/Tenofovir Disoproxil Fumarate 600/300/300mg, tablets, 30 Tabs",Vietnam,Air,2015-07-10,0.0,1407,0,177600.0,Not computed
ASN-32268,HETERO LABS LIMITED,"Efavirenz/Lamivudine/Tenofovir Disoproxil Fumarate 600/300/300mg, tablets, 30 Tabs",Vietnam,Air,2015-07-10,0.0,1408,0,177600.0,Not computed
ASN-32269,HETERO LABS LIMITED,"Efavirenz/Lamivudine/Tenofovir Disoproxil Fumarate 600/300/300mg, tablets, 30 Tabs",Vietnam,Air,2015-07-10,0.0,1409,0,177600.0,Not computed
ASN-32270,HETERO LABS LIMITED,"Efavirenz 600mg, tablets, 30 Tabs",Vietnam,Air,2015-07-10,0.0,1410,0,60440.0,Not computed
ASN-30861,IMRES B.V.,"Quinine 600mg/2ml (as dihydrochloride), injection, 2ml x 100 Ampules",Afghanistan,Air,2015-07-12,0.0,1411,0,3681.35,Not computed
ASN-32017,HETERO LABS LIMITED,"Tenofovir Disoproxil Fumarate 300mg, tablets, 30 Tabs",Vietnam,Air,2015-07-13,0.0,1412,0,71505.0,Not computed
ASN-32258,HETERO LABS LIMITED,"Lamivudine 150mg, tablets, 60 Tabs",Vietnam,Air,2015-07-13,0.0,1413,0,122420.0,Not computed
ASN-32259,HETERO LABS LIMITED,"Efavirenz/Lamivudine/Tenofovir Disoproxil Fumarate 600/300/300mg, tablets, 30 Tabs",Vietnam,Air,2015-07-13,0.0,1414,0,177600.0,Not computed
ASN-32260,HETERO LABS LIMITED,"Efavirenz/Lamivudine/Tenofovir Disoproxil Fumarate 600/300/300mg, tablets, 30 Tabs",Vietnam,Air,2015-07-13,0.0,1415,0,177600.0,Not computed
ASN-32261,HETERO LABS LIMITED,"Efavirenz/Lamivudine/Tenofovir Disoproxil Fumarate 600/300/300mg, tablets, 30 Tabs",Vietnam,Air,2015-07-13,0.0,1416,0,177600.0,Not computed
ASN-32262,HETERO LABS LIMITED,"Efavirenz/Lamivudine/Tenofovir Disoproxil Fumarate 600/300/300mg, tablets, 30 Tabs",Vietnam,Air,2015-07-13,0.0,1417,0,124000.0,Not computed
ASN-32954,"Orgenics, Ltd","HIV 1/2, Determine Complete HIV Kit, 100 Tests",Nigeria,Air,2015-07-14,0.0,1418,0,567820.0,Not computed
ASN-32957,"Orgenics, Ltd","HIV 1/2, Determine Complete HIV Kit, 100 Tests",Nigeria,Air,2015-07-14,0.0,1419,0,568532.0,Not computed
ASN-32958,"Orgenics, Ltd","HIV 1/2, Determine Complete HIV Kit, 100 Tests",Nigeria,Air,2015-07-14,0.0,1420,0,568888.0,Not computed
ASN-32959,"Orgenics, Ltd","HIV 1/2, Determine Complete HIV Kit, 100 Tests",Nigeria,Air,2015-07-14,0.0,1421,0,580547.0,Not computed
ASN-32255,ABBVIE LOGISTICS (FORMERLY ABBOTT LOGISTICS BV),"Ritonavir 100mg [Norvir], film coated tablets, 30 Tabs",Vietnam,Air,2015-07-15,0.0,1422,0,9304.0,Not computed
ASN-32748,"Orgenics, Ltd","HIV 1/2, Determine Complete HIV Kit, 100 Tests",Côte d'Ivoire,Air,2015-07-21,0.0,1423,0,560000.0,Not computed
ASN-32760,EMCURE PHARMACEUTICALS LTD,"Atazanavir/Ritonavir 300/100mg, tablets, 30 Tabs",Haiti,Air,2015-07-23,0.0,1424,0,87228.0,Not computed
ASN-32761,EMCURE PHARMACEUTICALS LTD,"Atazanavir/Ritonavir 300/100mg, tablets, 30 Tabs",Haiti,Air,2015-07-23,0.0,1425,0,18936.0,Not computed
ASN-32962,EMCURE PHARMACEUTICALS LTD,"Atazanavir/Ritonavir 300/100mg, tablets, 30 Tabs",Nigeria,Air,2015-07-23,0.0,1426,0,163260.0,Not computed
ASN-33472,PHARMACY DIRECT,"Atazanavir 150mg [Reyataz], capsules, 60 Caps",South Africa,Truck,2015-07-24,0.0,1427,0,2258.88,Not computed
ASN-33473,PHARMACY DIRECT,"Darunavir 600mg [Prezista], tablets, 60 Tabs",South Africa,Truck,2015-07-24,0.0,1428,0,4387.27,Not computed
ASN-33478,PHARMACY DIRECT,"Etravirine 100mg [Intelence], tablets, 120 Tabs",South Africa,Truck,2015-07-24,0.0,1429,0,4918.67,Not computed
ASN-33479,PHARMACY DIRECT,"Etravirine 100mg [Intelence], tablets, 120 Tabs",South Africa,Truck,2015-07-24,0.0,1430,0,27.51,Not computed
ASN-31765,"Trinity Biotech, Plc","HIV 1/2, Uni-Gold HIV Kit, 20 Tests",South Sudan,Air,2015-07-25,0.0,1431,0,17216.0,Not computed
ASN-32776,MYLAN LABORATORIES LTD (FORMERLY MATRIX LABORATORIES),"Lamivudine/Zidovudine 150/300mg, tablets, 60 Tabs",Vietnam,Air,2015-07-27,0.0,1432,0,136509.7,Not computed
ASN-32777,MYLAN LABORATORIES LTD (FORMERLY MATRIX LABORATORIES),"Lamivudine/Nevirapine/Zidovudine 150/200/300mg, tablets, 60 Tabs",Vietnam,Air,2015-07-27,0.0,1433,0,118770.3,Not computed
ASN-33165,EMCURE PHARMACEUTICALS LTD,"Atazanavir/Ritonavir 300/100mg, tablets, 30 Tabs",Uganda,Air,2015-07-27,0.0,1434,0,124326.0,Not computed
ASN-32779,MYLAN LABORATORIES LTD (FORMERLY MATRIX LABORATORIES),"Lamivudine/Zidovudine 150/300mg, tablets, 60 Tabs",Vietnam,Air,2015-07-30,0.0,1435,0,129800.0,Not computed
ASN-32780,MYLAN LABORATORIES LTD (FORMERLY MATRIX LABORATORIES),"Lamivudine/Nevirapine/Zidovudine 150/200/300mg, tablets, 60 Tabs",Vietnam,Air,2015-07-30,0.0,1436,0,142430.4,Not computed
ASN-32782,MYLAN LABORATORIES LTD (FORMERLY MATRIX LABORATORIES),"Lamivudine/Nevirapine/Zidovudine 150/200/300mg, tablets, 60 Tabs",Vietnam,Air,2015-07-30,0.0,1437,0,103809.6,Not computed
ASN-33317,"Trinity Biotech, Plc","HIV 1/2, Uni-Gold HIV Kit, 20 Tests",Zambia,Air,2015-07-31,0.0,1438,0,18720.0,Not computed
ASN-32901,EMCURE PHARMACEUTICALS LTD,"Atazanavir/Ritonavir 300/100mg, tablets, 30 Tabs",Nigeria,Air,2015-08-05,0.0,1439,0,205920.0,Not computed
ASN-32902,EMCURE PHARMACEUTICALS LTD,"Atazanavir/Ritonavir 300/100mg, tablets, 30 Tabs",Nigeria,Air,2015-08-05,0.0,1440,0,82080.0,Not computed
ASN-33413,"CHEMBIO DIAGNOSTIC SYSTEMS, INC.","HIV 1/2, Stat-Pak HIV, Kit, 20 Tests",Nigeria,Air,2015-08-07,0.0,1441,0,50048.0,Not computed
ASN-32495,HETERO LABS LIMITED,"Efavirenz/Lamivudine/Tenofovir Disoproxil Fumarate 600/300/300mg, tablets, 30 Tabs",Haiti,Ocean,2015-08-10,0.0,1442,0,1038825.0,Not computed
ASN-33209,ABBVIE LOGISTICS (FORMERLY ABBOTT LOGISTICS BV),"Ritonavir 100mg [Norvir], film coated tablets, 30 Tabs",Vietnam,Air,2015-08-11,0.0,1443,0,9304.0,Not computed
ASN-33205,ABBVIE LOGISTICS (FORMERLY ABBOTT LOGISTICS BV),"Lopinavir/Ritonavir 200/50mg [Aluvia], tablets, 120 Tabs",Vietnam,Air,2015-08-12,0.0,1444,0,304000.0,Not computed
ASN-32682,HETERO LABS LIMITED,"Lamivudine/Nevirapine/Zidovudine 150/200/300mg, tablets, 60 Tabs",Haiti,Ocean,2015-08-13,0.0,1445,0,884515.2,Not computed
ASN-33152,ABBVIE LOGISTICS (FORMERLY ABBOTT LOGISTICS BV),"Ritonavir 100mg [Norvir], film coated tablets, 30 Tabs",Vietnam,Air,2015-08-13,0.0,1446,0,11630.0,Not computed
DN-4331,SCMS from RDC,"Nevirapine 200mg, tablets, 60 Tabs",Zambia,Truck,2015-08-14,0.0,1447,0,174117.88,Not computed
ASN-31199,AMSTELFARMA B.V.,"Sulfadoxine/Pyrimethamine 500/25mg, tablets, 1000 Tabs",Afghanistan,Air,2015-08-18,0.0,1448,0,936.0,Not computed
ASN-33650,HETERO LABS LIMITED,"Efavirenz 600mg, tablets, 30 Tabs",Zambia,Air,2015-08-18,0.0,1449,0,183144.0,Not computed
ASN-33622,ABBVIE LOGISTICS (FORMERLY ABBOTT LOGISTICS BV),"Lopinavir/Ritonavir 80/20mg/ml [Kaletra], oral solution, cool, Bottle 5 x 60 ml",Zimbabwe,Air,2015-08-20,0.0,1450,0,138597.54,Not computed
ASN-33515,ABBVIE LOGISTICS (FORMERLY ABBOTT LOGISTICS BV),"Lopinavir/Ritonavir 80/20mg/ml [Kaletra], oral solution, cool, Bottle 5 x 60 ml",Rwanda,Air,2015-08-21,0.0,1451,0,10787.0,Not computed
ASN-33517,"Orgenics, Ltd","HIV 1/2, Determine Complete HIV Kit, 100 Tests",Burundi,Air,2015-08-21,0.0,1452,0,161440.0,Not computed
ASN-33245,"Trinity Biotech, Plc","HIV 1/2, Uni-Gold HIV Kit, 20 Tests",Tanzania,Air,2015-08-24,0.0,1453,0,12800.0,Not computed
ASN-33854,PHARMACY DIRECT,"Saquinavir 200mg [Invirase], capsules, 270 Caps",South Africa,Truck,2015-08-24,0.0,1454,0,456.62,Not computed
ASN-33855,PHARMACY DIRECT,"Raltegravir 400mg [Isentress], tablets, 60 Tabs",South Africa,Truck,2015-08-24,0.0,1455,0,116.41,Not computed
ASN-33424,MERCK SHARP & DOHME IDEA GMBH (FORMALLY MERCK SHARP & DOHME B.V.),"Raltegravir 400mg [Isentress], tablets, 60 Tabs",Cameroon,Air,2015-08-26,0.0,1456,0,6660.0,Not computed
ASN-33571,"MSD LATIN AMERICA SERVICES, S. DE R.L. DE C.V.","Efavirenz 30mg/ml [Stocrin/Sustiva], oral solution, Bottle, 180 ml",Haiti,Air,2015-08-26,0.0,1457,0,7123.2,Not computed
ASN-33614,EMCURE PHARMACEUTICALS LTD,"Atazanavir/Ritonavir 300/100mg, tablets, 30 Tabs",Rwanda,Air,2015-08-27,0.0,1458,0,516186.0,Not computed
ASN-33340,EMCURE PHARMACEUTICALS LTD,"Atazanavir/Ritonavir 300/100mg, tablets, 30 Tabs",Rwanda,Air,2015-08-28,0.0,1459,0,298530.0,Not computed
ASN-33483,"Trinity Biotech, Plc","HIV 1/2, Uni-Gold HIV Kit, 20 Tests",Guyana,Air,2015-08-28,0.0,1460,0,49376.0,Not computed
ASN-33776,STRIDES ARCOLAB LIMITED,"Efavirenz 600mg, tablets, 30 Tabs",Uganda,Air,2015-08-28,0.0,1461,0,194515.65,Not computed
ASN-33327,ABBVIE LOGISTICS (FORMERLY ABBOTT LOGISTICS BV),"Lopinavir/Ritonavir 200/50mg [Aluvia], tablets, 120 Tabs",Vietnam,Air,2015-08-31,0.0,1462,0,164160.0,Not computed
DN-4316,SCMS from RDC,"Efavirenz/Lamivudine/Tenofovir Disoproxil Fumarate 600/300/300mg, tablets, 30 Tabs",Zambia,Truck,2015-08-31,0.0,1463,0,6235623.37,Not computed
ASN-33291,Aurobindo Pharma Limited,"Efavirenz 600mg, tablets, 30 Tabs",Vietnam,Air,2015-09-01,0.0,1464,0,9900.0,Not computed
ASN-33599,EMCURE PHARMACEUTICALS LTD,"Atazanavir/Ritonavir 300/100mg, tablets, 30 Tabs",Haiti,Air,2015-09-02,0.0,1465,0,59760.0,Not computed
ASN-33266,HETERO LABS LIMITED,"Lamivudine 150mg, tablets, 60 Tabs",Vietnam,Air,2015-09-03,0.0,1466,0,158004.0,Not computed
ASN-33267,HETERO LABS LIMITED,"Efavirenz/Lamivudine/Tenofovir Disoproxil Fumarate 600/300/300mg, tablets, 30 Tabs",Vietnam,Air,2015-09-03,0.0,1467,0,170544.0,Not computed
ASN-33268,HETERO LABS LIMITED,"Efavirenz/Lamivudine/Tenofovir Disoproxil Fumarate 600/300/300mg, tablets, 30 Tabs",Vietnam,Air,2015-09-03,0.0,1468,0,168720.0,Not computed
ASN-33269,HETERO LABS LIMITED,"Nevirapine 200mg, tablets, 60 Tabs",Vietnam,Air,2015-09-03,0.0,1469,0,135892.0,Not computed
ASN-33143,HETERO LABS LIMITED,"Lamivudine 150mg, tablets, 60 Tabs",Vietnam,Air,2015-09-07,0.0,1470,0,154738.0,Not computed
ASN-33144,HETERO LABS LIMITED,"Efavirenz/Lamivudine/Tenofovir Disoproxil Fumarate 600/300/300mg, tablets, 30 Tabs",Vietnam,Air,2015-09-07,0.0,1471,0,168720.0,Not computed
ASN-33145,HETERO LABS LIMITED,"Efavirenz/Lamivudine/Tenofovir Disoproxil Fumarate 600/300/300mg, tablets, 30 Tabs",Vietnam,Air,2015-09-07,0.0,1472,0,168720.0,Not computed
ASN-33146,HETERO LABS LIMITED,"Efavirenz/Lamivudine/Tenofovir Disoproxil Fumarate 600/300/300mg, tablets, 30 Tabs",Vietnam,Air,2015-09-07,0.0,1473,0,27342.0,Not computed
ASN-33290,Aurobindo Pharma Limited,"Efavirenz 600mg, tablets, 30 Tabs",Vietnam,Air,2015-09-07,0.0,1474,0,16500.0,Not computed
ASN-33666,"MSD LATIN AMERICA SERVICES, S. DE R.L. DE C.V.","Raltegravir 400mg [Isentress], tablets, 60 Tabs",Haiti,Air,2015-09-07,0.0,1475,0,22200.0,Not computed
ASN-33511,ABBVIE LOGISTICS (FORMERLY ABBOTT LOGISTICS BV),"Ritonavir 100mg [Norvir], film coated tablets, 30 Tabs",Vietnam,Air,2015-09-08,0.0,1476,0,10467.0,Not computed
DN-4345,SCMS from RDC,"Lamivudine/Nevirapine/Zidovudine 30/50/60mg, dispersible tablets, 60 Tabs",Rwanda,Air,2015-09-08,0.0,1477,0,31837.800000000003,Not computed
ASN-33526,ABBVIE LOGISTICS (FORMERLY ABBOTT LOGISTICS BV),"Lopinavir/Ritonavir 200/50mg [Aluvia], tablets, 120 Tabs",Vietnam,Air,2015-09-14,0.0,1478,0,291840.0,Not computed
DN-4317,SCMS from RDC,"Efavirenz/Lamivudine/Tenofovir Disoproxil Fumarate 600/300/300mg, tablets, 30 Tabs",Mozambique,Truck,2015-10-22,0.0,1479,0,1343655.0,Not computed
